Frame,Target_X,Target_Y,Gaze_X,Gaze_Y,Distance,Concentration_Percentage
1,856,498,590,863,451.64255778214704,0.0
2,860,501,580,863,457.65052168658127,0.0
3,864,504,594,863,449.2004007121988,0.0
4,868,507,598,863,446.80644579056826,0.0
5,872,510,593,863,449.9444410146657,0.0
6,876,513,582,863,457.0951760848062,0.0
7,880,516,572,863,463.97521485527653,0.0
8,884,519,547,863,481.56515654685813,0.0
9,888,522,525,863,498.0461825975579,0.0
10,892,525,494,863,522.1570644930508,0.0
11,896,528,478,863,535.6762081705701,0.0
12,900,531,452,863,557.609182133867,0.0
13,904,534,444,863,565.5448700147496,0.0
14,908,537,436,863,573.6375162068813,0.0
15,912,540,436,863,575.2434267334135,0.0
16,916,543,431,863,581.0550748423078,0.0
17,920,546,454,863,563.6000354861593,0.0
18,924,549,476,863,547.0831746635972,0.0
19,928,552,531,863,504.31141172890386,0.0
20,932,555,594,863,457.28328200361756,0.0
21,936,558,639,863,425.7158676864183,0.0
22,940,561,673,863,403.10420489000114,0.0
23,944,564,687,863,394.27148007432646,0.0
24,948,567,690,863,392.65761166695853,0.0
25,952,570,690,863,393.0559756574119,0.0
26,956,573,691,863,392.84220750830735,0.0
27,960,576,692,863,392.674165180242,0.0
28,964,579,694,863,391.86222068477076,0.0
29,968,582,696,863,391.0818328687744,0.0
30,972,585,697,863,391.03580398730753,0.0
31,976,588,699,863,390.3255051876574,0.0
32,980,591,687,863,399.7911955008514,0.0
33,984,594,669,863,414.22940504025064,0.0
34,988,597,652,863,428.5463802203911,0.0
35,992,600,637,863,441.80765045435777,0.0
36,996,603,622,863,455.49533477303584,0.0
37,1000,606,615,863,462.8973968386515,0.0
38,1004,609,612,863,467.09742024549865,0.0
39,1008,612,612,863,468.8464567425033,0.0
40,1012,615,614,863,468.94349339765876,0.0
41,1016,618,618,863,467.3638839277164,0.0
42,1020,621,626,863,462.3851208678757,0.0
43,1024,624,634,863,457.4068211122348,0.0
44,1028,627,640,863,454.1365433435191,0.0
45,1032,630,645,863,451.7277941415604,0.0
46,1036,633,666,863,435.6604182158393,0.0
47,1040,636,687,863,419.6879793370308,0.0
48,1044,639,724,863,390.60977970347847,0.0
49,1048,642,761,863,362.2292092032336,0.0
50,1052,645,796,863,336.24395905354197,0.0
51,1056,648,831,863,311.20732639190874,0.0
52,1060,651,862,863,290.08274681545606,10.9024874379196
53,1064,654,904,863,263.2128416320146,25.560758770761634
54,1068,657,944,863,240.44126101815388,34.96115368707359
55,1072,660,976,863,224.5551157288562,40.76904630462915
56,1076,663,1005,863,212.22865028077618,44.98321475847492
57,1080,666,1032,863,202.76340892774513,48.079562331009896
58,1084,669,1058,863,195.73451407454945,50.31095439779083
59,1088,672,1086,863,191.01047091717248,51.78110201121757
60,1092,675,1114,863,189.2828571212935,52.313147397835955
61,1096,678,1139,863,189.9315666233499,52.1137103440249
62,1100,681,1164,863,192.92485583770693,51.18807746287882
63,1104,684,1183,863,195.65786465153911,50.33499184670988
64,1108,687,1197,863,197.2232237846243,49.84285705325733
65,1112,690,1212,863,199.82242116439286,49.01985583406292
66,1116,693,1227,863,203.0295544988463,47.99398246329537
67,1120,696,1243,863,207.40781084616847,46.574104510218085
68,1124,699,1256,863,210.52315787105226,45.549446697029424
69,1128,702,1269,863,214.0140182324513,44.38632203192924
70,1132,705,1277,863,214.45046047980406,44.239751008258985
71,1136,708,1257,863,196.6367208839692,50.02755354441862
72,1140,711,1235,863,179.24564150907548,55.348775111724066
73,1144,714,1209,863,162.5607578722491,60.2064711709798
74,1148,717,1183,863,150.136604464068,63.69030137254966
75,1152,720,1157,863,143.0873858870865,65.6218986750843
76,1156,723,1133,863,141.8767070381886,65.95055990795416
77,1160,726,1111,863,145.49914089093448,64.96452517976726
78,1164,729,1091,863,152.59423318068085,63.00943607525027
79,1168,732,1070,863,163.6001222493431,59.91013140164776
80,1172,735,1052,863,175.45369759569047,56.47239797232615
81,1176,738,1035,863,188.43035848822237,52.57461594798231
82,1180,741,1020,863,201.20636172845033,48.578602963897325
83,1184,744,1005,863,214.94650497274898,44.07284552750005
84,1188,747,982,863,236.4148895480147,36.479780285677904
85,1192,750,961,863,257.1575392633862,28.222114482404407
86,1196,753,938,863,280.471032372329,16.936073118768473
87,1200,756,916,863,303.48805577814755,0.0
88,1204,759,897,863,324.13731658048874,0.0
89,1208,762,879,863,344.15403528071556,0.0
90,1212,765,861,863,364.42420336744925,0.0
91,1216,768,844,863,383.938797206013,0.0
92,1220,771,828,863,402.65121383152444,0.0
93,1224,774,815,863,418.5713798147217,0.0
94,1228,777,802,863,434.59406346612695,0.0
95,1232,780,790,863,449.72547181586236,0.0
96,1236,783,778,863,464.93440397544254,0.0
97,1240,786,767,863,479.22646003742324,0.0
98,1244,789,756,863,493.5787677767349,0.0
99,1248,792,747,863,506.0059288190209,0.0
100,1252,795,737,863,519.4699221321673,0.0
101,1256,798,727,863,532.9784235782909,0.0
102,1260,801,706,863,557.4585186361403,0.0
103,1264,804,683,863,583.9880135756213,0.0
104,1268,801,637,863,634.0386423554955,0.0
105,1272,798,584,863,691.0636728985253,0.0
106,1276,795,539,863,740.13039391718,0.0
107,1280,792,498,863,785.2165306461651,0.0
108,1284,789,462,863,825.3241787322119,0.0
109,1288,786,445,863,846.5093029612847,0.0
110,1292,783,430,863,865.7043375194559,0.0
111,1296,780,419,863,880.9188384862705,0.0
112,1300,777,411,863,893.1500433857684,0.0
113,1304,774,405,863,903.3947088620787,0.0
114,1308,771,400,863,912.6488919622924,0.0
115,1312,768,400,863,916.9345669130377,0.0
116,1316,765,409,863,912.2790143371709,0.0
117,1320,762,416,863,909.6246478630623,0.0
118,1324,759,427,863,903.0088593142373,0.0
119,1328,756,437,863,897.4018052132501,0.0
120,1332,753,447,863,891.8099573339603,0.0
121,1336,750,456,863,887.2254504915873,0.0
122,1340,747,468,863,879.6817606384709,0.0
123,1344,744,483,863,869.1846754286456,0.0
124,1348,741,499,863,857.7208170494639,0.0
125,1352,738,510,863,851.227936571633,0.0
126,1356,735,519,863,846.73077185136,0.0
127,1360,732,523,863,847.189471133819,0.0
128,1364,729,527,863,847.6585397434512,0.0
129,1368,726,527,863,852.0856764433962,0.0
130,1372,723,528,863,855.5325826641555,0.0
131,1376,720,522,863,865.8897158414575,0.0
132,1380,717,518,863,874.2768440259641,0.0
133,1384,714,518,863,878.7246440154048,0.0
134,1388,711,516,863,885.1485750991186,0.0
135,1392,708,511,863,894.5311621178996,0.0
136,1396,705,504,863,905.8852024401326,0.0
137,1400,702,497,863,917.2404264967828,0.0
138,1404,699,489,863,929.5810884479095,0.0
139,1408,696,485,863,937.9861406225574,0.0
140,1412,693,479,863,948.3612181020478,0.0
141,1416,690,475,863,956.7706099165044,0.0
142,1420,687,468,863,968.1322223746093,0.0
143,1424,684,460,863,980.4779446780025,0.0
144,1428,681,453,863,991.8412171310487,0.0
145,1432,678,447,863,1002.2225301798,0.0
146,1436,675,438,863,1015.5530512976661,0.0
147,1440,672,429,863,1028.8838612788131,0.0
148,1444,669,419,863,1043.1974884939093,0.0
149,1448,666,413,863,1053.581510847642,0.0
150,1452,663,406,863,1064.9488250615614,0.0
151,1456,660,403,863,1072.388921986795,0.0
152,1460,657,402,863,1077.8682665335314,0.0
153,1464,654,401,863,1083.3512819025968,0.0
154,1468,651,407,863,1081.9727353311634,0.0
155,1472,648,412,863,1081.58448583548,0.0
156,1476,645,414,863,1084.1439018875676,0.0
157,1472,642,414,863,1080.835325107391,0.0
158,1468,639,418,863,1073.6274959221191,0.0
159,1464,636,421,863,1067.4165072735198,0.0
160,1460,633,423,863,1062.2000753153804,0.0
161,1456,630,424,863,1057.9758976460664,0.0
162,1452,627,426,863,1052.79247717677,0.0
163,1448,624,431,863,1044.7057001854637,0.0
164,1444,621,435,863,1037.6150538614984,0.0
165,1440,618,435,863,1034.4322114087515,0.0
166,1436,615,431,863,1035.1468494856176,0.0
167,1432,612,424,863,1038.7805350505948,0.0
168,1428,609,417,863,1042.4188217794228,0.0
169,1424,606,410,863,1046.061661662447,0.0
170,1420,603,402,863,1050.677876420742,0.0
171,1416,600,397,863,1052.3925123260808,0.0
172,1412,597,391,863,1055.0815134386537,0.0
173,1408,594,384,863,1058.7431227639686,0.0
174,1404,591,375,863,1064.342520056396,0.0
175,1400,588,364,863,1071.8773250703646,0.0
176,1396,585,352,863,1080.3795629314727,0.0
177,1392,582,340,863,1088.882454629516,0.0
178,1388,579,327,863,1098.3519472373143,0.0
179,1384,576,314,863,1107.8217365623407,0.0
180,1380,573,300,863,1118.257573191436,0.0
181,1376,570,287,863,1127.727804037836,0.0
182,1372,567,275,863,1136.2328106510568,0.0
183,1368,564,264,863,1143.7731418423848,0.0
184,1364,561,253,863,1151.3144661646531,0.0
185,1360,558,243,863,1157.8920502361177,0.0
186,1356,555,234,863,1163.506768351607,0.0
187,1352,552,224,863,1170.0876035579558,0.0
188,1348,549,214,863,1176.6698772383018,0.0
189,1344,546,210,863,1177.4739912201883,0.0
190,1340,543,207,863,1177.3228104475,0.0
191,1336,540,197,863,1183.9130035606502,0.0
192,1332,537,174,863,1203.0128843865307,0.0
193,1328,534,176,863,1198.0588466348388,0.0
194,1324,531,176,863,1195.0430954572307,0.0
195,1320,528,180,863,1188.202423831899,0.0
196,1316,525,189,863,1176.5938126643366,0.0
197,1312,522,196,863,1166.93487393256,0.0
198,1308,519,203,863,1157.3076514047593,0.0
199,1304,516,209,863,1148.6661830140208,0.0
200,1300,513,209,863,1145.766555629898,0.0
201,1296,510,209,863,1142.8814461701616,0.0
202,1292,507,209,863,1140.010964859549,0.0
203,1288,504,207,863,1139.0531155306148,0.0
204,1284,501,203,863,1140.0021929803468,0.0
205,1280,498,203,863,1137.169292585761,0.0
206,1276,495,205,863,1132.459712307683,0.0
207,1272,492,201,863,1133.4381324095286,0.0
208,1268,489,191,863,1140.0899087352716,0.0
209,1264,486,174,863,1153.3555392852631,0.0
210,1260,483,162,863,1161.8967251868817,0.0
211,1256,480,149,863,1171.3829433622466,0.0
212,1252,477,148,863,1169.5349503114476,0.0
213,1248,474,148,863,1166.7566155801303,0.0
214,1244,471,153,863,1159.2864184488662,0.0
215,1240,468,158,863,1151.845909833429,0.0
216,1236,465,164,863,1143.4981416688004,0.0
217,1232,462,169,863,1136.1205921908113,0.0
218,1228,459,172,863,1130.6422953348242,0.0
219,1224,456,175,863,1125.188873034212,0.0
220,1220,453,182,863,1116.0394258268836,0.0
221,1216,450,192,863,1104.1489935692555,0.0
222,1212,447,201,863,1093.2415103717933,0.0
223,1208,444,212,863,1080.5447700118677,0.0
224,1204,441,223,863,1067.916195213838,0.0
225,1200,438,237,863,1052.6129393086521,0.0
226,1196,435,252,863,1036.4940906729762,0.0
227,1192,432,265,863,1022.2964345042,0.0
228,1188,429,277,863,1009.0971211929999,0.0
229,1184,426,291,863,994.1921343482858,0.0
230,1180,423,304,863,980.293833500956,0.0
231,1176,420,320,863,963.8386794479666,0.0
232,1172,417,337,863,946.6472415847416,0.0
233,1168,414,353,863,930.4977162787666,0.0
234,1164,411,372,863,911.9035036669176,0.0
235,1160,408,389,863,895.2463348151725,0.0
236,1156,405,408,863,877.0792438542825,0.0
237,1152,402,425,863,860.8426104695329,0.0
238,1148,399,436,863,849.8470450616393,0.0
239,1144,396,444,863,841.480243380675,0.0
240,1140,393,453,863,832.3875299402316,0.0
241,1136,390,468,863,818.5065668643105,0.0
242,1132,387,480,863,807.2669942466371,0.0
243,1128,384,487,863,800.2012246928894,0.0
244,1124,381,489,863,797.2132713396084,0.0
245,1120,378,497,863,789.5277069235759,0.0
246,1116,375,509,863,778.8408052997737,0.0
247,1112,372,522,863,767.581266055914,0.0
248,1108,369,523,863,765.6768247766155,0.0
249,1104,366,521,863,766.0926836878159,0.0
250,1100,363,507,863,775.6603638191139,0.0
251,1096,360,492,863,786.0184476206649,0.0
252,1092,357,479,863,794.8616231772672,0.0
253,1088,354,466,863,803.719478425153,0.0
254,1084,351,453,863,812.5915333056332,0.0
255,1080,348,439,863,822.2566509308392,0.0
256,1076,345,426,863,831.1582280167838,0.0
257,1072,342,420,863,834.5927150412948,0.0
258,1068,339,414,863,838.0286391287591,0.0
259,1064,336,406,863,843.0260968677067,0.0
260,1060,333,400,863,846.4632301523794,0.0
261,1056,330,396,863,848.3448591227509,0.0
262,1052,327,393,863,849.4568853096665,0.0
263,1048,324,389,863,851.3530407533646,0.0
264,1044,321,387,863,851.7118057183427,0.0
265,1040,318,399,863,841.3714993984524,0.0
266,1036,315,414,863,828.9680331593011,0.0
267,1032,312,429,863,816.8292355198852,0.0
268,1028,309,428,863,816.649251514994,0.0
269,1024,306,424,863,818.6873640163259,0.0
270,1020,303,418,863,822.1946241614573,0.0
271,1016,300,417,863,822.0523097710997,0.0
272,1012,297,386,863,843.9383863766359,0.0
273,1008,294,344,863,874.446682193946,0.0
274,1004,291,320,863,891.6501556103717,0.0
275,1000,288,299,863,906.656495040983,0.0
276,996,285,295,863,908.5620507153047,0.0
277,992,282,300,863,903.5623940824452,0.0
278,988,279,299,863,903.2037422420259,0.0
279,984,276,292,863,907.4320911230768,0.0
280,980,273,280,863,915.4780172128657,0.0
281,976,270,289,863,907.5340214008509,0.0
282,972,267,299,863,898.9688537429981,0.0
283,968,264,297,863,899.4676203177077,0.0
284,964,261,287,863,905.9431549495807,0.0
285,960,258,274,863,914.6698858058027,0.0
286,956,255,270,863,916.6569696456794,0.0
287,952,252,261,863,922.3892887496038,0.0
288,944,246,302,863,890.422933217693,0.0
289,940,243,323,863,874.693660660691,0.0
290,936,240,350,863,855.2923476800199,0.0
291,932,237,378,863,835.9377967289194,0.0
292,928,234,398,863,822.5211243487914,0.0
293,924,231,418,863,809.6048418827545,0.0
294,920,228,432,863,800.8551679298823,0.0
295,916,225,443,863,794.2121882721267,0.0
296,912,222,449,863,790.7275131168765,0.0
297,908,219,455,863,787.3658615916745,0.0
298,904,216,455,863,787.5341262446981,0.0
299,900,213,451,863,790.0006329111388,0.0
300,896,210,449,863,791.3393709401802,0.0
301,892,207,448,863,792.1313022472979,0.0
302,888,204,448,863,792.3894244624925,0.0
303,884,201,448,863,792.6790018664555,0.0
304,880,198,450,863,791.9122426127784,0.0
305,876,195,445,863,794.9748423692413,0.0
306,872,192,439,863,798.5799897317738,0.0
307,868,189,430,863,803.8158993202361,0.0
308,864,186,422,863,808.512832303854,0.0
309,860,183,413,863,813.7622502918159,0.0
310,856,180,404,863,819.0195357865404,0.0
311,852,177,394,863,824.8393783034368,0.0
312,848,174,382,863,831.791440206017,0.0
313,844,171,387,863,829.2846314746222,0.0
314,840,168,395,863,825.2575355608697,0.0
315,836,165,405,863,820.3444398543821,0.0
316,832,162,414,863,816.1648117874232,0.0
317,828,159,423,863,812.1828611833668,0.0
318,824,156,431,863,808.8868894969185,0.0
319,820,153,438,863,806.2406588606159,0.0
320,816,150,444,863,804.2095498065165,0.0
321,812,147,453,863,800.960048941269,0.0
322,808,144,455,863,800.9806489547672,0.0
323,804,141,464,863,798.0501237391045,0.0
324,800,138,475,863,794.5124291035352,0.0
325,796,135,491,863,789.3091916353185,0.0
326,792,132,510,863,783.5081365244397,0.0
327,788,129,524,863,780.033332621113,0.0
328,784,126,543,863,775.4031209635411,0.0
329,780,123,555,863,773.4500630292818,0.0
330,776,120,572,863,770.4965931138178,0.0
331,772,117,588,863,768.3566880036901,0.0
332,768,114,602,863,767.1746867565431,0.0
333,764,111,615,863,766.6192014292363,0.0
334,760,108,620,863,767.8704317786953,0.0
335,756,105,619,863,770.2811175148979,0.0
336,732,87,603,863,786.6492229704419,0.0
337,728,84,590,863,791.1289401861115,0.0
338,724,81,577,863,795.6965501998861,0.0
339,720,78,562,863,800.7427801735087,0.0
340,712,72,537,863,810.1271505140412,0.0
341,708,69,517,863,816.6498637727187,0.0
342,704,66,499,863,822.942282301742,0.0
343,700,63,501,863,824.3791603382512,0.0
344,696,60,503,863,825.8680281982104,0.0
345,692,63,501,863,822.4846503126973,0.0
346,688,66,505,863,817.7395673440292,0.0
347,684,69,506,863,813.7075641776964,0.0
348,680,72,503,863,810.5615337529903,0.0
349,676,75,501,863,807.1982408305905,0.0
350,672,78,501,863,803.4089867558117,0.0
351,668,81,501,863,799.6330408381084,0.0
352,664,84,501,863,795.8705924960414,0.0
353,660,87,498,863,792.7294620486865,0.0
354,656,90,501,863,788.3869608257103,0.0
355,652,93,504,863,784.094382073995,0.0
356,648,96,509,863,779.493425244883,0.0
357,644,99,508,863,776.0103092098713,0.0
358,640,102,508,863,772.3632565056419,0.0
359,636,105,509,863,768.5655469769641,0.0
360,632,108,510,863,764.7934361643019,0.0
361,628,111,510,863,761.2016815535815,0.0
362,624,114,509,863,757.7770120556575,0.0
363,620,117,509,863,754.2128346826246,0.0
364,616,120,509,863,750.6650384825444,0.0
365,612,123,509,863,747.1338568154973,0.0
366,608,126,507,863,743.8884324950886,0.0
367,604,129,507,863,740.3816583357532,0.0
368,600,132,505,863,737.147203752412,0.0
369,596,135,504,863,733.7901607407938,0.0
370,592,138,506,863,730.0828720083769,0.0
371,588,141,532,863,724.1684886820194,0.0
372,584,144,560,863,719.4004448149861,0.0
373,576,150,588,863,713.1009746171997,0.0
374,572,153,590,863,710.2281323631162,0.0
375,568,156,592,863,707.4072377350969,0.0
376,564,159,595,863,704.6821978736231,0.0
377,560,162,600,863,702.1402993704321,0.0
378,556,165,604,863,699.6484831685123,0.0
379,552,168,609,863,697.3334926704725,0.0
380,548,171,612,863,694.953235836772,0.0
381,544,174,615,863,692.6485400258922,0.0
382,540,177,619,863,690.5338514511798,0.0
383,536,180,622,863,688.3930563275605,0.0
384,532,183,625,863,686.3300955079851,0.0
385,528,186,628,863,684.3456728876131,0.0
386,524,189,631,863,682.440473594584,0.0
387,520,192,635,863,680.7833722998822,0.0
388,516,195,637,863,678.870385272476,0.0
389,512,198,638,863,676.8315890973174,0.0
390,508,201,639,863,674.8370173604883,0.0
391,504,204,638,863,672.4856875800406,0.0
392,500,207,636,863,669.9492518094188,0.0
393,496,210,633,863,667.2166065079615,0.0
394,492,213,605,863,659.7491947702551,0.0
395,488,216,573,863,652.5595758243074,0.0
396,484,219,535,863,646.0162536654941,0.0
397,480,222,497,863,641.225389391281,0.0
398,476,225,460,863,638.200595424354,0.0
399,472,228,422,863,636.9654621720082,0.0
400,468,231,386,863,637.2974187928271,0.0
401,464,234,352,863,638.8935748620422,0.0
402,460,237,320,863,641.4639506628569,0.0
403,456,240,290,863,644.7363802361397,0.0
404,452,243,261,863,648.753420029521,0.0
405,448,246,247,863,648.9144781864557,0.0
406,444,249,245,863,645.4432585440799,0.0
407,440,252,245,863,641.3626119442885,0.0
408,436,255,260,863,632.9612942352794,0.0
409,432,258,277,863,624.5398305952951,0.0
410,428,261,293,863,616.9513757177303,0.0
411,424,264,308,863,610.1286749530791,0.0
412,420,267,323,863,603.8418667167755,0.0
413,416,270,337,863,598.2390826417144,0.0
414,412,273,351,863,593.1450075656037,0.0
415,408,276,363,863,588.7223454226959,0.0
416,404,279,374,863,584.7700402722425,0.0
417,400,282,382,863,581.278762729209,0.0
418,396,285,390,863,578.0311410296162,0.0
419,392,288,396,863,575.0139128751582,0.0
420,388,291,402,863,572.1713030203455,0.0
421,384,294,406,863,569.4251487245712,0.0
422,380,297,409,863,566.7424459134854,0.0
423,376,300,412,863,564.1498028006391,0.0
424,372,303,415,863,561.648466569615,0.0
425,368,306,417,863,559.1511423577707,0.0
426,364,309,419,863,556.7234501976722,0.0
427,360,312,420,863,554.2571605311022,0.0
428,356,315,422,863,551.9601434886399,0.0
429,352,318,422,863,549.4770240874499,0.0
430,348,321,422,863,547.0283356463356,0.0
431,344,324,422,863,544.6145425895272,0.0
432,340,327,411,863,540.6819767663798,0.0
433,336,330,400,863,536.8286505021877,0.0
434,332,333,387,863,532.8461316365166,0.0
435,328,336,373,863,528.9177629840011,0.0
436,324,339,358,863,525.1018948737474,0.0
437,320,342,343,863,521.5074304360389,0.0
438,316,345,328,863,518.1389774954206,0.0
439,312,348,316,863,515.0155337463133,0.0
440,308,351,306,863,512.003906235099,0.0
441,304,354,300,863,509.01571684968627,0.0
442,300,357,296,863,506.01581002968675,0.0
443,296,360,293,863,503.0089462425097,0.0
444,292,363,288,863,500.0159997440082,0.0
445,288,366,281,863,497.0492933301485,0.0
446,284,369,274,863,494.1012042082067,0.0
447,280,372,268,863,491.1466176204413,0.0
448,276,375,254,863,488.4956499294543,0.0
449,272,378,239,863,486.1213840184363,0.0
450,268,381,225,863,483.9142486019605,0.0
451,264,384,210,863,482.0342311496145,0.0
452,260,387,194,863,480.5538471389028,0.0
453,256,390,174,863,480.05520515874,0.0
454,252,393,154,863,480.10832111097596,0.0
455,248,396,121,863,483.96074220953085,0.0
456,244,399,87,863,489.84181120030985,0.0
457,240,402,50,863,498.6190930961228,0.0
458,236,405,12,863,509.8431131240276,0.0
459,232,408,0,863,510.7337858415086,0.0
460,228,411,0,863,506.24895061619634,0.0
461,224,414,0,863,501.77385344395935,0.0
462,220,417,0,863,497.30875721225743,0.0
463,216,420,0,863,492.8539337369643,0.0
464,212,423,0,863,488.4096641140509,0.0
465,208,426,0,863,483.97623908617663,0.0
466,204,429,0,863,479.55395942479714,0.0
467,200,432,0,863,475.1431363284121,0.0
468,196,435,0,863,470.7440918375928,0.0
469,192,438,0,863,466.3571592674439,0.0
470,188,441,0,863,461.98268365816483,0.0
471,184,444,0,863,457.62102224438945,0.0
472,180,447,0,863,453.2725449439884,0.0
473,176,450,0,863,448.93763486702693,0.0
474,172,453,0,863,444.6166888455718,0.0
475,168,456,0,863,440.31011798504016,0.0
476,164,459,0,863,436.01834823777773,0.0
477,160,462,0,863,431.74182099954135,0.0
478,156,465,0,863,427.48099372954584,0.0
479,152,468,0,863,423.2363405947084,0.0
480,148,471,0,863,419.0083531386934,0.0
481,144,474,0,863,414.79754097631775,0.0
482,140,477,0,863,410.6044325138247,0.0
483,136,480,0,863,406.42957569547025,0.0
484,132,483,0,863,402.27353877678803,0.0
485,128,486,1,863,397.81654063148255,0.0
486,124,489,43,863,382.67087686417943,0.0
487,120,492,87,863,372.46476343407306,0.0
488,116,495,148,863,369.38868417968627,0.0
489,112,498,214,863,378.98416853478193,0.0
490,108,501,280,863,400.78423122672876,0.0
491,104,504,336,863,427.4400542766202,0.0
492,100,507,388,863,457.90828776076984,0.0
493,96,510,433,863,488.0348348222696,0.0
494,92,513,474,863,518.0965161048663,0.0
495,88,516,510,863,546.3451290164487,0.0
496,84,519,544,863,574.4005571027939,0.0
497,80,522,572,863,598.6192445954273,0.0
498,76,525,598,863,621.8745854269974,0.0
499,72,528,623,863,644.8457179822162,0.0
500,68,531,645,863,665.6973786939528,0.0
501,64,534,666,863,686.0357133560905,0.0
502,60,537,684,863,704.0255677175368,0.0
503,64,540,700,863,713.319703919638,0.0
504,68,543,693,863,702.1573897638619,0.0
505,72,546,681,863,686.563908168788,0.0
506,76,549,665,863,667.4705986034141,0.0
507,80,552,648,863,647.5685291920848,0.0
508,84,555,629,863,626.0103833004689,0.0
509,88,558,610,863,604.573403318406,0.0
510,92,561,590,863,582.4156591301439,0.0
511,96,564,571,863,561.2717701791174,0.0
512,100,567,552,863,540.296215052447,0.0
513,104,570,533,863,519.5093839383462,0.0
514,108,573,514,863,498.9348654884723,0.0
515,112,576,494,863,477.8001674340435,0.0
516,116,579,475,863,457.7521163249822,0.0
517,120,582,457,863,438.78240621064106,0.0
518,124,585,439,863,420.12974186553373,0.0
519,128,588,420,863,401.10971067776455,0.0
520,132,591,403,863,383.9596332949598,0.0
521,136,594,387,863,367.9157512257392,0.0
522,140,597,371,863,352.30242690052535,0.0
523,144,600,356,863,337.80615743351984,0.0
524,148,603,342,863,324.4009864349984,0.0
525,152,606,328,863,311.4883625434504,0.0
526,156,609,315,863,299.6614756687953,1.213681164743592
527,160,612,302,863,288.38342532122056,12.082921168923244
528,164,615,292,863,279.08421668019855,17.708401966701693
529,168,618,283,863,270.64737205448716,22.072002049049647
530,172,621,274,863,262.6175927084855,25.828840276163824
531,176,624,266,863,255.38402455909414,28.97610051593228
532,180,627,259,863,248.8714527622644,31.65938169051789
533,184,630,252,863,242.72000329597887,34.08577118078786
534,188,633,245,863,236.95780215050948,36.277016211096885
535,192,636,240,863,232.01939574095957,38.09969050666139
536,196,639,235,863,227.36974292988063,39.77384823715262
537,200,642,230,863,223.02690420664499,41.30394221449822
538,204,645,227,863,219.20994502987313,42.623962570942275
539,208,648,224,863,215.59452683219953,43.854289594514114
540,212,651,220,863,212.1508896988179,45.009114966949696
541,216,654,217,863,209.00239233080563,46.0511699470884
542,220,657,214,863,206.08736011701444,47.00475745997041
543,224,660,212,863,203.35437049643167,47.88942547809258
544,228,663,209,863,200.90047287151916,48.67631723561392
545,232,666,207,863,198.57995870681412,49.41418574730409
546,236,669,204,863,196.6214637317096,50.0323532942956
547,240,672,202,863,194.74342094150447,50.62128875125937
548,244,675,202,863,192.634368688456,51.27829987786765
549,248,678,202,863,190.63315556324403,51.897552566638396
550,252,681,203,863,188.48076824970764,52.5591743438193
551,256,684,203,863,186.6815470259447,53.10881342960454
552,260,687,202,863,185.31055015837603,53.525587098988716
553,264,690,202,863,183.77431811871864,53.99052508956738
554,268,693,202,863,182.36227680087788,54.41598328836431
555,272,696,201,863,181.46625030566977,54.685035632559135
556,276,699,202,863,179.9222054111165,55.147006285324494
557,280,702,201,863,179.3376703316958,55.32135303386036
558,284,705,202,863,178.01123560045303,55.715890415095494
559,288,708,202,863,177.2596964907703,55.93876318130815
560,292,711,203,863,176.13914953808538,56.27018226940245
561,296,714,203,863,175.64168070250295,56.416979781246326
562,300,717,204,863,174.73408368146153,56.68427315436196
563,304,720,205,863,173.92527130926086,56.921903131270966
564,308,723,205,863,173.80736463107655,56.956499624243165
565,312,726,205,863,173.83325343558406,56.948904231650666
566,316,729,205,863,174.0028735394907,56.89912669775574
567,320,732,205,863,174.3158053648607,56.80723061881512
568,324,735,205,863,174.77127910500627,56.67333220275018
569,328,738,205,863,175.3681841155915,56.49759800819798
570,332,741,205,863,176.1050822662424,56.280241715669575
571,336,744,204,863,177.72169254201918,55.80181264130972
572,340,747,205,863,177.99157283422156,55.72172762036814
573,344,750,205,863,179.13681921927719,55.381191747877125
574,348,753,205,863,180.41341413542398,55.00026577253766
575,352,756,205,863,181.81859090863068,54.579322562883505
576,356,759,205,863,183.34939323597447,54.11874736268839
577,360,762,205,863,185.00270268296083,53.61893039227156
578,364,765,208,863,184.22811946062956,53.85340794879932
579,368,768,212,863,182.64993840677855,54.32945439670809
580,372,771,216,863,181.10770276274835,54.79249813302835
581,376,774,221,863,178.73443988218946,55.500966307992584
582,380,777,225,863,177.2596964907703,55.93876318130815
583,384,780,228,863,176.70597047072292,56.10266797077904
584,388,783,230,863,177.09884245810304,55.98640314505959
585,392,786,232,863,177.56407294269863,55.84855649798482
586,396,789,233,863,179.0111728356641,55.41860734217591
587,400,792,240,863,175.04570831642803,56.59257427207326
588,404,795,249,863,169.26015479137433,58.28225713356973
589,408,798,283,863,140.8900280360537,66.21776129239508
590,412,801,324,863,107.64757312638311,74.90911565203369
591,416,804,371,863,74.2024258363566,83.13592075881681
592,420,801,418,863,62.03224967708329,86.02168645371783
593,424,798,466,863,77.38862965578342,82.3714967358996
594,428,795,512,863,108.07404868885037,74.80111828933128
595,432,792,557,863,143.75673897247393,65.43980944146743
596,436,789,600,863,179.9222054111165,55.147006285324494
597,440,786,614,863,190.2761151589973,52.00761626340393
598,444,783,610,863,184.27153876819935,53.84027885167073
599,448,780,603,863,175.82377541163197,56.363269550370134
600,452,777,592,863,164.30459518832697,59.70882516512227
601,456,774,581,863,153.44705927452634,62.772241041305364
602,460,771,569,863,142.63590010933433,65.74456628770304
603,464,768,557,863,132.94359706281458,68.34900809070038
604,468,765,545,863,124.63145670335399,70.54070338796737
605,472,762,533,863,117.99152511939153,72.26545331158157
606,476,759,521,863,113.3181362359971,73.46619846145872
607,480,756,509,863,110.86027241532469,74.09347741273415
608,484,753,497,863,110.76551810017412,74.11760264506756
609,488,750,486,863,113.01769772916099,73.54302869415366
610,492,747,474,863,117.38824472663352,72.42105706812606
611,496,744,463,863,123.4908903522847,70.83857482699221
612,500,741,452,863,131.10301293257908,68.83755253578599
613,504,738,442,863,139.5313584826006,66.58475388897898
614,508,735,432,863,148.86235252742716,64.04178261638748
615,512,732,422,863,158.93709447451215,61.23356161143545
616,516,729,413,863,169.01183390520322,58.354187247458
617,520,726,404,863,179.51323071016242,55.26902052075749
618,524,723,395,863,190.370691021491,51.978473886566015
619,528,720,386,863,201.52667317256046,48.47616791995368
620,532,717,379,863,211.482859825566,45.23129037958319
621,536,714,372,863,221.5784285529618,41.80750841483165
622,540,711,365,863,231.79516819813134,38.18132775482398
623,544,708,358,863,242.11773995310628,34.318298426237384
624,548,705,352,863,251.75384803414624,30.48750796060937
625,552,702,346,863,261.45171638373307,26.349626531280823
626,556,699,340,863,271.20471972294285,21.79867196384575
627,560,696,334,863,281.0071173475861,16.63241297004858
628,564,693,328,863,290.8539152220578,10.343656248505209
629,568,690,323,863,299.92332353453276,0.4622762054561874
630,572,687,317,863,309.84028143545186,0.0
631,576,684,312,863,318.96238022688505,0.0
632,580,681,307,863,328.105166067223,0.0
633,584,678,302,863,337.26695657890946,0.0
634,588,675,299,863,344.7680379617577,0.0
635,592,672,295,863,353.1147122395214,0.0
636,596,669,309,863,346.41737831696605,0.0
637,600,666,329,863,335.0373113550191,0.0
638,604,663,369,863,308.58548248418947,0.0
639,608,660,415,863,280.10355228022365,17.142544627114773
640,612,657,463,863,254.23807739990482,29.457708133863864
641,616,654,511,863,233.89313799254566,37.413766972373104
642,620,651,558,863,220.8800579500105,42.049134271574076
643,624,648,605,863,215.83790213954546,43.7720557274148
644,628,645,649,863,219.0091322296858,42.69279798458578
645,632,642,689,863,228.23233776132602,39.46616291136282
646,636,639,726,863,241.40422531513403,34.59268559477211
647,640,636,758,863,255.8378392654222,28.78418177285021
648,644,633,787,863,270.83020511013905,21.98254032017621
649,648,630,813,863,285.50656735003486,13.951872580909091
650,652,627,836,863,299.2524018282894,2.0312133130089967
651,656,624,856,863,311.64242329952447,0.0
652,660,621,852,863,308.9142275778181,0.0
653,664,618,844,863,304.0148022712052,0.0
654,668,615,831,863,296.7709554521803,5.25737926798436
655,672,612,815,863,288.87713651308576,11.746594557972468
656,676,609,800,863,282.65172916506276,15.681503894914353
657,680,606,783,863,276.87181149405586,18.90441472953093
658,684,603,766,863,272.6242835845699,21.093990939089423
659,688,600,747,863,269.5366394388711,22.61136400374335
660,692,597,727,863,268.2927505543152,23.207280659739467
661,696,594,706,863,269.1858094328154,22.780286465236884
662,700,591,686,863,272.360055808483,21.22610653307556
663,704,588,668,863,277.34635386101615,18.651379443051695
664,708,585,650,863,283.9859151436916,14.886670161388126
665,712,582,644,863,289.110705439975,11.585666400838218
666,716,579,641,863,293.73627627516487,8.08746418660665
667,720,576,643,863,297.1497938750757,4.847756075257608
668,724,573,647,863,300.048329440442,0.0
669,728,570,652,863,302.6962173533062,0.0
670,732,567,657,863,305.35389304870506,0.0
671,736,564,662,863,308.021103173143,0.0
672,740,561,667,863,310.6976021793538,0.0
673,744,558,672,863,313.38315206788,0.0
674,748,555,676,863,316.30365157550744,0.0
675,752,552,679,863,319.4526568992658,0.0
676,756,549,680,863,323.066556610244,0.0
677,760,546,680,863,326.9388321995416,0.0
678,764,543,680,863,330.84135170803546,0.0
679,768,540,679,863,335.0373113550191,0.0
680,772,537,677,863,339.5600094239603,0.0
681,776,534,676,863,343.8618908806267,0.0
682,780,531,674,863,348.51111890440455,0.0
683,784,528,674,863,352.59750424527965,0.0
684,788,525,675,863,356.38883259720694,0.0
685,792,522,676,863,360.1902275187377,0.0
686,796,519,676,863,364.3295211755424,0.0
687,800,516,677,863,368.1548587211637,0.0
688,804,513,678,863,371.9892471564198,0.0
689,808,510,678,863,376.17682012585516,0.0
690,812,507,679,863,380.0328933131973,0.0
691,816,504,679,863,384.252521136817,0.0
692,820,501,680,863,388.1288445864337,0.0
693,824,498,681,863,392.01275489453144,0.0
694,828,495,682,863,395.9040287746514,0.0
695,832,492,682,863,400.176211187022,0.0
696,836,489,685,863,403.33236914485303,0.0
697,840,486,688,863,406.4886222269942,0.0
698,844,483,692,863,409.2725253422223,0.0
699,848,480,696,863,412.0594617285229,0.0
700,852,477,700,863,414.8493702538308,0.0
701,856,474,703,863,418.0071769718793,0.0
702,860,471,706,863,421.16505078175703,0.0
703,864,468,708,863,424.6892981933969,0.0
704,868,465,710,863,428.214899320423,0.0
705,872,462,711,863,432.113411039278,0.0
706,876,459,711,863,436.3954628545077,0.0
707,880,456,710,863,441.0770907675891,0.0
708,884,453,709,863,445.7858230136979,0.0
709,888,450,708,863,450.5208097302499,0.0
710,892,447,707,863,455.2812317677943,0.0
711,896,444,706,863,460.06629956996414,0.0
712,900,441,706,863,464.45667182203334,0.0
713,904,438,705,863,469.282430951767,0.0
714,908,435,705,863,473.70138272966864,0.0
715,912,432,705,863,478.13178099766594,0.0
716,916,429,705,863,482.5733104928204,0.0
717,920,426,732,863,475.72365928131006,0.0
718,924,423,765,863,467.8471972770597,0.0
719,928,420,803,863,460.2977297358743,0.0
720,932,417,846,863,454.2158077390086,0.0
721,936,414,890,863,451.3501966322824,0.0
722,940,411,933,863,452.05420029018643,0.0
723,944,408,992,863,457.5248627123995,0.0
724,948,405,1056,863,470.56136688002766,0.0
725,952,402,1126,803,437.12355232817185,0.0
726,956,399,1194,726,404.4415903440199,0.0
727,960,396,1265,648,395.63746030930895,0.0
728,964,393,1333,575,411.44258408677143,0.0
729,968,390,1398,505,445.1123453691214,0.0
730,972,387,1461,434,491.25349871527635,0.0
731,976,384,1522,366,546.2966227243218,0.0
732,980,381,1535,300,560.8796662386684,0.0
733,984,378,1535,238,568.5076956383265,0.0
734,988,375,1535,180,580.7185204554785,0.0
735,992,372,1535,125,596.5383474681238,0.0
736,996,369,1535,70,616.3781306957605,0.0
737,1000,366,1535,30,631.7602393313464,0.0
738,1004,363,1535,0,643.2184698840667,0.0
739,1008,360,1535,34,619.6813697377064,0.0
740,1012,357,1535,89,587.6674229528127,0.0
741,1016,354,1535,153,556.5626649354051,0.0
742,1020,351,1535,219,531.6474395687428,0.0
743,1024,348,1535,281,515.3736508592576,0.0
744,1028,345,1535,340,507.02465423290806,0.0
745,1032,342,1535,397,505.9980237115556,0.0
746,1036,339,1535,451,511.414704520705,0.0
747,1040,336,1535,503,522.4117150294392,0.0
748,1044,333,1520,558,526.4988129141414,0.0
749,1048,330,1487,612,521.7710225759955,0.0
750,1052,327,1454,667,526.5016619157057,0.0
751,1056,324,1421,721,539.2902743421208,0.0
752,1060,321,1391,773,560.2365571791973,0.0
753,1064,318,1361,822,585.0,0.0
754,1068,315,1332,863,608.276253029822,0.0
755,1072,312,1305,863,598.2390826417144,0.0
756,1076,309,1279,863,590.0211860602973,0.0
757,1080,306,1253,863,583.2478032534714,0.0
758,1084,303,1229,863,578.4678037713076,0.0
759,1088,300,1205,863,575.0286949361745,0.0
760,1092,297,1182,863,573.1108095298849,0.0
761,1096,294,1159,863,572.4770737767583,0.0
762,1100,291,1137,863,573.1954291513497,0.0
763,1104,288,1116,863,575.1252037600161,0.0
764,1108,285,1095,863,578.1461752878765,0.0
765,1112,282,1075,863,582.176949045563,0.0
766,1116,279,1055,863,587.1771453317984,0.0
767,1120,276,1037,863,592.8389325946804,0.0
768,1124,273,1018,863,599.4464112829436,0.0
769,1128,270,1001,863,606.4470298385507,0.0
770,1132,267,985,863,613.8607333915405,0.0
771,1136,264,970,863,621.5762221964414,0.0
772,1140,261,955,863,629.7848839087836,0.0
773,1144,258,941,863,638.148885449156,0.0
774,1148,255,934,863,644.5618666970611,0.0
775,1152,252,931,863,649.7399479791895,0.0
776,1156,249,930,863,654.272114643441,0.0
777,1160,246,929,863,658.824711133394,0.0
778,1164,243,929,863,663.0422309325402,0.0
779,1168,240,936,863,664.7954572648642,0.0
780,1172,237,943,863,666.5710764802205,0.0
781,1176,234,950,863,668.3689101087812,0.0
782,1180,231,960,863,669.196533164959,0.0
783,1184,228,972,863,669.4542553453522,0.0
784,1188,225,984,863,669.8208715768717,0.0
785,1192,222,997,863,670.0044775969784,0.0
786,1196,219,1010,863,670.3223105342682,0.0
787,1200,216,1025,863,670.2492073848354,0.0
788,1204,213,1040,863,670.3700470635603,0.0
789,1208,210,1058,863,670.0067163842464,0.0
790,1212,207,1077,863,669.7469671450555,0.0
791,1216,204,1095,863,670.0164177092977,0.0
792,1220,201,1113,863,670.5915299196673,0.0
793,1224,198,1131,863,671.4715183833191,0.0
794,1228,195,1148,863,672.7733645143809,0.0
795,1232,192,1167,863,674.1409348200123,0.0
796,1236,189,1185,863,675.9267711816126,0.0
797,1240,186,1202,863,678.0656310417156,0.0
798,1244,183,1217,863,680.5358183078978,0.0
799,1248,180,1234,863,683.1434695581888,0.0
800,1252,177,1249,863,686.0065597354007,0.0
801,1256,174,1264,863,689.0464425566684,0.0
802,1260,171,1274,863,692.1416040088907,0.0
803,1264,168,1284,863,695.2877102322462,0.0
804,1268,165,1290,863,698.3466188075947,0.0
805,1272,162,1296,863,701.4107213323731,0.0
806,1276,159,1299,863,704.3756100263552,0.0
807,1280,156,1301,863,707.3118124278711,0.0
808,1284,153,1307,863,710.3724375283715,0.0
809,1288,150,1314,863,713.4738958083891,0.0
810,1292,147,1314,863,716.3379090903957,0.0
811,1296,144,1307,863,719.0841397221885,0.0
812,1300,141,1259,863,723.1631904349115,0.0
813,1304,138,1196,863,733.0,0.0
814,1308,135,1133,863,748.7382720283504,0.0
815,1312,132,1096,863,762.2447113624338,0.0
816,1316,129,1067,863,775.0851566118397,0.0
817,1320,126,1053,863,783.8737143188308,0.0
818,1324,123,1045,863,790.8482787488382,0.0
819,1328,120,1048,863,794.0081863557831,0.0
820,1332,117,1052,863,796.8161644946719,0.0
821,1336,114,1057,863,799.2759223196955,0.0
822,1340,111,1061,863,802.0879004198979,0.0
823,1344,108,1069,863,803.5234906335968,0.0
824,1348,105,1081,863,803.6497993529271,0.0
825,1352,102,1093,863,803.8669044064446,0.0
826,1356,99,1108,863,803.2434251209281,0.0
827,1360,96,1122,863,803.0772067491393,0.0
828,1364,93,1135,863,803.3311894853828,0.0
829,1368,90,1148,863,803.6970822393223,0.0
830,1372,87,1160,863,804.4376918071405,0.0
831,1376,84,1171,863,805.5221908799285,0.0
832,1380,81,1184,863,806.1885635507366,0.0
833,1384,78,1196,863,807.1982408305905,0.0
834,1388,75,1208,863,808.2969751273353,0.0
835,1392,72,1219,863,809.6974743692856,0.0
836,1396,69,1229,863,811.3722943261004,0.0
837,1400,66,1239,863,813.0990099612716,0.0
838,1404,63,1211,863,822.9513958916407,0.0
839,1408,60,1182,863,834.1972188877161,0.0
840,1412,63,1130,863,848.2476053606046,0.0
841,1416,66,1076,863,866.4923542651718,0.0
842,1420,69,1028,863,885.4942122905152,0.0
843,1424,72,983,863,905.6279589323642,0.0
844,1428,75,974,863,909.4283919033977,0.0
845,1432,78,974,863,908.8393697458314,0.0
846,1436,81,1000,863,895.3323405305987,0.0
847,1440,84,1031,863,879.8420312760695,0.0
848,1444,87,1064,863,864.0462950559998,0.0
849,1448,90,1095,863,849.7870321439366,0.0
850,1452,93,1126,863,836.1674473453269,0.0
851,1456,96,1158,863,822.856609622843,0.0
852,1460,99,1189,863,810.6398707194212,0.0
853,1464,102,1218,863,799.7730928207075,0.0
854,1468,105,1244,863,790.4049594986104,0.0
855,1472,108,1271,863,781.297638547564,0.0
856,1476,111,1298,863,772.7793993113429,0.0
857,1472,114,1324,863,763.4821543428503,0.0
858,1468,117,1353,863,754.8118970975484,0.0
859,1464,120,1381,863,747.6215620218561,0.0
860,1460,123,1409,863,741.7553505031157,0.0
861,1456,126,1437,863,737.2448711249201,0.0
862,1452,129,1464,863,734.0980860893181,0.0
863,1448,132,1490,863,732.2055722268167,0.0
864,1444,135,1515,863,731.4540313649245,0.0
865,1440,138,1535,863,731.1976476986233,0.0
866,1436,141,1535,863,728.7557889993053,0.0
867,1432,144,1503,863,722.4970588175429,0.0
868,1428,147,1444,863,716.1787486375172,0.0
869,1424,150,1381,863,714.2954570764117,0.0
870,1420,153,1318,863,717.2893418976752,0.0
871,1416,156,1256,863,724.8786105273075,0.0
872,1412,159,1196,863,736.3912003819709,0.0
873,1408,162,1142,863,749.7712984637382,0.0
874,1404,165,1134,863,748.4009620517601,0.0
875,1400,168,1137,863,743.0975709824384,0.0
876,1396,171,1150,863,734.4249451101181,0.0
877,1392,174,1165,863,725.4309064273455,0.0
878,1388,177,1180,863,716.8402890463119,0.0
879,1384,180,1196,863,708.4017221887592,0.0
880,1380,183,1212,863,700.445572475121,0.0
881,1376,186,1228,863,692.9884558923042,0.0
882,1372,189,1244,863,686.0466456444489,0.0
883,1368,192,1260,863,679.6359319518061,0.0
884,1364,195,1274,863,674.0356073680381,0.0
885,1360,198,1290,863,668.674061108998,0.0
886,1356,201,1305,863,663.9615952749075,0.0
887,1352,204,1318,863,659.8765035974535,0.0
888,1348,207,1330,863,656.2469047546053,0.0
889,1344,210,1339,863,653.0191421390341,0.0
890,1340,213,1347,863,650.0376912149018,0.0
891,1336,216,1354,863,647.2503379682393,0.0
892,1332,219,1360,863,644.608408260395,0.0
893,1328,222,1364,863,642.0101245307585,0.0
894,1324,225,1364,863,639.2526886920383,0.0
895,1320,228,1362,863,636.3874605929944,0.0
896,1316,231,1361,863,633.6000315656557,0.0
897,1312,234,1358,863,630.6797919705372,0.0
898,1308,237,1356,863,627.8375586089128,0.0
899,1304,240,1353,863,624.923995378638,0.0
900,1300,243,1351,863,622.0940443373494,0.0
901,1296,246,1349,863,619.2721534188341,0.0
902,1292,249,1347,863,616.458433310795,0.0
903,1288,252,1346,863,613.7466904187753,0.0
904,1284,255,1343,863,610.8559568343425,0.0
905,1280,258,1340,863,607.9679267856159,0.0
906,1276,261,1337,863,605.0826389841309,0.0
907,1272,264,1333,863,602.097998667991,0.0
908,1268,267,1331,863,599.3204485081416,0.0
909,1264,270,1329,863,596.5517580227217,0.0
910,1260,273,1329,863,594.0210433982958,0.0
911,1256,276,1329,863,591.5217662943604,0.0
912,1252,279,1329,863,589.0543268663765,0.0
913,1248,282,1329,863,586.6191268617142,0.0
914,1244,285,1329,863,584.2165694329458,0.0
915,1240,288,1329,863,581.8470589424682,0.0
916,1236,291,1329,863,579.511000758398,0.0
917,1232,294,1329,863,577.2088010417027,0.0
918,1228,297,1329,863,574.9408665245496,0.0
919,1224,300,1329,863,572.7076042798803,0.0
920,1220,303,1329,863,570.5094214822399,0.0
921,1216,306,1325,863,567.5649742540496,0.0
922,1212,309,1322,863,564.8150139647494,0.0
923,1208,312,1322,863,562.6695300085122,0.0
924,1204,315,1322,863,560.5604338516945,0.0
925,1200,318,1322,863,558.4881377433186,0.0
926,1196,321,1322,863,556.4530528265615,0.0
927,1192,324,1322,863,554.4555888436873,0.0
928,1188,327,1322,863,552.4961538327665,0.0
929,1184,330,1322,863,550.5751538164432,0.0
930,1180,333,1322,863,548.692992483046,0.0
931,1176,336,1322,863,546.8500708603776,0.0
932,1172,339,1322,863,545.0467869825488,0.0
933,1168,342,1322,863,543.2835355502687,0.0
934,1164,345,1312,863,538.7281318067584,0.0
935,1160,348,1301,863,533.9531814681883,0.0
936,1156,351,1232,863,517.6098917138273,0.0
937,1152,354,1160,863,509.0628644872851,0.0
938,1148,357,1082,863,510.28619420870086,0.0
939,1144,360,1006,863,521.5870013717749,0.0
940,1140,363,934,863,540.7735200617723,0.0
941,1136,366,863,863,567.0432082302018,0.0
942,1132,369,797,863,596.876034030518,0.0
943,1128,372,733,863,630.1634708549838,0.0
944,1124,375,672,863,665.1676480407026,0.0
945,1120,378,611,863,703.0689866577817,0.0
946,1116,381,552,863,741.9029586138607,0.0
947,1112,384,498,863,778.7406500241271,0.0
948,1108,387,446,863,815.3649489645726,0.0
949,1104,390,395,863,852.2968966269912,0.0
950,1100,393,349,863,885.9463866397334,0.0
951,1096,396,305,863,918.5695401002582,0.0
952,1092,399,279,863,936.090273424524,0.0
953,1088,402,259,863,948.5578527427834,0.0
954,1084,405,249,863,952.359700953374,0.0
955,1080,408,244,863,951.7988232814747,0.0
956,1076,411,243,863,947.7304469098796,0.0
957,1072,414,237,863,948.0643438079506,0.0
958,1068,417,231,863,948.4118303775001,0.0
959,1064,420,206,863,965.6153478481998,0.0
960,1060,423,179,863,984.7644388380401,0.0
961,1056,426,168,863,989.7034909506988,0.0
962,1052,429,161,863,991.0787052499917,0.0
963,1048,432,163,863,984.3708650706806,0.0
964,1044,435,170,863,973.1700776328873,0.0
965,1040,438,180,863,959.2835868501035,0.0
966,1036,441,190,863,945.4099639838794,0.0
967,1032,444,200,863,931.5497839621885,0.0
968,1028,447,211,863,916.8124126559369,0.0
969,1024,450,217,863,906.5417806146609,0.0
970,1020,453,221,863,898.0540072846399,0.0
971,1016,456,224,863,890.456624434902,0.0
972,1012,459,226,863,883.7488330968251,0.0
973,1008,462,228,863,877.0410480701573,0.0
974,1004,465,229,863,871.2227040200456,0.0
975,1000,468,230,863,865.4045296853951,0.0
976,996,471,230,863,860.4766121167966,0.0
977,992,474,230,863,855.5495310033195,0.0
978,988,477,221,863,858.6530149018287,0.0
979,984,480,209,863,864.4732500199182,0.0
980,980,483,195,863,872.1381771256204,0.0
981,976,486,180,863,880.763873010241,0.0
982,972,489,167,863,887.6378766141066,0.0
983,968,492,154,863,894.5596682167154,0.0
984,964,495,142,863,900.6153451946063,0.0
985,960,498,127,863,909.458080397332,0.0
986,956,501,113,863,917.4382813028895,0.0
987,952,504,94,863,930.0779537221598,0.0
988,948,507,70,863,947.4280975356388,0.0
989,944,510,46,863,964.8901491879789,0.0
990,940,513,31,863,974.0538999459937,0.0
991,936,516,17,863,982.3288655027908,0.0
992,932,519,11,863,983.1464794220645,0.0
993,928,522,7,863,982.1008094895351,0.0
994,924,525,3,863,981.0631987797728,0.0
995,920,528,2,863,977.2149200662053,0.0
996,916,531,0,863,974.3100122650901,0.0
997,912,534,3,863,966.7067807768807,0.0
998,908,537,5,863,960.0442698125956,0.0
999,904,540,5,863,955.2643613157564,0.0
1000,900,543,17,863,939.1959326998813,0.0
1001,896,546,31,863,921.2567503144821,0.0
1002,892,549,49,863,899.5804577690647,0.0
1003,888,552,61,863,883.5440000362178,0.0
1004,884,555,72,863,868.451495479166,0.0
1005,880,558,83,863,853.3662754058189,0.0
1006,876,561,95,863,837.3559577622888,0.0
1007,872,564,105,863,823.2192903473533,0.0
1008,868,567,114,863,810.019752845571,0.0
1009,864,570,122,863,797.754974913977,0.0
1010,860,573,127,863,788.2823098357593,0.0
1011,856,576,132,863,778.8099896637176,0.0
1012,852,579,137,863,769.3380271376166,0.0
1013,848,582,142,863,759.8664356319471,0.0
1014,844,585,146,863,751.3241643924412,0.0
1015,840,588,151,863,741.853085186009,0.0
1016,836,591,156,863,732.3824137702926,0.0
1017,832,594,156,863,727.5554961650691,0.0
1018,828,597,156,863,722.7309319518572,0.0
1019,824,600,154,863,719.7701021854131,0.0
1020,820,603,152,863,716.8151784107254,0.0
1021,816,606,152,863,712.0007022468448,0.0
1022,812,609,152,863,707.1888008163025,0.0
1023,808,612,149,863,705.1822459478117,0.0
1024,804,615,146,863,703.1841863978456,0.0
1025,800,618,141,863,703.0689866577817,0.0
1026,796,621,137,863,702.0292016718392,0.0
1027,792,624,132,863,701.9408807015018,0.0
1028,788,627,127,863,701.866796479218,0.0
1029,784,630,120,863,703.6938254667295,0.0
1030,780,633,114,863,704.5963383384844,0.0
1031,776,636,107,863,706.463020971374,0.0
1032,772,639,101,863,707.4015832608802,0.0
1033,768,642,95,863,708.3572544980393,0.0
1034,764,645,89,863,709.3299655308522,0.0
1035,760,648,89,863,704.6034345644364,0.0
1036,756,651,89,863,699.8807041203522,0.0
1037,752,654,93,863,691.3479587009714,0.0
1038,748,657,98,863,681.8621561576797,0.0
1039,744,660,103,863,672.3763826905284,0.0
1040,740,663,108,863,662.8906395477311,0.0
1041,736,666,116,863,650.5451560037935,0.0
1042,732,669,122,863,640.1062411818838,0.0
1043,728,672,130,863,627.7618975375934,0.0
1044,724,675,141,863,612.5626498571391,0.0
1045,720,678,154,863,595.467043588476,0.0
1046,716,681,171,863,574.5859378717861,0.0
1047,712,684,188,863,553.7300786484332,0.0
1048,708,687,202,863,535.7350091229805,0.0
1049,704,690,217,863,516.8152474530913,0.0
1050,700,693,225,863,504.5047076093542,0.0
1051,696,696,233,863,492.19711498544973,0.0
1052,692,699,233,863,487.41871117141164,0.0
1053,688,702,236,863,479.8176737053357,0.0
1054,684,705,240,863,471.2748667179271,0.0
1055,680,708,250,863,457.083143421413,0.0
1056,676,711,260,863,442.8995371413251,0.0
1057,672,714,269,863,429.66265837282157,0.0
1058,668,717,277,863,417.3691411688219,0.0
1059,664,720,282,863,407.8884651470301,0.0
1060,660,723,287,863,398.4080822473359,0.0
1061,656,726,290,863,390.80046059338264,0.0
1062,652,729,296,863,380.38401648860065,0.0
1063,648,732,302,863,369.9689176133584,0.0
1064,644,735,309,863,358.62096982747676,0.0
1065,640,738,315,863,348.209706929603,0.0
1066,636,741,321,863,337.80023682644156,0.0
1067,632,744,326,863,328.3245345690754,0.0
1068,628,747,326,863,323.5119781399137,0.0
1069,624,750,323,863,321.51205265121865,0.0
1070,620,753,303,863,335.542843762164,0.0
1071,616,756,279,863,353.5788455210521,0.0
1072,612,759,255,863,371.84001936316645,0.0
1073,608,762,248,863,373.89971917614486,0.0
1074,604,765,250,863,367.3145790735783,0.0
1075,600,768,255,863,357.8407467016578,0.0
1076,596,771,261,863,347.4032239343786,0.0
1077,592,774,268,863,336.0014880919428,0.0
1078,588,777,276,863,323.6355975476122,0.0
1079,584,780,290,863,305.49140740780257,0.0
1080,580,783,305,863,286.40006983239374,13.386591948422646
1081,576,786,321,863,266.3719204420766,24.111683121902548
1082,572,789,339,863,244.468811916776,33.40567194235558
1083,568,792,355,863,224.52171387195494,40.78077773805624
1084,564,795,369,863,206.51634317893584,46.86508235319039
1085,560,798,381,863,190.43634106966033,51.9582394658467
1086,556,801,397,863,170.66048165876012,57.8757310746569
1087,552,804,412,863,151.92432326655268,63.19542027319817
1088,548,801,428,863,135.07035203922436,67.78215312150635
1089,544,798,413,863,146.23952953972466,64.7619979967413
1090,540,795,396,863,159.24823389915505,61.14573768173951
1091,536,792,377,863,174.13213373757299,56.86117762814719
1092,532,789,358,863,189.08199279677586,52.37481745527274
1093,528,786,339,863,204.08331631958552,47.65433186615877
1094,524,783,321,863,218.1948670340345,42.971305206394455
1095,520,780,304,863,231.39792566053828,38.325726449678925
1096,516,777,286,863,245.55243839147678,32.98049481374804
1097,512,774,275,863,253.16002844051033,29.90694067226252
1098,508,771,264,863,260.76809620810593,26.652428300468202
1099,504,768,252,863,269.3120866207085,22.719562713631404
1100,500,765,240,863,277.8560778532656,18.37750879496362
1101,496,762,229,863,285.4645336990219,13.978160216643797
1102,492,759,219,863,292.138665705175,9.374405952020147
1103,488,756,209,863,298.8143236192,2.7412534674508415
1104,484,753,201,863,303.6264151881387,0.0
1105,480,750,194,863,307.514227313144,0.0
1106,476,747,189,863,309.5561338432821,0.0
1107,472,744,184,863,311.6167517961767,0.0
1108,468,741,181,863,311.8541325684173,0.0
1109,464,738,178,863,312.1233730434169,0.0
1110,460,735,176,863,311.5124395590006,0.0
1111,456,732,176,863,309.1294227342328,0.0
1112,452,729,176,863,306.80938707933956,0.0
1113,448,726,177,863,303.66099519036027,0.0
1114,444,723,179,863,299.7081914129142,1.1020084598203008
1115,440,720,180,863,296.73051747334654,5.300081500212368
1116,436,717,182,863,292.97098832478275,8.716707169608869
1117,432,714,179,863,293.6153946917634,8.188574789372119
1118,428,711,174,863,296.00675667964066,6.035773548472005
1119,424,708,169,863,298.41246622753545,3.313913108277517
1120,420,705,163,863,301.6836091006603,0.0
1121,416,702,154,863,307.514227313144,0.0
1122,412,699,157,863,303.18476215007905,0.0
1123,408,696,160,863,298.9866217742861,2.475270716172055
1124,404,693,165,863,293.29336848964044,8.454716969994834
1125,400,690,171,863,287.0017421549911,12.99859852947017
1126,396,687,178,863,280.178514522438,17.10053562113105
1127,392,684,185,863,273.6603734558586,20.571569765955484
1128,388,681,192,863,267.46962444359923,23.597124536504406
1129,384,678,198,863,262.33756879257686,25.95443701147933
1130,380,675,203,863,258.2111539031573,27.76901217841075
1131,376,672,209,863,253.71243564319033,29.677205105422573
1132,372,669,213,863,250.83261350948763,30.864647044814784
1133,368,666,218,863,247.6065427245411,32.16631210603755
1134,364,663,223,863,244.70594598415462,33.31287885905192
1135,360,660,228,863,242.1425200166216,34.30874787188628
1136,356,657,232,863,240.44126101815388,34.96115368707359
1137,352,654,237,863,238.549785160247,35.678895209640196
1138,348,651,241,854,229.4733099948663,39.021230520619355
1139,344,648,245,840,216.0208323287363,43.71019080759039
1140,340,645,248,827,203.93136100168604,47.70339069255257
1141,336,642,252,815,192.31484602078956,51.37744182109258
1142,332,639,254,803,181.60396471443016,54.64373016410684
1143,328,636,257,792,171.39719951037708,57.66123783826315
1144,324,633,259,783,163.47782724271815,59.94504063026456
1145,320,630,261,775,156.5439235486322,61.906820725432475
1146,316,627,263,769,151.56846637740978,63.2940954983704
1147,312,624,265,764,147.6787053031005,64.36734398464466
1148,308,621,266,761,146.1642911247477,64.78259439835159
1149,304,618,268,757,143.58621103713267,65.48622533385404
1150,300,615,271,754,141.9929575718458,65.91903986220379
1151,296,612,274,750,139.74262055650738,66.52776113745922
1152,292,609,277,747,138.81282361511128,66.7783987891201
1153,288,606,277,747,141.42842712835352,66.07203018612081
1154,284,603,277,756,153.16004700965587,62.852121062492216
1155,280,600,277,763,163.02760502442524,60.073462801741925
1156,276,597,277,770,173.0028901492689,57.19224952490642
1157,272,594,278,778,184.09780009549272,53.89280347441451
1158,268,591,278,787,196.25493624365222,50.14758482794303
1159,264,588,278,796,208.47062143141417,46.225915212660325
1160,260,585,279,804,219.8226557932553,42.41356400750565
1161,256,582,280,812,231.24878378058554,38.37986430150845
1162,252,579,283,818,241.0020746798666,34.74682006684378
1163,248,576,285,823,249.75588081164375,31.30232444853031
1164,244,573,289,833,263.86549603917524,25.265072433135277
1165,240,570,286,853,286.7141433553636,13.184825908448458
1166,236,567,283,863,299.7081914129142,1.1020084598203008
1167,232,564,277,863,302.3673262771624,0.0
1168,228,561,271,863,305.04589818583037,0.0
1169,224,558,266,863,307.8782226790326,0.0
1170,220,555,264,863,311.1269837220809,0.0
1171,216,552,259,863,313.9585959963511,0.0
1172,212,549,252,863,316.53751752359466,0.0
1173,208,546,235,863,318.14776441144454,0.0
1174,204,543,225,863,320.68832220709254,0.0
1175,200,540,215,863,323.34810962799827,0.0
1176,196,537,216,863,326.6129207487052,0.0
1177,192,534,215,863,329.802971484491,0.0
1178,188,531,225,863,334.0553846295551,0.0
1179,184,528,232,863,338.4213350248474,0.0
1180,180,525,244,863,344.0058139043583,0.0
1181,176,522,252,863,349.3665696657309,0.0
1182,172,519,237,863,350.08713201144656,0.0
1183,168,516,217,863,350.44257732187737,0.0
1184,164,513,202,863,352.0568135968966,0.0
1185,160,510,208,863,356.24850876880873,0.0
1186,156,507,207,863,359.63453671748493,0.0
1187,152,504,214,863,364.3144246389374,0.0
1188,148,501,219,863,368.89700459613385,0.0
1189,144,498,223,863,373.451469403991,0.0
1190,140,495,229,863,378.60929729735903,0.0
1191,136,492,238,863,384.76616275343133,0.0
1192,132,489,245,863,390.69809316145887,0.0
1193,128,486,256,863,398.1369111248039,0.0
1194,124,483,267,863,406.01600953656987,0.0
1195,120,480,284,863,416.63533215511137,0.0
1196,116,477,297,863,426.32968463385237,0.0
1197,112,474,311,863,436.946220947155,0.0
1198,108,471,330,863,450.49750276777337,0.0
1199,104,468,349,863,464.81178986768396,0.0
1200,100,465,358,863,474.30791686414005,0.0
1201,96,462,361,863,480.6516410041684,0.0
1202,92,459,359,863,484.2571630858959,0.0
1203,88,456,341,863,479.22646003742324,0.0
1204,84,453,321,863,473.57048049894325,0.0
1205,80,450,307,863,471.27274480920283,0.0
1206,76,447,293,863,469.1961210410845,0.0
1207,72,444,284,863,469.5795992161499,0.0
1208,68,441,280,863,472.25840384264205,0.0
1209,64,438,274,863,474.0516849458506,0.0
1210,60,435,275,863,478.9665959124916,0.0
1211,64,432,273,863,479.00104384019875,0.0
1212,68,429,272,863,479.55395942479714,0.0
1213,72,426,273,863,481.00935541837435,0.0
1214,76,423,284,863,486.68675757616415,0.0
1215,80,420,290,863,490.2540157918138,0.0
1216,84,417,313,863,501.3551635318021,0.0
1217,88,414,326,863,508.17811837976654,0.0
1218,92,411,330,863,510.83069602364344,0.0
1219,96,408,347,863,519.6402601800596,0.0
1220,100,405,348,863,520.8339466663056,0.0
1221,104,402,341,863,518.3531614642666,0.0
1222,108,399,338,863,517.8764331382536,0.0
1223,112,396,381,863,538.9341332667657,0.0
1224,116,393,405,863,551.7435998722596,0.0
1225,120,390,397,863,548.1404929395383,0.0
1226,124,387,393,863,546.7513145846108,0.0
1227,128,384,382,863,542.1780150467188,0.0
1228,132,381,373,863,538.8923825774493,0.0
1229,136,378,368,863,537.6327742985912,0.0
1230,140,375,366,863,537.79178126855,0.0
1231,144,372,339,863,528.304836245136,0.0
1232,148,369,315,863,521.4642844912775,0.0
1233,152,366,301,863,518.854507545227,0.0
1234,156,363,267,863,512.1728223949412,0.0
1235,160,360,242,863,509.6400690683573,0.0
1236,164,357,210,863,508.086606790614,0.0
1237,168,354,185,863,509.2838108559902,0.0
1238,172,351,188,863,512.2499389946279,0.0
1239,176,348,193,863,515.2805061323395,0.0
1240,180,345,204,863,518.555686498567,0.0
1241,184,342,193,863,521.0777293264413,0.0
1242,188,339,177,863,524.1154452980755,0.0
1243,192,336,154,863,528.3682428004166,0.0
1244,196,333,138,863,533.1641398293775,0.0
1245,200,330,110,863,540.5450952510807,0.0
1246,204,327,83,863,549.4879434528114,0.0
1247,208,324,60,863,558.949908310217,0.0
1248,212,321,57,863,563.727771180381,0.0
1249,216,318,58,863,567.4407458052339,0.0
1250,220,315,59,863,571.161098115059,0.0
1251,224,312,64,863,573.7604029557982,0.0
1252,228,309,56,863,580.086200490927,0.0
1253,232,306,53,863,585.0555529178405,0.0
1254,236,303,51,863,589.7669031066426,0.0
1255,240,300,54,863,592.9291694629301,0.0
1256,244,297,61,863,594.8487202642366,0.0
1257,248,294,77,863,594.1397142087036,0.0
1258,252,291,91,863,594.226387835478,0.0
1259,256,288,104,863,594.7512084897348,0.0
1260,260,285,115,863,595.9102281384336,0.0
1261,264,282,126,863,597.1641315417395,0.0
1262,268,279,135,863,598.9532536016479,0.0
1263,272,276,153,863,598.9407316254255,0.0
1264,276,273,171,863,599.2703897240377,0.0
1265,280,270,177,863,601.878725325958,0.0
1266,284,267,185,863,604.166367816018,0.0
1267,288,264,188,863,607.2898813581534,0.0
1268,292,261,190,863,610.5800520816251,0.0
1269,296,258,192,863,613.8737655251282,0.0
1270,300,255,188,863,618.229730763573,0.0
1271,304,252,183,863,622.8659566873116,0.0
1272,308,249,183,863,626.5947653787094,0.0
1273,312,246,183,863,630.3411774586839,0.0
1274,316,243,184,863,633.8958905056886,0.0
1275,320,240,187,863,637.0384603773936,0.0
1276,324,237,187,863,640.8158861950911,0.0
1277,328,234,187,863,644.6099595879666,0.0
1278,332,231,187,863,648.4203883284362,0.0
1279,336,228,187,863,652.2468857725578,0.0
1280,340,225,184,863,656.7952496783149,0.0
1281,344,222,184,863,660.6670871172561,0.0
1282,348,219,182,863,665.0503740319225,0.0
1283,352,216,182,863,668.9611348949952,0.0
1284,356,213,182,863,672.8863202651693,0.0
1285,360,210,182,863,676.8256791818703,0.0
1286,364,207,181,863,681.0469880999401,0.0
1287,368,204,181,863,685.0182479321263,0.0
1288,372,201,178,863,689.840561289346,0.0
1289,376,198,176,863,694.4242219277781,0.0
1290,380,195,176,863,698.4554388076593,0.0
1291,384,192,176,863,702.4991103197214,0.0
1292,388,189,176,863,706.5550226273959,0.0
1293,392,186,176,863,710.6229661360517,0.0
1294,396,183,180,863,713.4816045281055,0.0
1295,400,180,184,863,716.3413990549478,0.0
1296,404,177,189,863,718.9026359667907,0.0
1297,408,174,194,863,721.4686410371555,0.0
1298,412,171,199,863,724.0393635707937,0.0
1299,416,168,204,863,726.6147534973398,0.0
1300,420,165,208,863,729.4847496692443,0.0
1301,424,162,213,863,732.0669368302327,0.0
1302,428,159,218,863,734.6536598969612,0.0
1303,432,156,221,863,737.814339790167,0.0
1304,436,153,223,863,741.2617621326491,0.0
1305,440,150,226,863,744.4225950359111,0.0
1306,444,147,231,863,747.010709427917,0.0
1307,448,144,235,863,749.8866581024095,0.0
1308,452,141,240,863,752.4812290017605,0.0
1309,456,138,244,863,755.3601789874814,0.0
1310,460,135,263,863,754.1836646334897,0.0
1311,464,132,285,863,752.5968376229068,0.0
1312,468,129,317,863,749.3710696310607,0.0
1313,472,126,351,863,746.86678865779,0.0
1314,476,123,387,863,745.332811568094,0.0
1315,480,120,421,863,745.3388491149512,0.0
1316,484,117,455,863,746.563460129144,0.0
1317,488,114,489,863,749.0006675564448,0.0
1318,492,111,522,863,752.5981663543965,0.0
1319,496,108,552,863,757.073972607697,0.0
1320,500,105,581,863,762.3155514614666,0.0
1321,504,102,602,863,767.2841716078862,0.0
1322,508,99,619,863,772.0213727611432,0.0
1323,512,96,635,863,776.799845520067,0.0
1324,516,93,649,863,781.4019452240952,0.0
1325,520,90,661,863,785.7544145596638,0.0
1326,524,87,643,863,785.0713343384791,0.0
1327,528,84,621,863,784.5317074535611,0.0
1328,532,81,592,863,784.298412595614,0.0
1329,536,78,560,863,785.3667932883335,0.0
1330,540,75,527,863,788.1072262071957,0.0
1331,544,72,491,863,792.7736120734595,0.0
1332,548,69,469,863,797.9204220973418,0.0
1333,552,66,463,863,801.9538640096449,0.0
1334,556,63,462,863,805.5035692037621,0.0
1335,560,60,452,863,810.2302141984092,0.0
1336,564,63,443,863,809.0988814724687,0.0
1337,568,66,465,863,803.6280234038632,0.0
1338,572,69,470,863,800.5248278473317,0.0
1339,668,141,490,863,743.6181815959047,0.0
1340,672,144,510,863,737.0244229331888,0.0
1341,676,147,504,863,736.3694724796785,0.0
1342,680,150,504,863,734.4011165568854,0.0
1343,684,153,500,863,733.4548384188355,0.0
1344,688,156,500,863,731.5688621039034,0.0
1345,692,159,500,863,729.7122720634483,0.0
1346,696,162,500,863,727.8852931609485,0.0
1347,700,165,498,863,726.6415897813722,0.0
1348,704,168,491,863,726.9071467525958,0.0
1349,708,171,481,863,728.2808524189003,0.0
1350,712,174,475,863,728.6219870412915,0.0
1351,716,177,470,863,728.7743134880646,0.0
1352,720,180,442,863,737.4096554833005,0.0
1353,724,183,410,863,748.9966622088513,0.0
1354,728,186,419,863,744.1841170033125,0.0
1355,732,189,419,863,743.1318860067842,0.0
1356,736,192,419,863,742.1118514078589,0.0
1357,744,198,431,863,734.9789112620851,0.0
1358,748,201,439,863,730.5648499620003,0.0
1359,752,204,445,863,727.0006877575839,0.0
1360,756,207,453,863,722.59601438148,0.0
1361,760,210,462,863,717.7833935108836,0.0
1362,764,213,460,863,717.5764767604913,0.0
1363,768,216,463,863,715.2859568032914,0.0
1364,772,219,463,863,714.2947570856165,0.0
1365,776,222,469,863,710.7249819726334,0.0
1366,780,225,476,863,706.7248403728286,0.0
1367,784,228,480,863,704.0177554579145,0.0
1368,788,231,484,863,701.3130542061797,0.0
1369,792,234,489,863,698.176195526602,0.0
1370,796,237,496,863,694.1728891277734,0.0
1371,800,240,507,863,688.4606016323664,0.0
1372,804,243,534,863,676.2396025078685,0.0
1373,808,246,564,863,663.4945365261119,0.0
1374,812,249,593,863,651.887260191515,0.0
1375,816,252,619,863,641.9735197031105,0.0
1376,820,255,643,863,633.2400808540154,0.0
1377,824,258,665,863,625.5445627611193,0.0
1378,828,261,684,863,618.9830369242763,0.0
1379,832,264,701,863,613.1574023038456,0.0
1380,836,267,715,863,608.1586963942882,0.0
1381,840,270,727,863,603.6704398924963,0.0
1382,844,273,736,863,599.8033010912827,0.0
1383,848,276,744,847,580.3938318073341,0.0
1384,852,279,751,826,556.2463483026203,0.0
1385,856,282,757,809,536.2182391526793,0.0
1386,860,285,762,793,517.3664078774345,0.0
1387,864,288,765,781,502.8419234709851,0.0
1388,868,291,768,771,490.3060268852505,0.0
1389,872,294,770,762,478.98642987040876,0.0
1390,876,297,767,768,483.44803236749243,0.0
1391,880,300,764,776,489.93060733128317,0.0
1392,884,303,743,829,544.5704729417488,0.0
1393,888,306,718,863,582.3650058167987,0.0
1394,892,309,710,863,583.1294881928027,0.0
1395,896,312,706,863,582.8387427067628,0.0
1396,900,315,717,863,577.748215055659,0.0
1397,904,318,729,863,572.4071977185472,0.0
1398,908,321,743,863,566.5589113234387,0.0
1399,912,324,755,863,561.4000356252216,0.0
1400,916,327,768,863,556.0575509783138,0.0
1401,920,330,775,863,552.3712519673702,0.0
1402,924,333,781,863,548.9526391229028,0.0
1403,928,336,803,863,541.621639154124,0.0
1404,932,339,825,863,534.8130514488217,0.0
1405,936,342,867,863,525.5492365135735,0.0
1406,940,345,910,863,518.8679986277821,0.0
1407,944,348,951,863,515.0475706184818,0.0
1408,948,351,990,838,488.8077331630505,0.0
1409,952,354,1026,809,460.9783075156574,0.0
1410,956,357,1061,780,435.83712554118193,0.0
1411,960,360,1095,752,414.59498308590275,0.0
1412,964,363,1129,726,398.74051712862087,0.0
1413,968,366,1161,699,384.8869964028403,0.0
1414,972,369,1186,685,381.6438129984554,0.0
1415,976,372,1207,676,381.8075431418295,0.0
1416,980,375,1166,744,413.2275402245112,0.0
1417,984,378,1114,829,469.3623333843482,0.0
1418,988,381,1061,863,487.4966666552706,0.0
1419,992,384,1029,863,480.4268935020187,0.0
1420,996,387,1003,863,476.0514678057405,0.0
1421,1000,390,984,863,473.27053574039445,0.0
1422,1004,393,967,863,471.4541335061132,0.0
1423,1008,396,952,863,470.3456176047567,0.0
1424,1012,399,939,863,469.7073557013984,0.0
1425,1016,402,929,863,469.13750649463105,0.0
1426,1020,405,925,863,467.748864242341,0.0
1427,1024,408,922,863,466.292826451362,0.0
1428,1028,411,923,863,464.0355589822832,0.0
1429,1032,414,925,863,461.57339611377085,0.0
1430,1036,417,928,863,458.88996502429643,0.0
1431,1040,420,930,863,456.45262623847395,0.0
1432,1044,423,933,863,453.78519147279366,0.0
1433,1048,426,936,863,451.12415142619,0.0
1434,1052,429,938,863,448.72263147739716,0.0
1435,1056,432,941,863,446.0784684335257,0.0
1436,1060,435,945,863,443.180550114736,0.0
1437,1064,438,949,863,440.2839992550263,0.0
1438,1068,441,953,863,437.3888430218585,0.0
1439,1072,444,956,863,434.7608538035595,0.0
1440,1076,447,958,863,432.41184072594496,0.0
1441,1080,450,930,863,439.39617658782606,0.0
1442,1084,453,897,863,450.63177872848695,0.0
1443,1088,456,842,863,475.5680813511353,0.0
1444,1092,459,785,863,507.41009055792335,0.0
1445,1096,462,734,863,540.2268042220786,0.0
1446,1100,465,685,863,575.0034782503494,0.0
1447,1104,468,637,863,611.6485919218649,0.0
1448,1108,471,592,863,648.0123455614098,0.0
1449,1112,474,553,863,681.0301021247152,0.0
1450,1116,477,518,863,711.7583859709698,0.0
1451,1120,480,486,863,740.705744543675,0.0
1452,1124,483,455,863,769.3900181312466,0.0
1453,1128,486,426,863,796.8268318775416,0.0
1454,1132,489,412,863,811.3420980079858,0.0
1455,1136,492,410,863,815.3017846172054,0.0
1456,1140,495,431,863,798.8147469845559,0.0
1457,1144,498,462,863,773.5302191899164,0.0
1458,1148,501,495,863,746.627751962114,0.0
1459,1152,504,527,863,720.7676463327138,0.0
1460,1156,507,561,863,693.3693099640335,0.0
1461,1160,510,603,863,659.4376392048,0.0
1462,1164,513,646,863,625.159179729451,0.0
1463,1168,516,689,863,591.4811915860047,0.0
1464,1172,519,732,863,558.5123096226259,0.0
1465,1176,522,774,863,527.1479868120526,0.0
1466,1180,525,815,863,497.46256140537855,0.0
1467,1184,528,854,863,470.2393007820593,0.0
1468,1188,531,893,863,444.1272340219636,0.0
1469,1192,534,931,863,419.9547594682075,0.0
1470,1196,537,967,863,398.39302202724383,0.0
1471,1200,540,1002,863,378.85749299703707,0.0
1472,1204,543,1031,863,363.77053206657627,0.0
1473,1208,546,1052,863,353.30581653859025,0.0
1474,1212,549,1071,863,344.2048808486016,0.0
1475,1216,552,1091,863,335.18054836162554,0.0
1476,1220,555,1109,863,327.3912033027155,0.0
1477,1224,558,1124,863,320.97507691408066,0.0
1478,1228,561,1136,863,315.70239150187,0.0
1479,1232,564,1110,863,322.9318813619987,0.0
1480,1236,567,1075,863,336.9525189103058,0.0
1481,1240,570,1012,863,371.25866993243403,0.0
1482,1244,573,950,863,412.9600464936045,0.0
1483,1248,576,897,863,453.3982796614914,0.0
1484,1252,579,847,863,494.65240320855617,0.0
1485,1256,582,805,863,531.3774552989616,0.0
1486,1260,585,779,863,555.5582777711084,0.0
1487,1264,588,757,863,576.7789871345869,0.0
1488,1268,591,750,863,585.0709358701729,0.0
1489,1272,594,747,863,589.9033819194462,0.0
1490,1276,597,753,863,586.7580421263947,0.0
1491,1280,600,761,863,581.8333094624267,0.0
1492,1284,603,772,863,574.2334020239506,0.0
1493,1288,606,784,863,565.7428744579997,0.0
1494,1292,609,800,863,553.6966678606618,0.0
1495,1296,612,816,863,541.6650256385399,0.0
1496,1300,615,833,863,528.7655435067607,0.0
1497,1304,618,852,863,514.1293611533969,0.0
1498,1308,621,870,863,500.4078336716962,0.0
1499,1312,624,891,863,484.10949174747645,0.0
1500,1316,627,914,863,466.1544808322666,0.0
1501,1320,630,933,863,451.7277941415604,0.0
1502,1324,633,952,863,437.36026339849394,0.0
1503,1328,636,971,863,423.0579156569464,0.0
1504,1332,639,990,863,408.8275920238261,0.0
1505,1336,642,1011,863,393.02162790360535,0.0
1506,1340,645,1033,863,376.52755543253403,0.0
1507,1344,648,1055,863,360.20272070044115,0.0
1508,1348,651,1079,863,342.49817517762045,0.0
1509,1352,654,1105,863,323.5583409526016,0.0
1510,1356,657,1142,863,297.03871801500895,4.969732709656054
1511,1360,660,1183,863,269.3287953413077,22.7115213342694
1512,1364,663,1224,863,244.13111231467406,33.537578377250306
1513,1368,666,1268,863,220.92758994747578,42.03271264437129
1514,1372,669,1311,863,203.364205306637,47.88625777490305
1515,1376,672,1353,863,192.37983262286096,51.35728603664842
1516,1380,675,1394,863,188.52055590836773,52.546984795180606
1517,1384,678,1415,863,187.57931655702342,52.83494117202591
1518,1388,681,1431,863,187.0106948813356,53.00849254873855
1519,1392,684,1380,863,179.4017837146554,55.30224466888103
1520,1396,687,1317,863,192.91708063310517,51.19049347892764
1521,1400,690,1263,863,220.6762334280699,42.119513625998415
1522,1404,693,1218,863,251.9841264841895,30.392842994342793
1523,1408,696,1178,863,284.2340584799788,14.736322819908112
1524,1412,699,1148,863,310.792535302893,0.0
1525,1416,702,1122,863,335.19695702676063,0.0
1526,1420,705,1107,863,350.6180257773408,0.0
1527,1424,708,1097,863,361.8756692567214,0.0
1528,1428,711,1092,863,368.7817782917155,0.0
1529,1432,714,1091,863,372.1316971181036,0.0
1530,1436,717,1091,863,374.62114195544274,0.0
1531,1440,720,1091,863,377.1604433129222,0.0
1532,1444,723,1094,863,376.9615364994153,0.0
1533,1448,726,1105,863,369.3480743147309,0.0
1534,1452,729,1120,863,358.0223456713282,0.0
1535,1456,732,1138,863,343.92586410446074,0.0
1536,1460,735,1155,863,330.77031305726337,0.0
1537,1464,738,1170,863,319.4698733840172,0.0
1538,1468,741,1185,863,308.1768972522113,0.0
1539,1472,744,1200,863,296.89223634174067,5.128169529980185
1540,1476,747,1215,863,285.616876252087,13.88275871117625
1541,1472,750,1232,863,265.27155897306443,24.62161985236889
1542,1468,753,1257,863,237.95167576632025,35.90423860211924
1543,1464,756,1285,863,208.54256160314134,46.202295773340765
1544,1460,759,1314,863,179.25400971805345,55.34628191619154
1545,1456,762,1346,863,149.33519344079613,63.91147877989302
1546,1452,765,1384,863,119.28118040998756,71.93220647674295
1547,1448,768,1424,863,97.98469268207153,77.33408750165384
1548,1444,771,1461,863,93.55746896961247,78.43152297321122
1549,1440,774,1499,863,106.78014796768171,75.12851745698576
1550,1436,777,1535,863,131.13733259449805,68.82846020304247
1551,1432,780,1535,863,132.2800060477773,68.52536053366714
1552,1428,783,1535,863,133.60014970051492,68.17428467167701
1553,1424,786,1535,863,135.09256086106296,67.77622023911077
1554,1420,789,1535,863,136.75159962501354,67.33222900130762
1555,1416,792,1535,863,138.5712812959453,66.843426471265
1556,1412,795,1535,863,140.54536634126364,66.31096194777348
1557,1408,798,1535,863,142.66744548074027,65.73599949139445
1558,1404,801,1535,863,144.9310180741169,65.11970021796036
1559,1400,804,1535,863,147.3295625460145,64.46320616401808
1560,1396,801,1535,863,152.2005256232711,63.118775158792495
1561,1392,798,1513,863,137.35355838128112,67.17074304041051
1562,1388,795,1454,863,94.76286192385707,78.13354910118336
1563,1384,792,1389,863,71.17583859709698,83.8585610689028
1564,1380,789,1320,863,95.26804291051643,78.00848599918531
1565,1376,786,1252,863,145.96232390586277,64.83786519039579
1566,1372,783,1189,863,199.7223072167954,49.05169293510883
1567,1368,780,1129,863,253.00197627686626,29.972496760278993
1568,1364,777,1075,863,301.5244600359977,0.0
1569,1360,774,1062,863,311.0064308016797,0.0
1570,1356,771,1061,863,309.01294471267704,0.0
1571,1352,768,1067,863,300.416377715996,0.0
1572,1348,765,1075,863,290.05689097140925,10.920954946497027
1573,1344,762,1087,863,276.1340254296815,19.294238704745297
1574,1340,759,1099,863,262.4823803610444,25.889526877042112
1575,1336,756,1109,863,250.95417908454922,30.81502253409561
1576,1332,753,1118,863,240.61587645041215,34.894494609214114
1577,1328,750,1126,863,231.4584195919431,38.30375567581163
1578,1324,747,1133,863,223.46588106464932,41.15067761036847
1579,1320,744,1139,863,216.61486560252507,43.50896936806744
1580,1316,741,1145,863,210.05951537600004,45.70272333599627
1581,1312,738,1153,863,202.25231766286387,48.243675668811534
1582,1308,735,1160,863,195.67319693816015,50.330184098257206
1583,1304,732,1167,863,189.5521036549054,52.23042093715877
1584,1300,729,1172,863,185.31055015837603,53.525587098988716
1585,1296,726,1175,863,182.7840255602223,54.289095486855246
1586,1292,723,1178,863,180.54362353736008,54.96133250921422
1587,1288,720,1193,863,171.67993476233616,57.57880617244505
1588,1284,717,1208,863,164.59647626847908,59.62531174041008
1589,1280,714,1230,863,157.16551784663199,61.73233103841436
1590,1276,711,1251,863,154.042202009709,62.60642876454584
1591,1272,708,1274,863,155.0129026887762,62.33547387403572
1592,1268,705,1296,863,160.46183346827368,60.802528838426184
1593,1264,702,1314,863,168.5852899869974,58.477631216552254
1594,1260,699,1331,863,178.70926109186397,55.50845654407163
1595,1256,696,1346,862,188.8279640307547,52.45275429685804
1596,1252,693,1310,863,179.62182495454164,55.236636475684044
1597,1248,690,1271,863,174.52220489095365,56.74657516055783
1598,1244,687,1215,863,178.3732042656632,55.608375347334736
1599,1240,684,1154,863,198.58751219550538,49.41179356396732
1600,1236,681,1108,863,222.50393254951697,41.48613406890254
1601,1232,678,1068,863,247.226616690032,32.31773339931057
1602,1228,675,1037,863,268.00186566514793,23.345447958205618
1603,1224,672,1011,863,286.09439001839934,13.581405409394561
1604,1220,669,995,863,297.08752918963125,4.916332104619867
1605,1216,666,990,863,299.80827206733306,0.8387193980571162
1606,1212,663,987,863,301.0398644698074,0.0
1607,1208,660,988,863,299.34762400927787,1.859066241021303
1608,1204,657,988,863,298.4828303269721,3.217683947094213
1609,1200,654,1001,863,288.5862089566998,11.945398179654148
1610,1196,651,1016,863,278.10789273229915,18.241397335080215
1611,1192,648,1032,863,268.00186566514793,23.345447958205618
1612,1188,645,1050,863,258.00775182152955,27.856792976363785
1613,1184,642,1067,863,250.05999280172747,31.179042560320873
1614,1180,639,1083,863,244.10038918445008,33.54956505163534
1615,1176,636,1098,863,240.0270818053663,35.118992831926946
1616,1172,633,1113,863,237.44683615495913,36.09385063505934
1617,1168,630,1125,863,236.93459012984997,36.285697786440444
1618,1164,627,1137,863,237.53947040439405,36.05909850010037
1619,1160,624,1148,863,239.30106560565082,35.39475234007401
1620,1156,621,1159,863,242.0185943269649,34.35649611465429
1621,1152,618,1170,863,245.66033460858105,32.93799871874684
1622,1148,615,1180,863,250.05599372940455,31.180665419003468
1623,1144,612,1189,863,255.0019607767752,29.1371465206251
1624,1140,609,1194,863,259.6767220988435,27.132041534361377
1625,1136,606,1196,863,263.9109698364204,25.244401089027424
1626,1132,603,1196,863,267.76108753887297,23.459482809929344
1627,1128,600,1191,863,270.44038160008574,22.173049142465533
1628,1124,597,1187,863,273.3587386567329,20.724391759536935
1629,1120,594,1182,863,276.05253123273474,19.337037280423093
1630,1116,591,1177,863,278.7561658510893,17.88844421121116
1631,1112,588,1171,863,281.2578887782528,16.489337853513803
1632,1108,585,1167,863,284.1918366174511,14.761962737290027
1633,1104,582,1163,863,287.1271495348359,12.91694336171149
1634,1100,579,1163,863,290.90376415577714,10.306976771179311
1635,1096,576,1162,863,294.49108645254444,7.439847891708126
1636,1092,573,1172,863,300.83217912982644,0.0
1637,1088,570,1180,863,307.1042168385188,0.0
1638,1084,567,1184,863,312.43559336285614,0.0
1639,1080,564,1185,863,316.9006153354708,0.0
1640,1076,561,1178,855,311.19125951735856,0.0
1641,1072,558,1168,832,290.33084576048753,10.724417228079526
1642,1068,555,1154,815,273.85397568777415,20.473159215931265
1643,1064,552,1132,803,260.0480724789169,26.969364537939022
1644,1060,549,1108,793,248.67649667791284,31.737796795396754
1645,1056,546,1083,785,240.52026941611388,34.93100088039689
1646,1052,543,1057,781,238.05251521460553,35.86629984748398
1647,1048,540,1029,784,244.73863609981976,33.300075955051476
1648,1044,537,1002,789,255.47602627252522,28.93724831215326
1649,1040,534,971,797,271.9007171744863,21.454731685056462
1650,1036,531,941,804,289.05708778717053,11.622714750888896
1651,1032,528,914,812,307.5386154615384,0.0
1652,1028,525,888,820,326.5348373451139,0.0
1653,1024,522,863,829,346.6554485364394,0.0
1654,1020,519,839,839,367.6424893833682,0.0
1655,1016,516,817,847,386.21496604870197,0.0
1656,1012,513,795,860,409.26519519744164,0.0
1657,1008,510,773,863,424.06839071074376,0.0
1658,1004,507,781,863,420.0773738253466,0.0
1659,1000,504,792,857,409.72307721191396,0.0
1660,996,501,809,851,396.8236384088025,0.0
1661,992,498,828,844,382.89946461179596,0.0
1662,988,495,838,858,392.77092560422545,0.0
1663,984,492,842,863,397.24677468797654,0.0
1664,980,489,849,863,396.2789421606957,0.0
1665,976,486,860,863,394.44264475332784,0.0
1666,972,483,872,863,392.93765408777,0.0
1667,968,480,892,863,390.4676683158287,0.0
1668,964,477,911,863,389.62161131025573,0.0
1669,960,474,933,863,389.9358921669048,0.0
1670,956,471,957,863,392.0012755081289,0.0
1671,952,468,977,863,395.790348543266,0.0
1672,948,465,997,863,401.00498750015566,0.0
1673,944,462,1017,863,407.5904807524337,0.0
1674,940,459,1034,863,414.7915138958366,0.0
1675,936,456,1050,863,422.6641692881004,0.0
1676,932,453,1067,863,431.65379646193315,0.0
1677,928,450,1085,863,441.83481076076384,0.0
1678,924,447,1105,863,453.6705853369821,0.0
1679,920,444,1121,863,464.7171182558267,0.0
1680,916,441,1139,863,477.29760108343305,0.0
1681,912,438,1149,863,486.6148374227814,0.0
1682,908,435,1157,863,495.16158978660695,0.0
1683,904,432,1146,863,494.2924235713107,0.0
1684,900,429,1126,863,489.31789258109086,0.0
1685,896,426,1098,863,481.42808393362344,0.0
1686,892,423,1070,863,474.6409169045585,0.0
1687,888,420,1041,863,468.67686096072634,0.0
1688,884,417,1013,863,464.281164812875,0.0
1689,880,414,983,863,460.66256631074333,0.0
1690,876,411,954,863,458.68071683906663,0.0
1691,872,408,930,863,458.68180692065823,0.0
1692,868,405,907,863,459.65748117484173,0.0
1693,864,402,888,863,461.6243061191644,0.0
1694,860,399,873,863,464.182076345048,0.0
1695,856,396,861,863,467.0267658282553,0.0
1696,852,393,850,863,470.00425529988553,0.0
1697,848,390,841,863,473.0517942043979,0.0
1698,844,387,822,863,476.5081321446676,0.0
1699,840,384,807,863,480.1353975703104,0.0
1700,836,381,777,863,485.5975700103945,0.0
1701,832,378,744,863,492.9188574197583,0.0
1702,828,375,704,863,503.5076960682925,0.0
1703,824,372,682,863,511.1213163232385,0.0
1704,820,369,665,863,517.7460767596409,0.0
1705,816,366,654,863,522.7360710721998,0.0
1706,812,363,648,863,526.2090839200707,0.0
1707,808,360,643,863,529.371325252889,0.0
1708,804,357,642,863,531.3002917371682,0.0
1709,800,354,643,863,532.6631205555722,0.0
1710,796,351,644,863,534.0861353751845,0.0
1711,792,348,647,863,535.0233639758175,0.0
1712,788,345,645,863,537.3760322158032,0.0
1713,784,342,645,863,539.2235158076843,0.0
1714,780,339,645,863,541.1108943645471,0.0
1715,776,336,648,863,542.3218601531751,0.0
1716,772,333,652,863,543.415126767741,0.0
1717,768,330,637,863,548.8624600025037,0.0
1718,764,327,623,863,554.2355095083677,0.0
1719,760,324,605,863,560.8440068325594,0.0
1720,756,321,591,863,566.5589113234387,0.0
1721,752,318,571,863,574.2699713549368,0.0
1722,748,315,554,863,581.3260702910201,0.0
1723,744,312,535,863,589.3063719322913,0.0
1724,740,309,519,863,596.4536863831089,0.0
1725,736,306,501,863,604.5444565952118,0.0
1726,732,303,484,863,612.4573454535425,0.0
1727,728,300,468,863,620.136275345992,0.0
1728,724,297,454,863,627.1012677391109,0.0
1729,720,294,442,863,633.2811382000888,0.0
1730,716,291,432,863,638.6235197673195,0.0
1731,712,288,424,863,643.0933058273893,0.0
1732,708,285,435,863,639.2284411695086,0.0
1733,704,282,448,863,634.8992045986512,0.0
1734,700,279,472,863,626.9290230959164,0.0
1735,696,276,495,863,620.4595071396682,0.0
1736,692,273,523,863,613.7271380670729,0.0
1737,688,270,549,863,609.0730662244063,0.0
1738,684,267,573,863,606.2482989666858,0.0
1739,680,264,592,863,605.4295995406898,0.0
1740,676,261,611,863,605.4989677943307,0.0
1741,672,258,627,863,606.6712454039667,0.0
1742,668,255,643,863,608.5137631968565,0.0
1743,664,252,652,863,611.117828245912,0.0
1744,660,249,659,863,614.0008143317075,0.0
1745,656,246,664,863,617.0518616777686,0.0
1746,652,243,669,863,620.2330207268877,0.0
1747,648,240,669,863,623.3538321050092,0.0
1748,644,237,664,863,626.3194073314351,0.0
1749,640,234,658,863,629.2574989620704,0.0
1750,636,231,655,863,632.285536763257,0.0
1751,632,228,656,863,635.4533814529591,0.0
1752,628,225,653,863,638.4896240347215,0.0
1753,624,222,653,863,641.6556709014578,0.0
1754,620,219,649,863,644.6526196332409,0.0
1755,616,216,649,863,647.8410298831034,0.0
1756,612,213,645,863,650.8371532111546,0.0
1757,608,210,640,863,653.7836033428798,0.0
1758,604,207,635,863,656.7320610416397,0.0
1759,600,204,630,863,659.6824993889106,0.0
1760,596,201,627,863,662.7254333432511,0.0
1761,592,198,627,863,665.9204156654157,0.0
1762,588,195,627,863,669.1375045534363,0.0
1763,584,192,627,863,672.3763826905284,0.0
1764,580,189,624,863,675.4346748576061,0.0
1765,576,186,623,863,678.6295012744436,0.0
1766,572,183,618,863,681.5541064361655,0.0
1767,568,180,614,863,684.5472956633457,0.0
1768,564,177,609,863,687.4743631583653,0.0
1769,560,174,607,863,690.6011873722779,0.0
1770,556,171,600,863,693.3974329343887,0.0
1771,552,168,593,863,696.2083021625066,0.0
1772,548,165,585,863,698.9799711007462,0.0
1773,544,162,580,863,701.9237850365238,0.0
1774,540,159,575,863,704.8694914663281,0.0
1775,536,156,575,863,708.074854799971,0.0
1776,532,153,576,863,711.3620737711562,0.0
1777,528,150,576,863,714.6138817571347,0.0
1778,524,147,577,863,717.9589124734089,0.0
1779,520,144,576,863,721.1775093553598,0.0
1780,516,141,575,863,724.4066537518827,0.0
1781,512,138,572,863,727.4785220197226,0.0
1782,508,135,568,863,730.468342914325,0.0
1783,504,132,562,863,733.2973476019124,0.0
1784,500,129,557,863,736.2098885508127,0.0
1785,496,126,554,863,739.2787025202335,0.0
1786,492,123,554,863,742.5927551491463,0.0
1787,488,120,554,863,745.9255995070822,0.0
1788,484,117,557,863,749.5632061407497,0.0
1789,480,114,560,863,753.260247192164,0.0
1790,476,111,560,863,756.6769455983181,0.0
1791,472,108,560,863,760.1111760788681,0.0
1792,468,105,560,863,763.5627020749507,0.0
1793,464,102,559,863,766.9067739953795,0.0
1794,460,99,558,863,770.2596964660685,0.0
1795,456,96,558,863,773.7525444223107,0.0
1796,452,93,558,863,777.2618606364267,0.0
1797,448,90,557,863,780.6471674194431,0.0
1798,444,87,556,863,784.0408152641035,0.0
1799,440,84,555,863,787.4426963278027,0.0
1800,436,81,554,863,790.8527043640934,0.0
1801,432,78,541,863,792.531387391061,0.0
1802,428,75,529,863,794.4463480940673,0.0
1803,424,72,516,863,796.3322171053987,0.0
1804,420,69,501,863,798.1209181571425,0.0
1805,416,66,492,863,800.6153883107669,0.0
1806,412,63,485,863,803.3237205510616,0.0
1807,408,60,481,863,806.31135425467,0.0
1808,404,63,476,863,803.2334654382871,0.0
1809,400,66,473,863,800.3361793646468,0.0
1810,396,69,471,863,797.5343252801098,0.0
1811,392,72,469,863,794.7389508511584,0.0
1812,388,75,466,863,791.8509960844906,0.0
1813,384,78,461,863,788.7673928351754,0.0
1814,380,81,455,863,785.5883145770435,0.0
1815,376,84,448,863,782.3202668984103,0.0
1816,372,87,440,863,778.9736837660179,0.0
1817,368,90,433,863,775.7280451292193,0.0
1818,364,93,426,863,772.4920711567207,0.0
1819,360,96,418,863,769.1898335261588,0.0
1820,356,99,411,863,765.9771537062969,0.0
1821,352,102,403,863,762.7070210769008,0.0
1822,348,105,397,863,759.582121959173,0.0
1823,344,108,390,863,756.4000264410361,0.0
1824,340,111,384,863,753.2861342146157,0.0
1825,336,114,377,863,750.1213235204023,0.0
1826,332,117,370,863,746.9672014218563,0.0
1827,328,120,364,863,743.871628710223,0.0
1828,324,123,356,863,740.6915687382974,0.0
1829,320,126,349,863,737.5703356290843,0.0
1830,316,129,338,863,734.3296262578543,0.0
1831,312,132,325,863,731.1155859369981,0.0
1832,308,135,308,863,728.0,0.0
1833,304,138,289,863,725.1551558114994,0.0
1834,300,141,269,863,722.6652060255842,0.0
1835,296,144,251,863,720.4068295067725,0.0
1836,292,147,234,863,718.3453208589863,0.0
1837,288,150,221,863,716.1410475597667,0.0
1838,284,153,210,863,713.8459217506254,0.0
1839,280,156,199,863,711.6249011944425,0.0
1840,276,159,188,863,709.4786818502723,0.0
1841,272,162,181,863,706.8818854660233,0.0
1842,268,165,166,863,705.413353998916,0.0
1843,264,168,152,863,703.9666185267594,0.0
1844,260,171,135,863,703.1991183157157,0.0
1845,256,174,119,863,702.4884340684905,0.0
1846,252,177,98,863,703.0732536514242,0.0
1847,248,180,74,863,704.8155787154537,0.0
1848,244,183,49,863,707.4072377350969,0.0
1849,240,186,27,863,709.7168449459263,0.0
1850,236,189,7,863,711.8405720384305,0.0
1851,232,192,0,863,709.9753516848314,0.0
1852,228,195,0,863,705.838508442264,0.0
1853,224,198,0,863,701.7129042564345,0.0
1854,220,201,0,863,697.5987385309695,0.0
1855,216,204,0,863,693.4962148418692,0.0
1856,212,207,0,863,689.4055410279207,0.0
1857,208,210,0,863,685.32692928266,0.0
1858,204,213,0,863,681.2605962478675,0.0
1859,200,216,0,863,677.2067631085797,0.0
1860,196,219,0,863,673.1656556895932,0.0
1861,192,222,0,863,669.1375045534363,0.0
1862,188,225,0,863,665.1225450997733,0.0
1863,184,228,0,863,661.1210176662061,0.0
1864,180,231,0,863,657.1331676304278,0.0
1865,176,234,0,863,653.1592455136803,0.0
1866,172,237,0,863,649.1995070854567,0.0
1867,168,240,0,863,645.2542134693891,0.0
1868,164,243,10,863,638.8395729758763,0.0
1869,160,246,21,863,632.4634376784163,0.0
1870,156,249,33,863,626.1988502065458,0.0
1871,152,252,46,863,620.1265999777787,0.0
1872,148,255,58,863,614.6250889770121,0.0
1873,144,258,73,863,609.1518694053233,0.0
1874,140,261,85,863,604.5072373429452,0.0
1875,136,264,97,863,600.2682733578379,0.0
1876,132,267,110,863,596.4059020499378,0.0
1877,128,270,120,863,593.0539604454218,0.0
1878,124,273,133,863,590.068640075034,0.0
1879,120,276,147,863,587.6206259143735,0.0
1880,116,279,157,863,585.4374432849337,0.0
1881,112,282,166,863,583.5040702514422,0.0
1882,108,285,170,863,581.3157489695252,0.0
1883,104,288,172,863,579.0069084216526,0.0
1884,100,291,179,863,577.4296493946254,0.0
1885,96,294,186,863,576.0737799969722,0.0
1886,92,297,195,863,575.2955762040935,0.0
1887,88,300,202,863,574.4258002562211,0.0
1888,84,303,210,863,574.0,0.0
1889,80,306,217,863,573.6009065543743,0.0
1890,76,309,225,863,573.6871969985037,0.0
1891,72,312,218,863,570.01491208564,0.0
1892,68,315,211,863,566.35059812805,0.0
1893,64,318,199,863,561.4712815451918,0.0
1894,60,321,192,863,557.8422716144771,0.0
1895,64,324,183,863,551.9800721040571,0.0
1896,68,327,173,863,546.1876966757857,0.0
1897,72,330,159,863,540.0537010335175,0.0
1898,76,333,150,863,535.1411028878272,0.0
1899,80,336,142,863,530.6345258273344,0.0
1900,84,339,141,863,527.0910737244561,0.0
1901,88,342,135,863,523.1156659860227,0.0
1902,92,345,130,863,519.391952190251,0.0
1903,96,348,128,863,515.9932170096812,0.0
1904,100,351,133,863,513.0623743756698,0.0
1905,104,354,133,863,509.825460329317,0.0
1906,108,357,136,863,506.77411141454337,0.0
1907,112,360,143,863,503.95436301316016,0.0
1908,116,363,146,863,500.89919145472777,0.0
1909,120,366,152,863,498.02911561473996,0.0
1910,124,369,156,863,495.0353522729463,0.0
1911,128,372,165,863,492.3921201644072,0.0
1912,132,375,176,863,489.979591411724,0.0
1913,136,378,199,863,489.0746364308826,0.0
1914,140,381,225,863,489.4374321606389,0.0
1915,144,384,256,863,491.91970889566926,0.0
1916,148,387,289,863,496.4443574057419,0.0
1917,152,390,321,863,502.2847797813507,0.0
1918,156,393,356,863,510.7837115648854,0.0
1919,160,396,391,863,521.0086371644908,0.0
1920,164,399,426,863,532.8602068085024,0.0
1921,168,402,461,863,546.2325512087319,0.0
1922,172,405,489,863,557.0035906526995,0.0
1923,176,408,517,863,568.6000351741108,0.0
1924,180,411,543,863,579.718034910076,0.0
1925,184,414,568,863,590.8104603000864,0.0
1926,188,417,591,844,587.1439346531649,0.0
1927,192,420,614,814,577.3387220687696,0.0
1928,196,423,635,785,569.0035149276321,0.0
1929,200,426,653,761,563.4128149057315,0.0
1930,204,429,670,736,558.0367371419197,0.0
1931,208,432,683,719,554.9720713693617,0.0
1932,212,435,696,706,554.7044257981001,0.0
1933,216,438,705,695,552.4219401870276,0.0
1934,220,441,718,681,552.8146163045981,0.0
1935,224,444,729,670,553.2639514734356,0.0
1936,228,447,740,661,554.9234181398367,0.0
1937,232,450,750,657,557.8288267918753,0.0
1938,236,453,755,656,557.288076312422,0.0
1939,240,456,761,655,557.7113948988311,0.0
1940,244,459,764,655,555.7121557065312,0.0
1941,248,462,769,656,555.9469399142332,0.0
1942,252,465,771,658,553.7237578432047,0.0
1943,256,468,771,661,549.976363128453,0.0
1944,260,471,771,665,546.5866811403292,0.0
1945,264,474,771,665,541.7840898365325,0.0
1946,268,477,760,680,532.2339711066929,0.0
1947,272,480,750,696,524.5378918629235,0.0
1948,276,483,740,712,517.4330874615576,0.0
1949,280,486,730,731,512.3719352189383,0.0
1950,284,489,719,750,507.29281485154115,0.0
1951,288,492,710,768,504.24200539026896,0.0
1952,292,495,702,785,502.19518117958876,0.0
1953,296,498,698,799,502.2001592990588,0.0
1954,300,501,684,845,515.5501915429768,0.0
1955,304,504,670,863,512.6763111359837,0.0
1956,308,507,657,863,498.53485334528017,0.0
1957,312,510,647,863,486.65593595475644,0.0
1958,316,513,630,863,470.2084644070117,0.0
1959,320,516,613,863,454.1563607393383,0.0
1960,324,519,599,863,440.41003621625157,0.0
1961,328,522,584,863,426.4000469043126,0.0
1962,332,525,576,863,416.8692840687594,0.0
1963,336,528,571,863,409.20654931220247,0.0
1964,340,531,569,863,403.3174928018868,0.0
1965,344,534,569,863,398.5799794269652,0.0
1966,348,537,565,863,391.61843674679056,0.0
1967,352,540,557,863,382.5624132086162,0.0
1968,356,543,548,863,373.18092127009925,0.0
1969,360,546,538,863,363.55604794859346,0.0
1970,364,549,524,863,352.41452864489,0.0
1971,368,552,509,863,341.4703501037828,0.0
1972,372,555,496,863,332.02409551115414,0.0
1973,376,558,486,863,324.2298567374695,0.0
1974,380,561,476,863,316.8911485037094,0.0
1975,384,564,469,863,310.8472293587318,0.0
1976,388,567,465,863,305.8512710452582,0.0
1977,392,570,461,863,301.01494979485653,0.0
1978,396,573,455,863,295.9408724728641,6.10031746753774
1979,400,576,452,863,291.6727618410742,9.7318817911195
1980,404,579,449,863,287.5430402565849,12.644132087171542
1981,408,582,445,863,283.425475213503,15.223267892759186
1982,412,585,442,863,279.6140196771256,17.415531169615083
1983,416,588,438,863,275.87859648765794,19.428213053768882
1984,420,591,437,863,272.5307322119838,21.140818051988806
1985,424,594,438,863,269.3640659033792,22.694541690882232
1986,428,597,441,863,266.3174797117155,24.137048409661425
1987,432,600,443,863,263.2299375071156,25.553036989084454
1988,436,603,445,863,260.155722597063,26.922107572578803
1989,440,606,447,863,257.09531306501873,28.24875185820821
1990,444,609,454,863,254.19677417308034,29.47498732694495
1991,448,612,461,852,240.3518254559345,34.9952690342324
1992,452,615,473,824,210.05237442123808,45.70508191517681
1993,456,618,484,797,181.1767093199344,54.77182457527762
1994,460,621,495,773,155.97756248896826,62.065575454455335
1995,464,624,506,749,131.86735759845953,68.63490066114353
1996,468,627,516,726,110.02272492535349,74.30657768577704
1997,472,630,525,704,91.02197536858887,79.05631868282764
1998,476,633,534,686,78.56844150166147,82.08746995090223
1999,480,636,542,672,71.69379331573968,83.73513046560532
2000,484,639,552,658,70.60453243241541,83.99459216948331
2001,488,642,562,652,74.67261881037788,83.02335214614234
2002,492,645,571,648,79.05694150420949,81.96971394091945
2003,496,648,579,645,83.05419917138447,81.00270014470424
2004,500,651,587,638,87.96590248499699,79.80588047148643
2005,504,654,593,634,91.21951545584969,79.0077365662432
2006,508,657,599,633,94.11163583744573,78.29460842384927
2007,512,660,606,630,98.67117106835208,77.16317040967816
2008,516,663,612,628,102.18121158021175,76.28604220957786
2009,520,666,619,628,106.04244433244644,75.31483707475338
2010,524,669,624,627,108.46197490364999,74.70280989488266
2011,528,672,630,627,111.48542505637228,73.93420221583976
2012,532,675,635,626,114.06138698087096,73.27594298016136
2013,536,678,640,625,116.72617529928752,72.59161732149224
2014,540,681,644,624,118.59595271340417,72.10937252090017
2015,544,684,646,631,114.94781424629178,73.04868913393719
2016,548,687,648,639,110.92339699089638,74.0774030259304
2017,552,690,645,656,99.02019995940222,77.07619215856008
2018,556,693,640,674,86.12200647918046,80.25630301106699
2019,560,696,634,695,74.00675644831355,83.18274166800205
2020,564,699,629,716,67.1863081289633,84.80602761743151
2021,568,702,623,737,65.19202405202648,85.27751444514784
2022,572,705,618,755,67.94115100585212,84.62719990215137
2023,576,708,611,770,71.19691004531025,83.85354157111348
2024,580,711,603,785,77.4919350642375,82.34664817134892
2025,584,714,596,802,88.81441324469807,79.59814795592939
2026,588,717,589,814,97.0051545022222,77.57761810198359
2027,592,720,582,825,105.47511554864494,75.4579569481256
2028,596,723,577,834,112.61438629233834,73.64609841485938
2029,600,726,574,842,118.87808881370864,72.03645447340199
2030,604,729,571,847,122.5275479229059,71.08963785200417
2031,608,732,567,854,128.70508925446578,69.47124523968736
2032,612,735,562,861,135.55810562264435,67.6517897878918
2033,616,738,558,863,137.80058055030102,67.05068614803842
2034,620,741,551,863,140.1606221447379,66.41491814783593
2035,624,744,544,863,143.39107364128355,65.53931793569086
2036,628,747,540,863,145.60219778561037,64.93635520316289
2037,632,750,536,863,148.27339613025663,64.20388578621063
2038,636,753,533,863,150.6950563223625,63.535932252529804
2039,640,756,529,863,154.17522498767434,62.569334997485925
2040,644,759,525,863,158.04113388608675,61.48608251973921
2041,648,762,521,863,162.265215003093,60.290591886926684
2042,652,765,518,863,166.01204775557707,59.2193889429732
2043,656,768,515,863,170.01764614298128,58.06254162966526
2044,660,771,512,863,174.26416728633572,56.82240025483166
2045,664,774,510,863,177.867928531256,55.75842585891895
2046,668,777,510,863,179.88885457415086,55.15696167412207
2047,672,780,510,863,182.02472359545007,54.51742524310325
2048,676,783,510,863,184.27153876819935,53.84027885167073
2049,680,786,510,863,186.62529303392935,53.12594885707929
2050,684,789,510,863,189.08199279677586,52.37481745527274
2051,688,792,507,863,194.42736432920137,50.720038095488384
2052,692,795,506,863,198.04039991880444,49.58490261498838
2053,696,798,506,863,200.81085628023203,48.704924689184374
2054,700,801,506,863,203.66639388961548,47.7888704988434
2055,704,804,506,863,206.60348496576722,46.836681958269736
2056,708,801,506,863,211.30073355291506,45.29176056510656
2057,712,798,504,863,217.91970998512272,43.065198952092324
2058,716,795,501,863,225.49722836434154,40.437403690415834
2059,720,792,499,863,232.12496634356245,38.0612215083759
2060,724,789,497,863,238.75719884434898,35.60057107630814
2061,728,786,495,863,245.3935614477283,33.04301660742171
2062,732,783,491,863,253.9310930154084,29.586004905623682
2063,736,780,487,863,262.4690457939755,25.895507605786065
2064,740,777,481,863,272.90474528670256,20.953269029332596
2065,744,774,477,863,281.44271175498574,16.38345973964481
2066,748,771,473,863,289.98103386256145,10.975039074190269
2067,752,768,470,863,297.57184006555457,4.368189012889115
2068,756,765,468,863,304.2170277943035,0.0
2069,760,762,467,863,309.9193443462347,0.0
2070,764,759,460,863,321.29737004837125,0.0
2071,768,756,453,863,332.6770205469563,0.0
2072,772,753,445,863,345.0057970527452,0.0
2073,776,750,432,863,362.0842443410097,0.0
2074,780,747,415,863,382.9895559933717,0.0
2075,784,744,408,863,394.38179471167274,0.0
2076,788,741,402,863,404.82094807457776,0.0
2077,792,738,408,863,403.832886228945,0.0
2078,796,735,411,863,405.72034703721727,0.0
2079,800,732,424,863,398.16705036956535,0.0
2080,804,729,432,863,395.39853312828564,0.0
2081,808,726,439,863,393.6114835723165,0.0
2082,812,723,440,863,397.4720115932693,0.0
2083,816,720,438,863,404.1447760394782,0.0
2084,820,717,431,863,415.4960890309318,0.0
2085,824,714,425,863,425.9131366839957,0.0
2086,828,711,413,863,441.9604054663721,0.0
2087,832,708,400,863,458.9651402884537,0.0
2088,836,705,366,863,495.8467505187465,0.0
2089,840,702,331,863,533.8557857699025,0.0
2090,844,699,301,863,567.2257046361703,0.0
2091,848,696,275,863,596.8400120635345,0.0
2092,852,693,251,863,624.5806593227171,0.0
2093,856,690,227,863,652.3572640815767,0.0
2094,860,687,204,863,679.199528857316,0.0
2095,864,684,180,863,707.033945436851,0.0
2096,868,681,158,863,732.9556603233241,0.0
2097,872,678,135,863,759.8644615982511,0.0
2098,876,675,112,863,786.7909506342838,0.0
2099,880,672,90,863,812.7613425846483,0.0
2100,884,669,71,863,835.8259388174072,0.0
2101,888,666,54,863,856.950990430608,0.0
2102,892,663,50,863,865.4270622068622,0.0
2103,896,660,46,863,873.9044570203313,0.0
2104,900,657,45,863,879.4663154436331,0.0
2105,904,654,45,863,884.05995271814,0.0
2106,908,651,48,863,885.7448842640865,0.0
2107,912,648,54,863,884.5275575130489,0.0
2108,916,645,64,863,879.4475538654934,0.0
2109,920,642,72,863,876.32471150824,0.0
2110,924,639,85,863,868.3875862770034,0.0
2111,928,636,98,863,860.4818417607661,0.0
2112,932,633,110,863,853.5713209802682,0.0
2113,936,630,123,863,845.7292711027566,0.0
2114,940,627,139,863,835.0431126594602,0.0
2115,944,624,149,863,830.1481795438691,0.0
2116,948,621,163,863,821.4554157104328,0.0
2117,952,618,176,863,813.7573348363749,0.0
2118,956,615,192,863,803.2434251209281,0.0
2119,960,612,207,863,793.7316927022632,0.0
2120,964,609,221,863,785.2165306461651,0.0
2121,968,606,233,863,778.6359868385226,0.0
2122,972,603,230,863,786.2340618416376,0.0
2123,976,600,220,863,800.4405037227939,0.0
2124,980,597,202,863,822.2165164967194,0.0
2125,984,594,183,863,844.9627210711725,0.0
2126,988,591,171,863,861.0882649299083,0.0
2127,992,588,154,863,881.9688203105595,0.0
2128,996,585,139,863,900.9622633606804,0.0
2129,1000,582,123,863,920.918020238501,0.0
2130,1004,579,116,863,932.3089616645332,0.0
2131,1008,576,110,863,942.7475802143434,0.0
2132,1012,573,105,863,952.2336898051864,0.0
2133,1016,570,96,863,965.5304241710875,0.0
2134,1020,567,89,863,976.9222077524904,0.0
2135,1024,564,83,863,987.361129475938,0.0
2136,1028,561,77,863,997.8000801763849,0.0
2137,1032,558,73,863,1006.3329468918326,0.0
2138,1036,555,70,863,1013.9132112759947,0.0
2139,1040,552,66,863,1022.4465756214356,0.0
2140,1044,549,61,863,1031.9326528412598,0.0
2141,1048,546,58,863,1039.513828671846,0.0
2142,1052,543,51,863,1050.9048482141473,0.0
2143,1056,540,47,863,1059.4385305434196,0.0
2144,1060,537,39,863,1071.7821607024443,0.0
2145,1064,534,35,863,1080.3156946004256,0.0
