timestamp,elapsed_sec,target_x,target_y,target_vx,target_vy,target_speed,gaze_x,gaze_y,gaze_vx,gaze_vy,gaze_speed,dist_error_px,dist_error_deg,is_on_target,eye_state,pursuit_gain,directional_cosine,cross_correlation,optimal_lag_ms,game_mode
736357.4356,0.0007,1054.78,384.32,0.00,0.00,0.00,911.88,380.17,0.00,0.00,0.00,142.97,3.611,0,FIXATION,1.000,0.000,0.000,0.0,lissajous
736357.4684,0.0335,1067.38,406.63,384.30,680.31,781.35,987.84,389.95,2316.70,298.29,2335.83,81.27,2.053,0,SACCADE,2.989,0.599,0.000,0.0,lissajous
736357.4854,0.0505,1073.48,418.70,357.69,708.93,794.06,1031.06,399.18,2537.18,541.42,2594.30,46.69,1.180,0,SACCADE,3.267,0.627,0.000,0.0,lissajous
736357.5023,0.0674,1079.05,430.78,329.40,714.22,786.52,1052.34,408.76,1258.70,566.83,1380.44,34.61,0.874,1,SACCADE,1.755,0.755,0.000,0.0,lissajous
736357.5186,0.0836,1083.84,442.25,295.03,706.48,765.61,1063.85,415.09,708.54,390.00,808.78,33.72,0.852,1,SACCADE,1.056,0.783,0.000,0.0,lissajous
736357.5356,0.1007,1088.22,454.01,256.73,688.70,734.99,1074.14,436.43,602.58,1249.69,1387.38,22.53,0.569,1,SACCADE,1.888,0.996,0.000,0.0,lissajous
736357.5525,0.1176,1091.83,465.07,213.89,655.42,689.44,1082.10,447.22,471.79,639.12,794.39,20.34,0.514,1,SACCADE,1.152,0.949,0.000,0.0,lissajous
736357.5692,0.1342,1094.83,475.84,180.41,646.67,671.37,1067.77,422.18,-861.19,-1504.31,1733.37,60.10,1.518,0,SACCADE,2.582,-0.969,0.000,0.0,lissajous
736357.5851,0.1502,1097.14,485.83,144.59,627.46,643.90,1058.90,418.23,-556.71,-248.07,609.47,77.67,1.962,0,DRIFT,0.947,-0.602,0.000,0.0,lissajous
736357.6021,0.1672,1099.01,496.37,110.11,618.64,628.37,1066.24,410.53,430.80,-452.14,624.52,91.89,2.321,0,DRIFT,0.994,-0.592,0.000,0.0,lissajous
736357.6187,0.1837,1100.19,506.13,71.11,589.62,593.89,1066.42,408.68,10.66,-111.77,112.28,103.13,2.605,0,DRIFT,0.189,-0.977,0.000,0.0,lissajous
736357.6357,0.2008,1100.76,515.86,33.42,571.28,572.26,1069.49,411.37,180.26,157.91,239.65,109.07,2.755,0,SMOOTH_PURSUIT,0.419,0.702,0.000,0.0,lissajous
736357.6531,0.2182,1100.67,524.91,-5.19,520.67,520.69,1076.74,416.73,417.01,308.35,518.63,110.80,2.799,0,SMOOTH_PURSUIT,0.996,0.587,0.000,0.0,lissajous
736357.6689,0.2340,1100.01,532.97,-41.82,508.32,510.04,1076.24,428.69,-31.30,754.19,754.83,106.96,2.702,0,SACCADE,1.480,0.999,0.000,0.0,lissajous
736357.6845,0.2496,1098.81,540.50,-77.22,483.96,490.08,1081.48,444.86,336.88,1039.97,1093.17,97.20,2.455,0,SACCADE,2.231,0.891,0.000,0.0,lissajous
736357.7018,0.2669,1096.84,548.34,-113.50,452.57,466.58,1082.39,460.99,52.55,931.21,932.69,88.53,2.237,0,SACCADE,1.999,0.955,0.000,0.0,lissajous
736357.7188,0.2839,1094.31,555.38,-148.69,413.91,439.81,1088.82,466.59,378.08,329.05,501.21,88.96,2.247,0,SMOOTH_PURSUIT,1.140,0.363,0.000,0.0,lissajous
736357.7358,0.3008,1091.06,562.08,-192.19,395.47,439.70,1090.68,477.00,109.83,615.13,624.86,85.07,2.149,0,SMOOTH_PURSUIT,1.421,0.809,0.000,0.0,lissajous
736357.7514,0.3165,1087.64,567.49,-218.32,346.48,409.53,1097.53,490.46,437.65,860.52,965.42,77.67,1.962,0,SACCADE,2.357,0.512,0.000,0.0,lissajous
736357.7682,0.3333,1083.26,572.95,-260.98,325.20,416.97,1101.96,499.45,264.25,535.77,597.39,75.84,1.916,0,SMOOTH_PURSUIT,1.433,0.423,0.000,0.0,lissajous
736357.7840,0.3490,1078.66,577.47,-292.07,286.56,409.17,1099.43,510.00,-160.06,669.26,688.14,70.59,1.783,0,SACCADE,1.682,0.847,0.000,0.0,lissajous
736357.8013,0.3664,1072.85,581.93,-334.66,256.64,421.73,1100.92,516.90,85.76,397.46,406.61,70.82,1.789,0,SMOOTH_PURSUIT,0.964,0.427,0.000,0.0,lissajous
736357.8190,0.3841,1066.49,585.65,-358.93,209.99,415.85,1099.03,522.55,-106.82,318.81,336.23,70.99,1.794,0,SMOOTH_PURSUIT,0.809,0.753,0.000,0.0,lissajous
736357.8344,0.3995,1060.47,588.33,-390.16,173.81,427.13,1098.61,537.95,-27.32,998.31,998.68,63.19,1.596,0,SACCADE,2.338,0.432,0.000,0.0,lissajous
736357.8511,0.4162,1053.29,590.69,-431.58,142.14,454.39,1095.94,544.14,-160.65,372.00,405.21,63.13,1.595,0,SMOOTH_PURSUIT,0.892,0.664,0.000,0.0,lissajous
736357.8679,0.4330,1045.47,592.44,-464.57,103.93,476.05,1095.04,552.71,-53.41,509.19,511.99,63.53,1.605,0,DRIFT,1.075,0.319,0.000,0.0,lissajous
736357.8845,0.4496,1037.22,593.53,-497.80,65.72,502.12,1092.20,554.52,-171.46,109.20,203.29,67.41,1.703,0,SMOOTH_PURSUIT,0.405,0.907,0.000,0.0,lissajous
736357.9006,0.4656,1028.71,593.98,-529.01,28.07,529.75,1089.71,561.43,-154.42,429.49,456.41,69.14,1.747,0,SMOOTH_PURSUIT,0.862,0.388,0.000,0.0,lissajous
736357.9173,0.4824,1019.36,593.82,-559.61,-9.79,559.70,1088.62,569.42,-65.21,477.92,482.35,73.44,1.855,0,DRIFT,0.862,0.118,0.000,0.0,lissajous
736357.9334,0.4984,1009.88,593.05,-589.54,-47.59,591.46,1084.26,570.74,-271.76,82.13,283.90,77.65,1.962,0,SMOOTH_PURSUIT,0.480,0.931,0.603,0.0,lissajous
736357.9505,0.5155,999.29,591.59,-619.52,-85.75,625.43,1075.67,581.53,-501.95,631.00,806.30,77.04,1.946,0,SACCADE,1.289,0.509,0.600,0.0,lissajous
736357.9671,0.5322,988.47,589.51,-649.98,-124.55,661.80,1073.14,583.30,-152.33,106.28,185.75,84.89,2.145,0,SMOOTH_PURSUIT,0.281,0.698,0.555,0.0,lissajous
736357.9826,0.5477,977.99,587.02,-675.34,-160.62,694.18,1069.34,585.24,-244.48,125.31,274.73,91.37,2.308,0,SMOOTH_PURSUIT,0.396,0.760,0.510,0.0,lissajous
736358.0001,0.5652,965.70,583.56,-702.35,-197.55,729.60,1061.77,589.83,-432.95,262.42,506.27,96.27,2.432,0,SMOOTH_PURSUIT,0.694,0.683,0.478,0.0,lissajous
736358.0165,0.5815,953.78,579.72,-729.94,-235.15,766.88,1050.72,595.34,-676.01,337.32,755.49,98.20,2.481,0,SACCADE,0.985,0.715,0.461,0.0,lissajous
736358.0338,0.5989,940.65,575.00,-755.14,-271.58,802.49,1042.96,595.28,-446.39,-3.52,446.40,104.31,2.635,0,SMOOTH_PURSUIT,0.556,0.944,0.413,0.0,lissajous
736358.0507,0.6158,927.53,569.82,-779.58,-307.71,838.11,1036.16,592.17,-403.96,-185.01,444.31,110.91,2.802,0,SMOOTH_PURSUIT,0.530,0.999,0.363,0.0,lissajous
736358.0673,0.6324,914.12,564.11,-803.77,-342.76,873.80,1024.00,591.06,-729.49,-66.38,732.51,113.13,2.858,0,SACCADE,0.838,0.952,0.342,0.0,lissajous
736358.0845,0.6496,899.98,557.65,-825.70,-376.60,907.53,1018.21,592.57,-338.22,88.00,349.48,123.27,3.114,0,SMOOTH_PURSUIT,0.385,0.776,0.325,204.9,lissajous
736358.1011,0.6662,885.89,550.84,-847.03,-409.59,940.86,1006.64,591.01,-695.42,-94.07,701.75,127.25,3.214,0,SACCADE,0.746,0.951,0.320,204.8,lissajous
736358.1172,0.6823,871.93,543.75,-867.49,-440.93,973.12,992.79,589.72,-860.48,-79.95,864.19,129.31,3.266,0,SACCADE,0.888,0.930,0.312,204.5,lissajous
736358.1334,0.6985,857.65,536.17,-882.85,-468.75,999.58,983.13,588.67,-597.61,-64.80,601.12,136.02,3.436,0,SMOOTH_PURSUIT,0.601,0.929,0.306,204.2,lissajous
736358.1504,0.7155,842.32,527.69,-901.96,-498.43,1030.51,969.59,586.68,-796.22,-116.91,804.76,140.28,3.543,0,SACCADE,0.781,0.936,0.301,204.2,lissajous
736358.1677,0.7328,826.38,518.55,-918.72,-526.82,1059.05,962.49,583.68,-409.69,-173.33,444.85,150.88,3.811,0,SMOOTH_PURSUIT,0.420,0.993,0.287,221.3,lissajous
736358.1848,0.7499,810.40,509.08,-934.65,-554.01,1086.51,945.52,582.11,-992.46,-91.40,996.66,153.59,3.879,0,SACCADE,0.917,0.903,0.290,204.3,lissajous
736358.2019,0.7670,794.21,499.20,-949.42,-579.58,1112.34,928.90,580.96,-974.24,-67.84,976.60,157.57,3.979,0,SACCADE,0.878,0.888,0.294,204.3,lissajous
736358.2176,0.7826,779.16,489.78,-959.34,-600.67,1131.88,923.97,576.56,-314.28,-280.50,421.25,168.82,4.263,0,SMOOTH_PURSUIT,0.372,0.986,0.273,204.0,lissajous
736358.2346,0.7996,762.64,479.19,-971.75,-622.46,1154.02,910.29,565.01,-804.67,-679.48,1053.18,170.78,4.313,0,SACCADE,0.913,0.991,0.285,204.0,lissajous
736358.2509,0.8160,746.57,468.68,-981.28,-641.86,1172.56,891.17,553.45,-1167.41,-705.77,1364.17,167.62,4.233,0,SACCADE,1.163,0.999,0.311,186.9,lissajous
736358.2665,0.8316,731.14,458.41,-989.44,-658.95,1188.78,881.12,549.65,-644.81,-243.41,689.22,175.55,4.433,0,SACCADE,0.580,0.974,0.302,186.5,lissajous
736358.2831,0.8481,714.67,447.25,-996.92,-674.80,1203.83,861.40,541.32,-1193.02,-504.14,1295.16,174.30,4.402,0,SACCADE,1.076,0.981,0.328,186.4,lissajous
736358.2997,0.8648,697.94,435.76,-1002.80,-689.02,1216.70,851.85,534.60,-572.71,-402.58,700.05,182.92,4.619,0,SACCADE,0.575,1.000,0.319,186.4,lissajous
736358.3167,0.8818,680.86,423.87,-1007.15,-701.34,1227.28,830.89,520.57,-1235.74,-827.59,1487.27,178.50,4.508,0,SACCADE,1.212,1.000,0.357,169.4,lissajous
736358.3333,0.8983,664.12,412.07,-1011.02,-712.30,1236.75,821.46,511.43,-569.42,-552.00,793.06,186.09,4.699,0,SACCADE,0.641,0.988,0.353,169.4,lissajous
736358.3503,0.9154,646.86,399.79,-1012.44,-720.54,1242.66,806.24,504.64,-893.12,-398.10,977.83,190.78,4.817,0,SACCADE,0.787,0.980,0.361,169.4,lissajous
736358.3714,0.9365,625.45,384.41,-1012.96,-727.85,1247.34,780.30,494.48,-1227.45,-480.95,1318.31,189.98,4.797,0,SACCADE,1.057,0.969,0.390,170.2,lissajous
736358.3878,0.9529,608.84,372.38,-1013.19,-733.60,1250.88,760.47,475.85,-1209.67,-1136.17,1659.57,183.57,4.635,0,SACCADE,1.327,0.992,0.434,153.0,lissajous
736358.4040,0.9691,592.48,360.47,-1008.93,-734.29,1247.85,739.18,466.72,-1312.58,-563.43,1428.40,181.13,4.574,0,SACCADE,1.145,0.975,0.464,152.9,lissajous
736358.4203,0.9854,576.15,348.54,-1006.17,-735.07,1246.08,720.56,456.10,-1147.33,-654.06,1320.67,180.06,4.547,0,SACCADE,1.060,0.994,0.488,152.8,lissajous
736358.4371,1.0022,559.27,336.18,-1000.58,-732.84,1240.25,704.09,446.59,-976.07,-563.84,1127.22,182.11,4.599,0,SACCADE,0.909,0.994,0.500,152.8,lissajous
736358.4537,1.0188,542.84,324.13,-994.19,-729.01,1232.83,688.69,429.06,-932.25,-1060.93,1412.33,179.67,4.537,0,SACCADE,1.146,0.977,0.526,152.7,lissajous
736358.4706,1.0357,526.18,311.91,-986.34,-723.09,1223.00,673.03,417.69,-926.97,-672.74,1145.36,180.98,4.570,0,SACCADE,0.937,1.000,0.538,152.7,lissajous
736358.4870,1.0521,510.10,300.15,-977.24,-715.24,1211.02,658.90,413.30,-858.97,-267.18,899.57,186.93,4.720,0,SACCADE,0.743,0.946,0.536,152.6,lissajous
736358.5040,1.0690,493.72,288.20,-966.69,-705.33,1196.65,651.34,397.32,-445.99,-942.48,1042.68,191.71,4.841,0,SACCADE,0.871,0.878,0.543,152.6,lissajous
736358.5198,1.0849,478.60,277.21,-954.81,-693.53,1180.10,626.93,392.72,-1541.17,-290.63,1568.33,188.00,4.747,0,SACCADE,1.329,0.904,0.571,152.5,lissajous
736358.5357,1.1008,463.57,266.36,-943.87,-681.60,1164.25,614.74,376.10,-765.95,-1044.39,1295.15,186.79,4.717,0,SACCADE,1.112,0.952,0.588,152.3,lissajous
736358.5521,1.1172,448.38,255.48,-929.01,-665.89,1143.01,602.98,370.63,-718.78,-334.36,792.74,192.77,4.868,0,SACCADE,0.694,0.983,0.581,152.2,lissajous
736358.5686,1.1337,433.30,244.76,-912.92,-648.33,1119.71,584.74,355.10,-1103.95,-939.79,1449.80,187.37,4.731,0,SACCADE,1.295,0.996,0.603,152.2,lissajous
736358.5856,1.1507,418.02,234.04,-896.91,-629.79,1095.94,561.97,342.06,-1337.09,-765.57,1540.75,179.97,4.545,0,SACCADE,1.406,0.996,0.625,152.2,lissajous
736358.6027,1.1677,403.07,223.68,-878.45,-608.50,1068.61,547.10,328.79,-873.57,-779.46,1170.76,178.31,4.503,0,SACCADE,1.096,0.992,0.635,152.2,lissajous
736358.6187,1.1838,389.29,214.28,-859.81,-586.49,1040.79,536.22,319.85,-678.86,-558.17,878.87,180.92,4.569,0,SACCADE,0.844,0.996,0.633,152.1,lissajous
736358.6364,1.2015,374.41,204.31,-839.78,-562.48,1010.75,515.44,307.61,-1172.67,-690.61,1360.92,174.81,4.415,0,SACCADE,1.346,0.998,0.648,152.2,lissajous
736358.6538,1.2189,360.20,195.00,-816.47,-535.00,976.14,501.35,296.82,-809.21,-619.59,1019.17,174.05,4.395,0,SACCADE,1.044,0.997,0.651,152.3,lissajous
736358.6702,1.2353,347.14,186.65,-793.91,-507.69,942.36,487.51,283.86,-841.77,-788.34,1153.28,170.74,4.312,0,SACCADE,1.224,0.983,0.659,152.2,lissajous
736358.6883,1.2534,333.27,178.03,-769.50,-478.18,905.97,469.98,275.46,-972.57,-466.01,1078.45,167.87,4.240,0,SACCADE,1.190,0.994,0.664,152.4,lissajous
736358.7048,1.2699,320.96,170.63,-743.62,-447.01,867.63,456.08,263.18,-839.72,-741.72,1120.39,163.77,4.136,0,SACCADE,1.291,0.983,0.669,152.3,lissajous
736358.7213,1.2864,309.13,163.78,-718.95,-416.63,830.95,442.48,249.86,-826.61,-809.65,1157.07,158.72,4.009,0,SACCADE,1.392,0.969,0.673,152.3,lissajous
736358.7380,1.3031,297.57,157.36,-691.38,-383.92,790.82,428.25,238.41,-850.77,-684.85,1092.17,153.78,3.884,0,SACCADE,1.381,0.985,0.676,169.1,lissajous
736358.7538,1.3189,287.08,151.81,-664.59,-351.51,751.82,417.34,225.15,-690.76,-839.85,1087.43,149.49,3.776,0,SACCADE,1.446,0.923,0.678,169.0,lissajous
736358.7699,1.3349,276.83,146.68,-637.85,-319.02,713.18,398.35,215.22,-1181.80,-617.58,1333.44,139.52,3.524,0,SACCADE,1.870,1.000,0.681,168.9,lissajous
736358.7868,1.3519,266.51,141.86,-608.40,-284.03,671.43,377.06,211.78,-1255.29,-202.95,1271.59,130.81,3.304,0,SACCADE,1.894,0.962,0.682,168.9,lissajous
736358.8037,1.3688,256.75,137.68,-579.00,-248.13,629.92,367.00,203.96,-596.59,-464.19,755.90,128.64,3.249,0,SACCADE,1.200,0.967,0.674,168.9,lissajous
736358.8210,1.3861,247.29,134.04,-546.07,-210.10,585.09,353.45,196.31,-782.01,-441.35,897.96,123.08,3.109,0,SACCADE,1.535,0.989,0.668,169.0,lissajous
736358.8373,1.4024,238.90,131.22,-514.58,-172.80,542.82,341.39,183.97,-740.42,-757.37,1059.16,115.26,2.912,0,SACCADE,1.951,0.890,0.662,168.9,lissajous
736358.8539,1.4190,230.90,128.97,-482.68,-135.68,501.39,328.44,176.50,-781.15,-450.76,901.87,108.50,2.741,0,SACCADE,1.799,0.969,0.653,168.8,lissajous
736358.8709,1.4360,223.23,127.31,-449.44,-97.34,459.86,317.88,167.52,-618.97,-525.89,812.21,102.84,2.598,0,SACCADE,1.766,0.882,0.644,168.9,lissajous
736358.8865,1.4515,216.76,126.38,-416.50,-59.91,420.78,300.64,160.93,-1110.38,-424.40,1188.72,90.71,2.292,0,SACCADE,2.825,0.975,0.631,185.6,lissajous
736358.9036,1.4686,210.22,126.00,-383.05,-22.33,383.70,293.26,157.51,-432.25,-200.44,476.46,88.81,2.244,0,SMOOTH_PURSUIT,1.242,0.930,0.619,168.7,lissajous
736358.9205,1.4855,204.34,126.29,-347.78,16.89,348.19,281.92,149.84,-670.69,-453.72,809.74,81.07,2.048,0,SACCADE,2.326,0.800,0.608,168.7,lissajous
736358.9378,1.5029,198.92,127.27,-311.75,56.43,316.81,267.81,149.25,-811.11,-33.59,811.80,72.32,1.827,0,SACCADE,2.562,0.976,0.597,168.8,lissajous
736358.9542,1.5193,194.41,128.82,-275.91,95.20,291.87,261.23,141.48,-403.39,-475.92,623.88,68.00,1.718,0,SMOOTH_PURSUIT,2.138,0.362,0.587,168.7,lissajous
736358.9698,1.5348,190.65,130.87,-241.33,131.51,274.84,251.21,135.46,-642.62,-386.63,749.97,60.73,1.534,0,SACCADE,2.729,0.506,0.578,168.6,lissajous
736358.9869,1.5520,187.12,133.77,-205.89,168.64,266.14,239.46,133.53,-684.08,-112.02,693.19,52.35,1.323,0,SACCADE,2.605,0.661,0.570,168.6,lissajous
736359.0040,1.5691,184.24,137.30,-168.42,206.94,266.82,235.39,134.17,-238.63,37.50,241.56,51.24,1.295,0,SMOOTH_PURSUIT,0.905,0.744,0.569,151.8,lissajous
736359.0197,1.5848,182.17,141.11,-132.23,242.92,276.57,230.67,133.07,-300.70,-70.53,308.86,49.16,1.242,0,DRIFT,1.117,0.265,0.572,151.7,lissajous
736359.0370,1.6021,180.51,145.93,-95.64,278.40,294.37,221.20,131.55,-547.95,-87.49,554.89,43.15,1.090,0,DRIFT,1.885,0.172,0.572,151.7,lissajous
736359.0529,1.6180,179.58,150.90,-58.74,312.95,318.41,209.34,125.34,-746.14,-391.03,842.40,39.23,0.991,1,SACCADE,2.646,-0.293,0.565,151.6,lissajous
736359.0685,1.6336,179.21,156.32,-23.81,346.74,347.56,207.92,123.46,-91.22,-120.19,150.88,43.63,1.102,0,DRIFT,0.434,-0.753,0.577,151.5,lissajous
736359.0860,1.6511,179.44,162.96,13.19,378.88,379.11,205.50,132.08,-138.12,491.46,510.50,40.40,1.021,1,SMOOTH_PURSUIT,1.347,0.953,0.583,151.6,lissajous
736359.1017,1.6668,180.23,169.42,50.16,411.51,414.56,200.42,128.55,-323.83,-225.20,394.43,45.58,1.152,0,DRIFT,0.951,-0.666,0.594,151.5,lissajous
736359.1187,1.6838,181.69,176.91,86.44,442.24,450.61,192.76,132.72,-451.43,245.59,513.91,45.56,1.151,0,DRIFT,1.140,0.300,0.602,151.5,lissajous
736359.1352,1.7003,183.74,184.74,123.59,472.57,488.46,193.38,131.26,37.25,-88.24,95.78,54.35,1.373,0,DRIFT,0.196,-0.793,0.621,151.5,lissajous
736359.1524,1.7175,186.50,193.35,160.72,501.51,526.63,184.81,133.90,-499.13,153.93,522.33,59.47,1.503,0,DRIFT,0.992,-0.011,0.630,151.5,lissajous
736359.1692,1.7342,189.81,202.22,198.00,529.68,565.48,188.28,136.41,206.96,150.25,255.75,65.82,1.663,0,SMOOTH_PURSUIT,0.452,0.834,0.645,151.5,lissajous
736359.1860,1.7511,193.78,211.61,234.66,555.95,603.45,187.61,139.81,-39.63,201.00,204.87,72.06,1.821,0,SMOOTH_PURSUIT,0.339,0.829,0.660,151.5,lissajous
736359.2022,1.7672,198.13,220.96,270.04,579.62,639.44,180.31,141.20,-452.29,86.49,460.49,81.72,2.064,0,DRIFT,0.720,-0.245,0.670,151.4,lissajous
736359.2174,1.7825,202.75,230.11,303.83,601.77,674.12,180.10,149.16,-14.13,522.64,522.83,84.07,2.124,0,SMOOTH_PURSUIT,0.776,0.880,0.678,168.1,lissajous
736359.2341,1.7991,208.38,240.48,337.25,621.63,707.23,177.70,155.95,-143.85,407.45,432.10,89.92,2.272,0,SMOOTH_PURSUIT,0.611,0.670,0.687,168.1,lissajous
736359.2503,1.8154,214.44,250.93,372.10,641.85,741.91,176.51,159.11,-73.31,193.79,207.19,99.35,2.510,0,SMOOTH_PURSUIT,0.279,0.632,0.698,168.0,lissajous
736359.2667,1.8318,221.08,261.72,405.11,658.41,773.05,181.55,167.88,307.50,535.61,617.61,101.83,2.572,0,SMOOTH_PURSUIT,0.799,1.000,0.702,168.0,lissajous
736359.2834,1.8485,228.41,272.99,439.13,675.27,805.50,186.03,178.21,268.51,618.87,674.61,103.82,2.623,0,SACCADE,0.838,0.986,0.705,168.0,lissajous
736359.3003,1.8654,236.38,284.63,472.26,689.26,835.53,187.95,191.72,113.82,799.85,807.90,104.78,2.647,0,SACCADE,0.967,0.896,0.704,168.0,lissajous
736359.3174,1.8825,245.04,296.66,505.62,702.13,865.24,193.11,199.47,301.29,452.68,543.78,110.19,2.783,0,SMOOTH_PURSUIT,0.628,0.999,0.707,168.0,lissajous
736359.3346,1.8997,254.28,308.89,538.30,712.75,893.18,191.51,205.42,-93.50,346.44,358.84,121.02,3.057,0,SMOOTH_PURSUIT,0.402,0.613,0.709,168.1,lissajous
736359.3513,1.9164,263.82,320.96,569.55,720.84,918.69,195.07,211.22,212.76,346.50,406.61,129.50,3.271,0,SMOOTH_PURSUIT,0.443,0.993,0.711,184.9,lissajous
736359.3681,1.9332,273.87,333.15,600.50,727.90,943.62,195.94,223.00,51.94,703.50,705.41,134.93,3.408,0,SACCADE,0.748,0.816,0.710,184.8,lissajous
736359.3846,1.9496,284.25,345.22,629.83,732.20,965.81,199.80,234.00,234.15,667.47,707.35,139.65,3.527,0,SACCADE,0.732,0.931,0.709,184.8,lissajous
736359.4003,1.9654,294.61,356.79,657.37,734.36,985.61,206.95,246.31,453.59,781.41,903.52,141.03,3.562,0,SACCADE,0.917,0.979,0.707,184.7,lissajous
736359.4176,1.9827,306.46,369.50,685.18,735.08,1004.89,217.06,258.12,584.89,682.52,898.85,142.82,3.607,0,SACCADE,0.894,0.999,0.704,184.8,lissajous
736359.4345,1.9996,318.50,381.89,712.71,733.44,1022.68,223.91,268.72,405.09,627.54,746.94,147.50,3.725,0,SACCADE,0.730,0.980,0.702,184.8,lissajous
736359.4515,2.0166,331.05,394.29,738.91,729.64,1038.44,229.18,282.06,310.78,785.64,844.87,151.56,3.828,0,SACCADE,0.814,0.915,0.700,184.8,lissajous
736359.4692,2.0343,344.57,407.08,764.79,723.76,1052.96,241.17,291.57,678.52,537.75,865.77,155.03,3.915,0,SACCADE,0.822,0.996,0.697,168.1,lissajous
736359.4850,2.0501,357.04,418.40,789.02,716.31,1065.67,245.65,304.23,283.32,801.20,849.82,159.50,4.028,0,SACCADE,0.797,0.881,0.695,168.0,lissajous
736359.5014,2.0665,370.37,430.02,810.87,706.82,1075.69,257.78,316.81,738.17,765.04,1063.10,159.66,4.032,0,SACCADE,0.988,0.996,0.694,168.0,lissajous
736359.5179,2.0830,384.13,441.51,832.43,695.49,1084.74,265.89,325.52,490.31,527.23,719.99,165.64,4.183,0,SACCADE,0.664,0.992,0.690,167.9,lissajous
736359.5338,2.0989,397.65,452.34,852.00,682.09,1091.39,281.26,336.95,968.50,720.14,1206.89,163.89,4.139,0,SACCADE,1.106,0.999,0.690,167.9,lissajous
736359.5503,2.1154,412.04,463.36,871.86,668.03,1098.36,289.54,351.21,501.48,864.24,999.19,166.09,4.194,0,SACCADE,0.910,0.924,0.689,167.8,lissajous
736359.5670,2.1320,426.83,474.18,889.48,650.64,1102.05,302.54,363.63,782.06,746.89,1081.42,166.34,4.201,0,SACCADE,0.981,0.991,0.689,167.8,lissajous
736359.5833,2.1484,441.67,484.53,906.69,632.20,1105.34,311.30,373.53,535.30,604.97,807.80,171.22,4.324,0,SACCADE,0.731,0.972,0.686,167.8,lissajous
736359.6003,2.1654,457.35,494.92,922.24,611.40,1106.49,323.93,388.07,742.88,854.99,1132.64,170.93,4.317,0,SACCADE,1.024,0.964,0.687,167.8,lissajous
736359.6178,2.1829,473.74,505.21,938.20,588.92,1107.72,340.05,399.56,922.71,657.68,1133.11,170.40,4.303,0,SACCADE,1.023,0.998,0.688,167.9,lissajous
736359.6344,2.1995,489.59,514.61,951.68,564.32,1106.42,346.53,414.06,388.91,870.39,953.32,174.86,4.416,0,SACCADE,0.862,0.817,0.687,167.9,lissajous
736359.6519,2.2170,506.41,524.00,963.45,537.94,1103.46,363.98,425.81,999.48,673.62,1205.29,173.00,4.369,0,SACCADE,1.092,0.996,0.690,167.9,lissajous
736359.6695,2.2346,523.62,533.00,975.83,510.11,1101.11,375.68,432.34,663.89,369.96,760.01,178.93,4.519,0,SACCADE,0.690,1.000,0.686,168.0,lissajous
736359.6866,2.2517,540.41,541.18,984.56,479.98,1095.33,390.79,445.14,885.60,750.76,1161.01,177.79,4.490,0,SACCADE,1.060,0.969,0.689,168.0,lissajous
736359.7039,2.2690,557.61,548.97,993.65,449.65,1090.65,412.31,460.34,1243.24,877.93,1521.98,170.20,4.298,0,SACCADE,1.395,0.982,0.693,168.0,lissajous
736359.7207,2.2857,574.37,555.97,1000.23,417.79,1083.98,428.16,472.46,945.46,723.17,1190.32,168.38,4.252,0,SACCADE,1.098,0.967,0.696,168.0,lissajous
736359.7375,2.3026,591.28,562.45,1005.49,385.30,1076.79,442.23,486.26,837.05,820.42,1172.07,167.40,4.227,0,SACCADE,1.088,0.917,0.699,168.0,lissajous
736359.7549,2.3200,608.87,568.57,1009.17,350.97,1068.45,460.93,494.33,1072.80,462.94,1168.42,165.52,4.180,0,SACCADE,1.094,0.997,0.702,168.1,lissajous
736359.7706,2.3357,624.79,573.55,1012.37,317.09,1060.87,477.36,502.06,1044.31,491.96,1154.39,163.86,4.138,0,SACCADE,1.088,0.991,0.705,168.0,lissajous
736359.7868,2.3518,641.15,578.13,1013.85,283.58,1052.77,486.98,514.23,596.84,753.99,961.63,166.88,4.215,0,SACCADE,0.913,0.809,0.705,167.9,lissajous
736359.8027,2.3678,657.30,582.10,1012.32,248.67,1042.41,507.75,526.67,1301.11,779.83,1516.92,159.50,4.028,0,SACCADE,1.455,0.956,0.710,167.9,lissajous
736359.8185,2.3836,673.31,585.48,1011.78,214.06,1034.18,519.76,527.87,759.24,75.75,763.01,164.00,4.142,0,SACCADE,0.738,0.994,0.707,167.8,lissajous
736359.8352,2.4003,690.10,588.44,1009.14,177.94,1024.71,527.36,535.74,456.69,473.15,657.60,171.06,4.320,0,SACCADE,0.642,0.809,0.702,167.8,lissajous
736359.8520,2.4170,707.00,590.80,1006.97,140.50,1016.73,551.79,542.21,1456.51,385.46,1506.65,162.63,4.107,0,SACCADE,1.482,0.993,0.706,167.8,lissajous
736359.8683,2.4333,723.27,592.47,997.74,102.36,1002.97,569.92,551.85,1111.62,591.21,1259.06,158.63,4.006,0,SACCADE,1.255,0.926,0.710,167.8,lissajous
736359.8850,2.4501,739.89,593.55,993.14,64.71,995.24,583.47,555.98,809.48,246.86,846.28,160.87,4.063,0,SACCADE,0.850,0.973,0.709,167.8,lissajous
736359.9019,2.4670,756.56,593.99,984.88,25.92,985.22,599.24,563.97,931.62,471.95,1044.34,160.16,4.045,0,SACCADE,1.060,0.904,0.710,167.8,lissajous
736359.9186,2.4836,772.77,593.78,975.33,-12.80,975.42,615.52,567.71,979.37,224.97,1004.88,159.40,4.026,0,SACCADE,1.030,0.972,0.711,167.8,lissajous
736359.9363,2.5014,789.93,592.84,964.54,-52.51,965.96,636.40,576.23,1173.50,478.72,1267.39,154.43,3.900,0,SACCADE,1.312,0.904,0.714,167.8,lissajous
736359.9535,2.5186,806.28,591.25,951.71,-92.67,956.21,649.04,577.67,736.21,83.69,740.95,157.82,3.986,0,SACCADE,0.775,0.978,0.712,167.9,lissajous
736359.9705,2.5355,822.18,589.02,938.65,-131.70,947.85,667.55,581.39,1092.41,219.69,1114.28,154.82,3.910,0,SACCADE,1.176,0.943,0.714,167.9,lissajous
736359.9871,2.5522,837.57,586.19,923.09,-169.58,938.53,685.70,585.04,1088.71,219.16,1110.55,151.87,3.836,0,SACCADE,1.183,0.929,0.716,167.9,lissajous
736360.0037,2.5688,852.58,582.77,906.73,-206.52,929.95,699.29,588.58,820.68,213.43,847.98,153.40,3.874,0,SACCADE,0.912,0.888,0.715,167.9,lissajous
736360.0206,2.5856,867.60,578.67,890.53,-243.48,923.21,713.67,589.61,853.13,61.04,855.31,154.31,3.897,0,SACCADE,0.926,0.943,0.714,167.9,lissajous
736360.0374,2.6025,882.28,573.96,871.84,-279.81,915.64,731.80,594.12,1076.39,268.02,1109.26,151.82,3.835,0,SACCADE,1.211,0.850,0.716,167.9,lissajous
736360.0552,2.6203,897.41,568.34,850.97,-316.14,907.80,750.42,593.90,1046.98,-12.50,1047.05,149.20,3.768,0,SACCADE,1.153,0.941,0.717,167.9,lissajous
736360.0709,2.6360,910.50,562.81,830.86,-350.94,901.93,765.21,594.87,938.83,61.68,940.86,148.79,3.758,0,SACCADE,1.043,0.894,0.717,167.9,lissajous
736360.0867,2.6517,923.24,556.80,809.39,-382.05,895.03,784.22,591.88,1208.64,-190.25,1223.52,143.37,3.621,0,SACCADE,1.367,0.960,0.718,167.8,lissajous
736360.1035,2.6686,936.48,549.83,788.08,-414.11,890.25,796.65,589.76,739.15,-125.68,749.76,145.42,3.673,0,SACCADE,0.842,0.951,0.716,167.8,lissajous
736360.1202,2.6853,949.24,542.39,763.55,-445.25,883.89,814.82,587.51,1087.04,-134.82,1095.37,141.80,3.581,0,SACCADE,1.239,0.919,0.717,167.8,lissajous
736360.1353,2.7004,960.46,535.21,739.87,-474.04,878.71,829.11,587.56,943.32,3.19,943.33,141.39,3.571,0,SACCADE,1.074,0.840,0.717,167.7,lissajous
736360.1518,2.7169,972.23,526.96,715.18,-501.21,873.32,846.06,583.96,1029.68,-218.68,1052.65,138.45,3.497,0,SACCADE,1.205,0.920,0.718,167.7,lissajous
736360.1679,2.7330,983.35,518.44,689.23,-528.24,868.37,858.47,581.61,769.36,-145.86,783.06,139.94,3.535,0,SACCADE,0.902,0.893,0.717,167.6,lissajous
736360.1839,2.7490,993.94,509.59,662.31,-553.16,862.93,873.62,580.23,947.20,-86.04,951.10,139.52,3.524,0,SACCADE,1.102,0.822,0.717,167.6,lissajous
736360.2001,2.7652,1004.20,500.26,634.95,-577.03,857.97,886.84,577.74,817.80,-154.04,832.18,140.63,3.552,0,SACCADE,0.970,0.852,0.716,167.5,lissajous
736360.2165,2.7816,1014.18,490.40,606.40,-599.77,852.91,903.63,568.99,1020.97,-531.70,1151.12,135.64,3.426,0,SACCADE,1.350,0.955,0.716,167.5,lissajous
736360.2333,2.7984,1023.84,479.99,576.01,-620.79,846.86,918.04,563.56,859.11,-324.10,918.21,134.82,3.405,0,SACCADE,1.084,0.895,0.716,167.5,lissajous
736360.2510,2.8161,1033.49,468.61,544.16,-641.39,841.13,926.61,554.27,482.89,-523.40,712.13,136.98,3.460,0,SACCADE,0.847,0.999,0.715,167.6,lissajous
736360.2669,2.8319,1041.59,458.18,512.22,-659.42,834.99,938.36,549.27,743.22,-316.02,807.62,137.68,3.478,0,SACCADE,0.967,0.874,0.714,167.5,lissajous
736360.2828,2.8478,1049.24,447.46,481.05,-674.24,828.25,956.51,540.83,1141.60,-530.99,1259.05,131.60,3.324,0,SACCADE,1.520,0.870,0.713,167.5,lissajous
736360.2988,2.8639,1056.45,436.42,450.06,-688.86,822.85,965.21,535.34,542.93,-343.05,642.23,134.57,3.399,0,SMOOTH_PURSUIT,0.780,0.910,0.711,167.4,lissajous
736360.3147,2.8798,1063.09,425.29,417.39,-700.06,815.04,971.12,526.43,371.62,-560.21,672.26,136.70,3.453,0,SACCADE,0.825,0.999,0.710,167.4,lissajous
736360.3320,2.8971,1069.74,412.97,383.79,-711.37,808.30,989.15,512.41,1041.36,-809.49,1318.98,127.99,3.233,0,SACCADE,1.632,0.915,0.708,167.4,lissajous
736360.3485,2.9136,1075.47,401.12,348.48,-719.83,799.75,1000.46,504.02,686.87,-509.45,855.18,127.34,3.217,0,SACCADE,1.069,0.886,0.708,167.4,lissajous
736360.3648,2.9299,1080.60,389.26,314.05,-726.63,791.60,1002.25,496.45,109.66,-464.08,476.86,132.77,3.354,0,SMOOTH_PURSUIT,0.602,0.985,0.705,167.4,lissajous
736360.3811,2.9462,1085.15,377.33,279.33,-731.43,782.95,1015.43,485.79,808.13,-653.51,1039.30,128.94,3.257,0,SACCADE,1.327,0.865,0.704,167.4,lissajous
736360.3968,2.9619,1089.00,365.80,244.91,-734.32,774.08,1027.58,474.14,773.50,-741.65,1071.61,124.54,3.146,0,SACCADE,1.384,0.885,0.703,167.3,lissajous
736360.4126,2.9777,1092.33,354.19,210.68,-735.14,764.73,1039.31,465.38,742.93,-554.71,927.17,123.18,3.112,0,SACCADE,1.212,0.796,0.703,167.2,lissajous
736360.4306,2.9957,1095.46,340.96,173.64,-733.91,754.17,1043.62,449.09,238.95,-903.99,935.04,119.91,3.029,0,SACCADE,1.240,1.000,0.703,167.3,lissajous
736360.4473,3.0123,1097.71,328.80,135.51,-730.83,743.29,1054.24,438.81,638.53,-617.77,888.46,118.28,2.988,0,SACCADE,1.195,0.815,0.731,166.4,lissajous
736360.4638,3.0289,1099.35,316.79,98.79,-725.80,732.49,1055.55,428.77,78.74,-607.08,612.16,120.23,3.037,0,SMOOTH_PURSUIT,0.836,1.000,0.729,166.4,lissajous
736360.4799,3.0450,1100.35,305.21,62.59,-719.69,722.40,1061.62,420.69,377.00,-501.93,627.74,121.80,3.077,0,SMOOTH_PURSUIT,0.869,0.849,0.777,166.4,lissajous
736360.4960,3.0611,1100.78,293.80,26.63,-708.85,709.35,1067.64,406.00,373.91,-912.33,985.98,116.99,2.955,0,SACCADE,1.390,0.939,0.780,166.3,lissajous
736360.5120,3.0771,1100.64,282.59,-9.09,-699.76,699.82,1072.59,390.72,309.06,-953.62,1002.45,111.71,2.822,0,SACCADE,1.432,0.947,0.780,166.3,lissajous
736360.5279,3.0930,1099.93,271.67,-44.63,-687.52,688.97,1081.49,384.11,560.78,-416.15,698.33,113.94,2.878,0,SACCADE,1.014,0.543,0.786,166.2,lissajous
736360.5451,3.1102,1098.53,260.10,-81.38,-672.78,677.69,1076.35,368.05,-299.09,-934.33,981.03,110.20,2.784,0,SACCADE,1.448,0.982,0.782,149.6,lissajous
736360.5608,3.1259,1096.68,249.78,-117.92,-657.00,667.50,1084.88,358.05,543.45,-636.49,836.93,108.91,2.751,0,SACCADE,1.254,0.634,0.795,166.2,lissajous
736360.5769,3.1420,1094.22,239.49,-152.95,-639.27,657.31,1085.94,344.59,65.86,-836.25,838.83,105.42,2.663,0,SACCADE,1.276,0.951,0.797,166.2,lissajous
736360.5934,3.1584,1091.11,229.29,-188.64,-619.81,647.88,1091.66,334.73,347.30,-598.96,692.36,105.44,2.664,0,SACCADE,1.069,0.682,0.796,166.2,lissajous
736360.6100,3.1751,1087.37,219.34,-224.89,-598.99,639.81,1092.91,325.83,75.44,-535.38,540.67,106.64,2.694,0,SMOOTH_PURSUIT,0.845,0.878,0.804,166.2,lissajous
736360.6266,3.1917,1083.04,209.76,-260.79,-575.71,632.02,1095.76,309.35,171.32,-991.19,1005.89,100.40,2.536,0,SACCADE,1.592,0.827,0.806,149.5,lissajous
736360.6432,3.2083,1078.11,200.60,-296.28,-550.81,625.44,1096.89,302.46,67.61,-414.01,419.49,103.58,2.617,0,SMOOTH_PURSUIT,0.671,0.793,0.801,149.5,lissajous
736360.6604,3.2255,1072.40,191.60,-332.33,-524.64,621.04,1095.86,284.86,-59.74,-1025.94,1027.68,96.17,2.429,0,SACCADE,1.655,0.874,0.798,166.2,lissajous
736360.6771,3.2422,1066.27,183.32,-367.67,-496.45,617.77,1103.26,277.38,443.97,-448.70,631.22,101.07,2.553,0,DRIFT,1.022,0.153,0.797,149.6,lissajous
736360.6936,3.2587,1059.63,175.59,-401.79,-467.34,616.31,1097.96,270.02,-320.39,-444.99,548.33,101.91,2.574,0,SMOOTH_PURSUIT,0.890,0.996,0.791,149.6,lissajous
736360.7102,3.2753,1052.40,168.33,-435.35,-437.13,616.94,1100.26,254.42,138.24,-939.34,949.46,98.50,2.488,0,SACCADE,1.539,0.598,0.786,149.6,lissajous
736360.7279,3.2930,1044.06,161.14,-470.75,-405.62,621.40,1097.21,242.76,-171.63,-658.12,680.13,97.40,2.461,0,SACCADE,1.095,0.823,0.779,133.0,lissajous
736360.7437,3.3088,1036.17,155.30,-501.12,-370.95,623.47,1092.27,230.64,-313.87,-769.92,831.44,93.93,2.373,0,SACCADE,1.334,0.854,0.767,149.6,lissajous
736360.7604,3.3255,1027.22,149.62,-533.51,-339.11,632.16,1090.37,221.64,-113.81,-536.57,548.51,95.78,2.420,0,SMOOTH_PURSUIT,0.868,0.700,0.764,149.6,lissajous
736360.7786,3.3437,1016.90,144.10,-567.40,-303.36,643.40,1087.86,213.69,-137.76,-436.72,457.93,99.40,2.511,0,SMOOTH_PURSUIT,0.712,0.715,0.761,166.4,lissajous
736360.7952,3.3603,1007.00,139.70,-596.80,-265.20,653.06,1085.85,203.44,-121.07,-618.15,629.89,101.39,2.561,0,SMOOTH_PURSUIT,0.965,0.574,0.764,149.7,lissajous
736360.8128,3.3779,995.94,135.68,-628.35,-228.61,668.65,1083.27,190.21,-146.74,-751.83,766.02,102.96,2.601,0,SACCADE,1.146,0.516,0.762,133.1,lissajous
736360.8292,3.3942,985.22,132.56,-656.89,-190.89,684.06,1076.44,190.13,-418.18,-4.93,418.21,107.87,2.725,0,SMOOTH_PURSUIT,0.611,0.963,0.751,116.5,lissajous
736360.8451,3.4101,974.33,130.10,-684.47,-154.94,701.79,1065.92,184.66,-662.01,-344.31,746.20,106.60,2.693,0,SACCADE,1.063,0.967,0.749,166.3,lissajous
736360.8623,3.4274,962.03,128.07,-712.31,-117.44,721.92,1059.63,174.17,-364.33,-607.16,708.08,107.93,2.727,0,SACCADE,0.981,0.647,0.751,149.7,lissajous
736360.8793,3.4444,949.51,126.74,-736.69,-77.91,740.80,1047.95,161.66,-686.85,-735.84,1006.59,104.45,2.638,0,SACCADE,1.359,0.755,0.749,149.7,lissajous
736360.8961,3.4612,936.67,126.08,-763.36,-39.15,764.36,1042.51,160.86,-323.35,-47.40,326.80,111.40,2.814,0,SMOOTH_PURSUIT,0.428,0.996,0.750,166.4,lissajous
736360.9123,3.4774,923.92,126.07,-786.77,-1.04,786.77,1030.46,159.37,-743.52,-92.25,749.22,111.62,2.820,0,SACCADE,0.952,0.993,0.753,149.8,lissajous
736360.9294,3.4945,910.07,126.71,-810.31,37.44,811.17,1023.34,151.01,-416.69,-489.00,642.46,115.84,2.926,0,SMOOTH_PURSUIT,0.792,0.613,0.754,133.2,lissajous
736360.9461,3.5112,896.21,127.98,-831.25,76.24,834.74,1011.97,148.01,-681.28,-179.90,704.63,117.49,2.968,0,SACCADE,0.844,0.939,0.757,166.4,lissajous
736360.9617,3.5268,882.90,129.75,-851.91,113.28,859.41,1005.31,135.62,-426.80,-792.63,900.23,122.55,3.096,0,SACCADE,1.047,0.354,0.764,149.7,lissajous
736360.9784,3.5435,868.41,132.24,-870.96,149.95,883.78,996.50,131.64,-529.56,-239.40,581.16,128.09,3.235,0,SMOOTH_PURSUIT,0.658,0.828,0.773,166.4,lissajous
736360.9953,3.5604,853.37,135.42,-888.80,187.51,908.37,984.84,131.62,-689.47,-1.44,689.47,131.52,3.322,0,SACCADE,0.759,0.978,0.775,149.8,lissajous
736361.0128,3.5779,837.49,139.37,-907.13,225.77,934.81,966.59,130.32,-1042.23,-73.83,1044.84,129.41,3.269,0,SACCADE,1.118,0.951,0.772,166.5,lissajous
736361.0289,3.5940,822.61,143.60,-922.56,262.21,959.10,956.73,126.65,-611.28,-227.99,652.41,135.18,3.415,0,SACCADE,0.680,0.806,0.777,166.4,lissajous
736361.0456,3.6106,807.02,148.54,-937.53,297.32,983.55,941.48,126.24,-917.08,-24.49,917.40,136.29,3.443,0,SACCADE,0.933,0.945,0.779,166.4,lissajous
736361.0622,3.6273,791.19,154.07,-950.94,332.03,1007.24,925.92,126.32,-934.24,4.83,934.25,137.56,3.475,0,SACCADE,0.928,0.946,0.778,166.4,lissajous
736361.0791,3.6442,774.87,160.27,-966.43,367.37,1033.90,916.07,127.74,-583.70,84.30,589.76,144.90,3.660,0,SMOOTH_PURSUIT,0.570,0.976,0.781,149.7,lissajous
736361.0956,3.6607,758.81,166.85,-970.91,397.78,1049.24,903.53,129.37,-758.27,98.24,764.60,149.49,3.776,0,SACCADE,0.729,0.966,0.782,166.4,lissajous
736361.1123,3.6774,742.41,174.03,-983.51,430.63,1073.65,890.31,128.38,-792.36,-59.02,794.55,154.79,3.909,0,SACCADE,0.740,0.884,0.778,149.8,lissajous
736361.1293,3.6944,725.55,181.88,-991.99,461.58,1094.12,872.29,128.62,-1060.35,14.05,1060.44,156.11,3.943,0,SACCADE,0.969,0.912,0.779,166.4,lissajous
736361.1459,3.7110,708.94,190.04,-999.49,491.40,1113.76,861.09,133.86,-674.45,315.24,744.48,162.18,4.096,0,SACCADE,0.668,1.000,0.774,149.8,lissajous
736361.1629,3.7280,691.88,198.86,-1004.52,519.29,1130.81,846.31,134.06,-869.83,11.94,869.91,167.47,4.229,0,SACCADE,0.769,0.895,0.774,166.4,lissajous
736361.1785,3.7436,676.18,207.35,-1008.52,545.15,1146.43,828.94,136.43,-1115.59,152.37,1125.95,168.42,4.253,0,SACCADE,0.982,0.936,0.772,166.3,lissajous
736361.1950,3.7601,659.46,216.76,-1011.70,569.51,1160.98,815.24,139.07,-829.01,159.24,844.17,174.08,4.396,0,SACCADE,0.727,0.948,0.767,149.7,lissajous
736361.2116,3.7767,642.66,226.60,-1012.89,592.71,1173.56,798.39,143.81,-1015.90,286.21,1055.45,176.36,4.454,0,SACCADE,0.899,0.968,0.764,149.7,lissajous
736361.2278,3.7929,626.23,236.56,-1013.00,614.24,1184.68,785.86,150.94,-772.71,439.44,888.92,181.14,4.574,0,SACCADE,0.750,1.000,0.754,133.0,lissajous
736361.2439,3.8089,609.98,246.73,-1011.83,633.82,1193.95,768.65,155.37,-1071.45,276.17,1106.47,183.09,4.623,0,SACCADE,0.927,0.953,0.746,116.4,lissajous
736361.2604,3.8255,593.26,257.54,-1009.94,652.35,1202.31,750.70,168.21,-1083.75,774.80,1332.23,181.02,4.571,0,SACCADE,1.108,0.999,0.733,133.1,lissajous
736361.2776,3.8427,576.00,269.02,-1005.82,669.17,1208.08,733.16,177.70,-1022.52,553.26,1162.60,181.76,4.590,0,SACCADE,0.962,0.996,0.733,149.7,lissajous
736361.2939,3.8590,559.63,280.21,-1001.16,684.59,1212.84,717.68,186.58,-947.08,543.07,1091.74,183.70,4.639,0,SACCADE,0.900,0.997,0.727,133.1,lissajous
736361.3111,3.8762,542.57,292.18,-994.26,697.50,1214.52,702.25,194.35,-898.87,453.13,1006.63,187.26,4.729,0,SACCADE,0.829,0.990,0.731,166.4,lissajous
736361.3273,3.8923,526.62,303.64,-986.64,708.84,1214.87,680.39,203.26,-1352.34,550.93,1460.26,183.63,4.637,0,SACCADE,1.202,0.972,0.733,166.3,lissajous
736361.3441,3.9092,510.17,315.72,-977.45,717.90,1212.76,664.92,211.96,-918.67,516.89,1054.10,186.32,4.705,0,SACCADE,0.869,0.993,0.732,149.7,lissajous
736361.3611,3.9262,493.73,328.06,-966.16,724.79,1207.80,657.13,222.00,-457.95,590.13,746.97,194.80,4.919,0,SACCADE,0.618,0.965,0.722,132.9,lissajous
736361.3773,3.9424,478.25,339.89,-955.52,730.88,1203.00,638.82,230.91,-1130.84,549.68,1257.35,194.06,4.900,0,SACCADE,1.045,0.980,0.727,166.1,lissajous
736361.3937,3.9588,462.78,351.94,-941.65,733.25,1193.47,612.23,241.26,-1618.64,630.65,1737.16,185.96,4.696,0,SACCADE,1.456,0.958,0.737,149.5,lissajous
736361.4109,3.9760,446.83,364.58,-928.30,735.40,1184.30,600.65,249.05,-673.66,452.75,811.66,192.38,4.858,0,SACCADE,0.685,0.997,0.730,132.9,lissajous
736361.4270,3.9921,432.12,376.41,-912.22,734.26,1171.02,583.90,262.02,-1039.55,804.98,1314.78,190.05,4.799,0,SACCADE,1.123,1.000,0.726,116.3,lissajous
736361.4425,4.0076,418.23,387.75,-895.87,731.33,1156.47,568.02,274.49,-1023.84,804.59,1302.16,187.79,4.742,0,SACCADE,1.126,1.000,0.724,116.2,lissajous
736361.4592,4.0243,403.54,399.91,-879.70,727.80,1141.74,552.84,281.88,-909.23,442.56,1011.22,190.31,4.805,0,SACCADE,0.886,0.972,0.727,149.4,lissajous
736361.4767,4.0418,388.53,412.49,-859.34,720.37,1121.34,535.89,300.01,-969.96,1037.56,1420.33,185.38,4.681,0,SACCADE,1.267,0.993,0.729,132.9,lissajous
736361.4933,4.0584,374.61,424.31,-839.01,711.89,1100.34,516.71,309.59,-1156.04,577.05,1292.06,182.63,4.612,0,SACCADE,1.174,0.971,0.731,149.5,lissajous
736361.5108,4.0758,360.34,436.54,-816.96,700.90,1076.42,499.87,325.70,-964.37,922.73,1334.71,178.20,4.500,0,SACCADE,1.240,0.999,0.744,149.5,lissajous
736361.5271,4.0921,347.41,447.75,-794.12,688.16,1050.80,485.28,332.89,-895.81,441.44,998.67,179.45,4.532,0,SACCADE,0.950,0.967,0.748,149.6,lissajous
736361.5431,4.1082,335.05,458.56,-771.82,674.67,1025.13,470.18,346.74,-942.48,864.97,1279.23,175.40,4.429,0,SACCADE,1.248,1.000,0.752,149.5,lissajous
736361.5591,4.1242,323.06,469.12,-747.44,658.42,996.08,452.52,356.37,-1101.53,600.31,1254.49,171.67,4.335,0,SACCADE,1.259,0.975,0.762,149.5,lissajous
736361.5757,4.1407,311.10,479.72,-722.75,641.11,966.12,439.64,372.31,-778.31,963.13,1238.30,167.51,4.230,0,SACCADE,1.282,0.986,0.775,149.5,lissajous
736361.5919,4.1570,299.78,489.83,-696.34,621.45,933.32,423.66,382.99,-982.54,656.99,1181.96,163.59,4.131,0,BLINK,1.266,0.990,0.780,149.5,lissajous
736361.6083,4.1733,288.82,499.66,-670.20,601.18,900.32,406.55,394.93,-1046.79,730.62,1276.55,157.57,3.979,0,BLINK,1.418,0.993,0.780,149.5,lissajous
736361.6247,4.1898,278.28,509.15,-641.95,578.22,863.97,394.50,405.19,-734.07,624.60,963.83,155.93,3.938,0,BLINK,1.116,1.000,0.786,166.0,lissajous
736361.6413,4.2064,268.11,518.34,-613.15,553.99,826.35,383.52,415.04,-661.48,593.75,888.87,154.89,3.912,0,BLINK,1.076,1.000,0.786,166.0,lissajous
736361.6581,4.2231,258.32,527.20,-583.16,527.92,786.62,368.45,428.21,-898.14,785.11,1192.92,148.08,3.740,0,BLINK,1.517,1.000,0.791,166.0,lissajous
736361.6736,4.2386,249.75,534.97,-553.11,501.08,746.33,356.36,444.49,-780.01,1050.20,1308.18,139.83,3.532,0,BLINK,1.753,0.981,0.795,165.8,lissajous
736361.6900,4.2551,241.12,542.78,-523.33,473.81,705.96,341.65,450.84,-891.87,384.78,971.33,136.24,3.441,0,BLINK,1.376,0.947,0.797,165.8,lissajous
736361.7063,4.2713,233.15,549.98,-491.76,444.30,662.75,329.76,459.47,-733.50,532.14,906.20,132.39,3.344,0,BLINK,1.367,0.994,0.798,165.8,lissajous
736361.7237,4.2888,225.17,557.17,-458.31,412.43,616.56,312.71,471.09,-978.98,667.46,1184.87,122.78,3.101,0,SACCADE,1.922,0.991,0.796,165.9,lissajous
736361.7399,4.3050,218.22,563.37,-427.85,382.65,574.00,308.48,483.09,-261.11,739.78,784.51,120.79,3.051,0,SACCADE,1.367,0.877,0.793,165.9,lissajous
736361.7558,4.3208,212.05,568.85,-389.10,345.08,520.08,299.24,491.38,-582.43,522.27,782.30,116.63,2.946,0,SACCADE,1.504,1.000,0.793,165.9,lissajous
736361.7721,4.3372,206.19,573.99,-358.68,314.48,477.02,284.03,502.14,-930.62,658.89,1140.26,105.93,2.676,0,SACCADE,2.390,0.995,0.789,165.8,lissajous
736361.7892,4.3543,200.65,578.77,-323.73,279.28,427.55,274.47,513.90,-558.40,686.26,884.74,98.28,2.483,0,SACCADE,2.069,0.985,0.783,165.9,lissajous
736361.8063,4.3714,195.73,582.92,-287.37,242.33,375.91,267.84,525.91,-387.11,701.70,801.40,91.93,2.322,0,SACCADE,2.132,0.934,0.774,165.9,lissajous
736361.8231,4.3882,191.52,586.36,-250.87,204.98,323.97,262.87,528.50,-296.71,154.79,334.66,91.85,2.320,0,SMOOTH_PURSUIT,1.033,0.979,0.760,149.3,lissajous
736361.8398,4.4049,187.94,589.15,-214.72,167.72,272.46,243.42,538.40,-1166.67,593.62,1309.01,75.19,1.900,0,SACCADE,4.804,0.982,0.733,132.7,lissajous
736361.8560,4.4211,185.04,591.27,-178.64,130.43,221.19,242.43,545.27,-61.28,423.17,427.58,73.55,1.858,0,SMOOTH_PURSUIT,1.933,0.699,0.715,116.1,lissajous
736361.8731,4.4382,182.61,592.85,-141.93,92.36,169.33,231.43,549.65,-641.91,255.69,690.96,65.19,1.647,0,SACCADE,4.081,0.980,0.700,165.9,lissajous
736361.8892,4.4543,180.91,593.73,-106.07,54.61,119.30,220.20,556.66,-700.32,437.47,825.73,54.01,1.365,0,SACCADE,6.921,0.997,0.687,149.3,lissajous
736361.9057,4.4708,179.78,594.00,-68.46,16.46,70.41,215.84,567.02,-263.63,626.19,679.42,45.04,1.138,0,SACCADE,9.649,0.593,0.670,132.7,lissajous
736361.9217,4.4868,179.25,593.67,-32.97,-20.79,38.98,208.30,569.88,-471.97,178.87,504.73,37.55,0.949,1,DRIFT,12.949,0.602,0.655,116.0,lissajous
736361.9390,4.5040,179.32,592.64,4.07,-59.17,59.31,208.02,577.74,-16.13,455.34,455.63,32.34,0.817,1,DRIFT,7.682,-0.999,0.644,99.5,lissajous
736361.9562,4.5212,180.05,590.95,42.42,-98.61,107.35,193.68,580.04,-834.04,133.73,844.69,17.46,0.441,1,SACCADE,7.869,-0.536,0.619,83.0,lissajous
736361.9716,4.5367,181.27,588.85,78.78,-135.93,157.11,193.69,585.07,0.29,325.34,325.34,12.98,0.328,1,DRIFT,2.071,-0.865,0.617,66.3,lissajous
736361.9875,4.5525,183.07,586.14,113.53,-171.30,205.51,192.46,586.92,-77.37,116.65,139.98,9.43,0.238,1,DRIFT,0.681,-1.000,0.630,82.9,lissajous
736362.0041,4.5692,185.56,582.67,149.40,-207.51,255.70,190.85,589.23,-96.87,138.49,169.01,8.42,0.213,1,DRIFT,0.661,-1.000,0.648,99.5,lissajous
736362.0201,4.5852,188.52,578.79,185.26,-243.37,305.86,184.39,593.34,-403.83,257.64,479.01,15.13,0.382,1,DRIFT,1.566,-0.939,0.653,82.9,lissajous
736362.0355,4.6006,191.90,574.52,219.51,-277.23,353.61,182.20,594.26,-142.37,59.29,154.23,22.00,0.556,1,DRIFT,0.436,-0.874,0.673,82.8,lissajous
736362.0529,4.6180,196.33,569.10,255.09,-311.99,403.00,182.29,593.17,4.98,-62.32,62.52,27.87,0.704,1,SMOOTH_PURSUIT,0.155,0.822,0.677,82.9,lissajous
736362.0685,4.6336,200.88,563.67,290.58,-346.16,451.96,181.38,593.09,-57.86,-5.62,58.13,35.29,0.892,1,DRIFT,0.129,-0.566,0.684,82.8,lissajous
736362.0847,4.6498,206.13,557.56,324.02,-377.71,497.65,180.52,594.49,-53.36,86.46,101.60,44.95,1.136,0,DRIFT,0.204,-0.988,0.704,116.0,lissajous
736362.1014,4.6665,212.11,550.72,358.78,-410.08,544.87,182.89,589.41,142.34,-304.67,336.28,48.48,1.225,0,SMOOTH_PURSUIT,0.617,0.961,0.718,116.0,lissajous
736362.1188,4.6839,218.98,543.02,394.30,-442.42,592.63,182.29,587.02,-34.54,-137.19,141.47,57.29,1.448,0,SMOOTH_PURSUIT,0.239,0.561,0.731,132.6,lissajous
736362.1352,4.7002,225.97,535.30,428.12,-472.32,637.48,183.30,585.02,62.20,-122.45,137.35,65.52,1.655,0,SMOOTH_PURSUIT,0.215,0.965,0.747,132.6,lissajous
736362.1506,4.7156,233.06,527.60,460.27,-500.20,679.74,185.87,583.59,167.08,-92.73,191.09,73.22,1.850,0,SMOOTH_PURSUIT,0.281,0.949,0.766,149.1,lissajous
736362.1671,4.7322,241.19,518.89,491.67,-526.56,720.42,187.94,580.81,124.65,-168.28,209.42,81.67,2.063,0,SMOOTH_PURSUIT,0.291,0.994,0.783,149.1,lissajous
736362.1833,4.7484,249.67,509.94,523.14,-552.12,760.60,187.90,579.01,-1.94,-110.78,110.79,92.66,2.341,0,SMOOTH_PURSUIT,0.146,0.714,0.798,149.0,lissajous
736362.2005,4.7655,259.18,500.05,554.66,-576.83,800.24,190.21,577.85,134.68,-68.05,150.90,103.96,2.626,0,SMOOTH_PURSUIT,0.189,0.944,0.806,149.1,lissajous
736362.2183,4.7833,269.63,489.35,586.77,-600.89,839.86,193.47,573.58,182.97,-239.97,301.77,113.55,2.868,0,SMOOTH_PURSUIT,0.359,0.993,0.821,165.8,lissajous
736362.2351,4.8002,280.04,478.85,618.02,-623.25,877.72,196.33,568.98,169.94,-272.93,321.52,123.00,3.107,0,SMOOTH_PURSUIT,0.366,0.975,0.838,165.8,lissajous
736362.2524,4.8175,291.23,467.73,647.19,-642.71,912.10,204.06,555.66,446.72,-769.50,889.76,123.82,3.128,0,SACCADE,0.976,0.966,0.837,165.9,lissajous
736362.2694,4.8345,302.77,456.46,678.05,-662.83,948.21,211.53,551.40,438.67,-250.61,505.22,131.68,3.326,0,SMOOTH_PURSUIT,0.533,0.968,0.842,165.9,lissajous
736362.2861,4.8512,314.50,445.17,702.30,-675.75,974.61,220.58,544.79,541.95,-396.06,671.25,136.91,3.458,0,SACCADE,0.689,0.991,0.843,182.5,lissajous
736362.3021,4.8671,326.13,434.16,729.68,-691.12,1005.02,226.85,536.35,393.84,-529.49,659.90,142.47,3.599,0,SACCADE,0.657,0.985,0.846,182.4,lissajous
736362.3186,4.8837,338.63,422.51,754.63,-703.26,1031.53,236.05,524.38,554.95,-722.64,911.14,144.57,3.651,0,SACCADE,0.883,0.986,0.850,182.4,lissajous
736362.3361,4.9011,352.22,410.06,779.09,-713.43,1056.39,242.24,516.02,354.84,-478.95,596.07,152.72,3.857,0,SMOOTH_PURSUIT,0.564,0.982,0.853,165.8,lissajous
736362.3531,4.9181,365.89,397.77,803.89,-722.70,1080.99,252.31,505.03,592.15,-646.19,876.47,156.22,3.946,0,SACCADE,0.811,0.995,0.851,182.4,lissajous
736362.3698,4.9348,379.64,385.64,824.17,-727.16,1099.10,258.82,498.53,390.20,-389.71,551.48,165.36,4.176,0,SMOOTH_PURSUIT,0.502,0.998,0.847,182.4,lissajous
736362.3863,4.9514,393.66,373.50,846.84,-732.90,1119.94,268.92,485.40,610.30,-792.98,1000.64,167.57,4.232,0,SACCADE,0.893,0.980,0.845,182.5,lissajous
736362.4034,4.9685,408.50,360.92,866.23,-734.56,1135.75,285.93,473.51,993.13,-694.32,1211.77,166.43,4.203,0,SACCADE,1.067,0.996,0.839,165.9,lissajous
736362.4203,4.9854,423.43,348.53,885.56,-734.97,1150.83,299.31,463.94,793.52,-567.65,975.65,169.48,4.280,0,SACCADE,0.848,0.997,0.834,165.9,lissajous
736362.4367,5.0018,438.24,336.51,903.18,-733.26,1163.36,313.07,450.13,839.46,-842.44,1189.28,169.04,4.269,0,SACCADE,1.022,0.994,0.830,182.4,lissajous
736362.4534,5.0185,453.56,324.35,918.90,-729.09,1173.01,319.61,439.31,391.78,-648.59,757.73,176.52,4.458,0,SACCADE,0.646,0.937,0.825,165.8,lissajous
736362.4705,5.0355,469.53,311.99,934.06,-723.09,1181.24,331.92,428.44,720.12,-635.55,960.47,180.28,4.552,0,SACCADE,0.813,0.998,0.822,182.4,lissajous
736362.4873,5.0524,485.51,299.94,948.15,-715.13,1187.60,350.85,419.57,1123.41,-526.69,1240.75,180.13,4.549,0,SACCADE,1.045,0.978,0.821,165.9,lissajous
736362.5038,5.0689,501.37,288.29,960.43,-705.13,1191.48,360.74,400.01,599.23,-1184.80,1327.71,179.60,4.535,0,SACCADE,1.114,0.892,0.818,165.9,lissajous
736362.5207,5.0857,517.72,276.62,971.88,-693.53,1193.96,376.13,393.52,914.69,-385.73,992.69,183.60,4.636,0,SACCADE,0.831,0.976,0.814,149.3,lissajous
736362.5376,5.1027,534.38,265.09,981.72,-679.52,1193.95,386.51,380.42,611.46,-771.41,984.35,187.53,4.735,0,SACCADE,0.824,0.957,0.805,166.0,lissajous
736362.5536,5.1187,550.18,254.49,990.28,-664.22,1192.42,405.46,367.55,1187.61,-806.65,1435.65,183.65,4.638,0,SACCADE,1.204,1.000,0.803,165.9,lissajous
736362.5709,5.1360,567.51,243.26,997.72,-646.98,1189.13,418.33,354.94,741.06,-726.65,1037.88,186.35,4.706,0,SACCADE,0.873,0.980,0.800,166.0,lissajous
736362.5875,5.1526,584.12,232.87,1003.52,-627.35,1183.48,430.87,344.16,757.73,-650.97,998.96,189.39,4.782,0,SACCADE,0.844,0.989,0.797,166.0,lissajous
736362.6044,5.1695,601.18,222.61,1007.27,-605.88,1175.45,446.34,329.27,913.27,-879.21,1267.71,188.02,4.748,0,SACCADE,1.078,0.975,0.801,165.9,lissajous
736362.6214,5.1865,618.31,212.73,1011.15,-583.34,1167.36,460.70,319.72,847.45,-563.26,1017.56,190.50,4.810,0,SACCADE,0.872,0.998,0.798,149.3,lissajous
736362.6378,5.2029,634.93,203.56,1012.67,-559.00,1156.71,478.75,304.02,1100.01,-957.05,1458.07,185.70,4.689,0,SACCADE,1.261,0.978,0.804,182.5,lissajous
736362.6549,5.2200,652.31,194.41,1013.78,-533.46,1145.56,493.42,295.52,856.11,-495.72,989.28,188.33,4.756,0,SACCADE,0.864,0.999,0.807,165.9,lissajous
736362.6709,5.2360,668.50,186.31,1012.25,-506.11,1131.73,507.30,283.11,867.37,-776.09,1163.89,188.03,4.748,0,SACCADE,1.028,0.965,0.808,149.2,lissajous
736362.6882,5.2532,685.91,178.08,1010.32,-477.78,1117.59,519.86,268.38,728.92,-855.09,1123.61,189.01,4.773,0,SACCADE,1.005,0.912,0.810,149.2,lissajous
736362.7055,5.2706,703.32,170.35,1005.54,-446.35,1100.16,540.74,259.13,1205.56,-533.87,1318.49,185.24,4.678,0,SACCADE,1.198,1.000,0.816,165.8,lissajous
736362.7222,5.2873,720.10,163.40,1000.78,-414.69,1083.30,556.28,250.91,927.28,-490.63,1049.08,185.72,4.690,0,SACCADE,0.968,0.996,0.819,165.8,lissajous
736362.7392,5.3043,736.96,156.92,994.91,-382.24,1065.81,575.30,234.99,1121.99,-938.91,1463.02,179.52,4.533,0,SACCADE,1.373,0.946,0.824,165.8,lissajous
736362.7559,5.3210,753.44,151.11,986.08,-348.17,1045.75,594.34,228.81,1139.37,-370.13,1197.98,177.06,4.471,0,SACCADE,1.146,1.000,0.826,149.3,lissajous
736362.7724,5.3375,769.59,145.91,977.90,-314.24,1027.15,610.42,218.10,973.76,-648.30,1169.83,174.77,4.414,0,SACCADE,1.139,0.962,0.832,165.9,lissajous
736362.7900,5.3551,786.57,141.03,966.26,-277.93,1005.43,625.33,207.97,848.32,-576.11,1025.45,174.59,4.409,0,SACCADE,1.020,0.950,0.840,166.0,lissajous
736362.8063,5.3714,802.18,137.08,955.22,-241.57,985.30,644.40,198.37,1167.16,-587.64,1306.74,169.26,4.275,0,SACCADE,1.326,0.976,0.843,166.0,lissajous
736362.8229,5.3880,817.79,133.68,941.35,-205.13,963.44,658.83,191.60,869.92,-408.34,960.99,169.19,4.273,0,SACCADE,0.997,0.975,0.846,166.0,lissajous
736362.8398,5.4049,833.45,130.85,927.42,-167.87,942.49,679.20,179.56,1206.42,-713.30,1401.51,161.76,4.085,0,SACCADE,1.487,0.938,0.859,166.0,lissajous
736362.8566,5.4217,848.80,128.66,912.06,-129.80,921.25,701.34,173.13,1315.34,-381.60,1369.58,154.02,3.890,0,SACCADE,1.487,0.990,0.863,166.0,lissajous
736362.8732,5.4382,863.58,127.15,894.75,-91.66,899.43,711.06,168.78,588.47,-263.82,644.90,158.10,3.993,0,SMOOTH_PURSUIT,0.717,0.949,0.858,166.0,lissajous
736362.8901,5.4552,878.45,126.25,876.39,-53.18,878.00,730.81,159.87,1163.82,-525.01,1276.76,151.42,3.824,0,SACCADE,1.454,0.935,0.861,166.0,lissajous
736362.9060,5.4711,892.10,126.00,859.95,-15.34,860.09,751.65,158.14,1313.51,-108.96,1318.02,144.08,3.639,0,SACCADE,1.532,0.998,0.862,182.6,lissajous
736362.9231,5.4882,906.45,126.39,836.17,22.80,836.48,760.87,153.62,537.52,-263.34,598.56,148.10,3.741,0,SMOOTH_PURSUIT,0.716,0.886,0.860,165.9,lissajous
736362.9385,5.5036,918.99,127.32,816.66,60.29,818.88,779.15,146.42,1190.00,-468.91,1279.05,141.14,3.565,0,SACCADE,1.562,0.901,0.861,165.8,lissajous
736362.9549,5.5200,932.02,128.90,795.24,96.72,801.10,796.35,143.38,1049.61,-185.23,1065.83,136.44,3.446,0,SACCADE,1.330,0.957,0.863,165.8,lissajous
736362.9715,5.5366,944.85,131.14,771.59,134.29,783.19,807.17,136.91,650.99,-389.24,758.48,137.80,3.481,0,SACCADE,0.968,0.758,0.862,182.4,lissajous
736362.9880,5.5531,957.21,133.98,747.74,171.83,767.23,828.25,134.49,1275.51,-146.47,1283.89,128.95,3.257,0,SACCADE,1.673,0.943,0.862,182.4,lissajous
736363.0041,5.5692,968.81,137.32,722.63,208.15,752.01,845.02,132.20,1044.59,-142.61,1054.28,123.89,3.129,0,SACCADE,1.402,0.915,0.863,182.3,lissajous
736363.0200,5.5850,979.86,141.17,697.03,243.12,738.21,856.63,129.32,731.84,-181.58,754.03,123.80,3.127,0,SACCADE,1.021,0.837,0.861,182.3,lissajous
736363.0360,5.6010,990.61,145.62,671.13,277.63,726.28,873.04,125.43,1024.83,-243.04,1053.26,119.29,3.013,0,SACCADE,1.450,0.811,0.861,165.7,lissajous
736363.0514,5.6164,1000.52,150.40,644.39,310.80,715.42,882.13,130.45,590.74,326.42,674.93,120.06,3.033,0,SACCADE,0.943,0.998,0.859,182.1,lissajous
736363.0686,5.6337,1011.15,156.35,615.94,344.55,705.76,902.76,129.81,1195.55,-37.00,1196.12,111.59,2.819,0,SACCADE,1.695,0.857,0.858,182.2,lissajous
736363.0855,5.6505,1021.01,162.73,585.47,378.91,697.39,915.25,122.99,741.18,-404.96,844.59,112.99,2.854,0,SACCADE,1.211,0.476,0.861,182.2,lissajous
736363.1018,5.6669,1030.10,169.47,554.63,411.10,690.37,924.68,127.47,575.78,273.53,637.45,113.48,2.867,0,SMOOTH_PURSUIT,0.923,0.981,0.858,165.7,lissajous
736363.1189,5.6840,1039.04,177.03,523.16,442.63,685.28,937.63,126.60,757.95,-50.76,759.65,113.26,2.861,0,SACCADE,1.109,0.719,0.859,182.2,lissajous
736363.1352,5.7003,1047.04,184.73,490.99,472.81,681.63,950.21,130.87,772.14,261.82,815.32,110.80,2.799,0,SACCADE,1.196,0.905,0.859,182.3,lissajous
736363.1521,5.7171,1054.76,193.18,458.35,501.44,679.36,961.76,132.07,685.88,71.32,689.58,111.28,2.811,0,SACCADE,1.015,0.747,0.858,182.4,lissajous
736363.1682,5.7333,1061.64,201.73,425.21,528.60,678.39,972.90,136.24,688.45,257.77,735.13,110.29,2.786,0,SACCADE,1.084,0.860,0.859,182.4,lissajous
736363.1851,5.7502,1068.23,211.06,391.49,554.28,678.59,983.29,139.30,617.24,181.63,643.41,111.20,2.809,0,SMOOTH_PURSUIT,0.948,0.784,0.858,182.4,lissajous
736363.2012,5.7663,1073.99,220.38,357.48,578.64,680.16,996.18,140.90,799.96,99.12,806.08,111.23,2.810,0,SACCADE,1.185,0.626,0.859,165.8,lissajous
736363.2172,5.7823,1079.18,230.02,323.56,600.46,682.09,1007.15,149.36,683.65,527.24,863.34,108.14,2.732,0,SACCADE,1.266,0.913,0.859,182.4,lissajous
736363.2341,5.7992,1084.06,240.52,288.85,622.07,685.86,1014.17,156.25,416.03,408.33,582.93,109.48,2.765,0,SMOOTH_PURSUIT,0.850,0.936,0.859,165.7,lissajous
736363.2502,5.8153,1088.14,250.85,253.25,641.09,689.30,1026.02,163.33,735.47,439.32,856.69,107.32,2.711,0,SACCADE,1.243,0.792,0.858,165.7,lissajous
736363.2670,5.8320,1091.78,261.88,217.95,659.62,694.69,1035.52,174.01,567.94,638.59,854.61,104.34,2.636,0,SACCADE,1.230,0.918,0.861,182.4,lissajous
736363.2834,5.8484,1094.76,272.95,181.43,674.63,698.60,1037.67,179.28,131.26,320.93,346.73,109.70,2.771,0,SMOOTH_PURSUIT,0.496,0.992,0.861,165.8,lissajous
736363.3004,5.8655,1097.23,284.69,144.77,689.38,704.41,1049.55,189.90,697.54,623.59,935.64,106.11,2.680,0,SACCADE,1.328,0.805,0.860,182.5,lissajous
736363.3176,5.8827,1099.07,296.81,106.87,702.11,710.20,1054.47,197.18,284.84,422.54,509.58,109.15,2.757,0,SMOOTH_PURSUIT,0.718,0.904,0.865,182.5,lissajous
736363.3343,5.8994,1100.22,308.67,69.25,712.62,715.98,1063.60,208.46,548.58,677.18,871.50,106.69,2.695,0,SACCADE,1.217,0.834,0.865,165.9,lissajous
736363.3520,5.9170,1100.77,321.41,31.08,721.36,722.03,1070.14,212.67,370.15,238.37,440.27,112.97,2.854,0,SMOOTH_PURSUIT,0.610,0.577,0.868,182.5,lissajous
736363.3682,5.9333,1100.66,333.23,-6.69,727.85,727.88,1076.70,223.59,403.99,672.29,784.34,112.23,2.835,0,SACCADE,1.078,0.852,0.869,165.9,lissajous
736363.3848,5.9499,1099.94,345.39,-43.28,732.10,733.38,1074.96,235.69,-104.42,728.74,736.18,112.51,2.842,0,SACCADE,1.004,0.997,0.870,182.6,lissajous
736363.4013,5.9664,1098.62,357.50,-80.09,734.60,738.95,1083.78,249.37,534.63,830.03,987.31,109.14,2.757,0,SACCADE,1.336,0.777,0.869,166.0,lissajous
736363.4187,5.9838,1096.57,370.31,-117.69,734.98,744.34,1086.76,258.93,171.48,548.58,574.75,111.81,2.824,0,SMOOTH_PURSUIT,0.772,0.895,0.869,166.0,lissajous
736363.4351,6.0002,1094.03,382.32,-155.02,733.27,749.48,1090.12,269.66,204.97,654.37,685.73,112.73,2.848,0,SACCADE,0.915,0.872,0.870,182.6,lissajous
736363.4509,6.0159,1091.03,393.82,-190.29,729.74,754.14,1096.23,274.75,387.46,323.43,504.71,119.18,3.011,0,SMOOTH_PURSUIT,0.669,0.426,0.871,165.9,lissajous
736363.4671,6.0322,1087.37,405.60,-225.25,724.50,758.71,1098.69,289.59,151.33,912.57,925.03,116.56,2.944,0,SACCADE,1.219,0.893,0.870,182.6,lissajous
736363.4832,6.0483,1083.19,417.13,-260.01,716.61,762.32,1094.46,298.56,-262.93,557.45,616.35,119.10,3.009,0,SMOOTH_PURSUIT,0.809,0.996,0.871,166.0,lissajous
736363.4988,6.0639,1078.59,428.21,-294.26,708.36,767.05,1096.22,317.85,112.59,1233.52,1238.65,111.76,2.823,0,SACCADE,1.615,0.885,0.864,165.9,lissajous
736363.5156,6.0807,1073.09,439.88,-328.59,697.39,770.93,1098.85,330.56,156.90,759.10,775.14,112.32,2.837,0,SACCADE,1.005,0.800,0.865,182.6,lissajous
736363.5323,6.0974,1067.00,451.33,-363.55,684.01,774.62,1099.15,342.50,18.23,713.24,713.48,113.48,2.867,0,SACCADE,0.921,0.871,0.865,166.0,lissajous
736363.5494,6.1145,1060.20,462.75,-398.44,668.76,778.46,1099.44,350.48,16.63,467.81,468.11,118.92,3.004,0,SMOOTH_PURSUIT,0.601,0.840,0.865,182.6,lissajous
736363.5663,6.1314,1052.88,473.76,-432.98,651.60,782.35,1100.22,366.56,46.36,951.40,952.53,117.18,2.960,0,SACCADE,1.218,0.805,0.864,166.1,lissajous
736363.5844,6.1494,1044.43,485.17,-467.93,632.02,786.39,1096.59,369.84,-200.88,181.61,270.81,126.58,3.197,0,SMOOTH_PURSUIT,0.344,0.980,0.858,166.2,lissajous
736363.6014,6.1665,1035.87,495.58,-502.19,610.24,790.30,1092.60,390.34,-233.76,1202.23,1224.74,119.56,3.020,0,SACCADE,1.550,0.879,0.852,166.2,lissajous
736363.6177,6.1827,1027.18,505.14,-534.19,588.11,794.50,1089.50,401.46,-191.06,684.16,710.33,120.97,3.056,0,SACCADE,0.894,0.894,0.851,182.8,lissajous
736363.6349,6.2000,1017.42,514.88,-565.45,563.96,798.62,1087.10,412.96,-138.83,665.88,680.20,123.46,3.119,0,SACCADE,0.852,0.836,0.855,166.2,lissajous
736363.6511,6.2161,1007.81,523.56,-595.64,538.22,802.79,1085.45,426.09,-102.49,814.05,820.47,124.61,3.148,0,SACCADE,1.022,0.758,0.852,182.8,lissajous
736363.6677,6.2327,997.43,532.06,-625.42,512.38,808.51,1081.26,435.40,-252.53,560.78,615.02,127.95,3.232,0,SMOOTH_PURSUIT,0.761,0.895,0.852,166.1,lissajous
736363.6837,6.2488,986.95,539.83,-653.27,484.37,813.25,1077.86,438.36,-211.98,184.57,281.08,136.24,3.441,0,SMOOTH_PURSUIT,0.346,0.997,0.853,182.7,lissajous
736363.7002,6.2652,975.75,547.33,-680.50,455.51,818.88,1064.44,459.95,-814.88,1311.53,1544.07,124.51,3.145,0,SACCADE,1.886,0.911,0.841,166.1,lissajous
736363.7163,6.2814,964.36,554.19,-707.01,425.46,825.15,1057.63,466.36,-423.12,398.33,581.11,128.11,3.236,0,SMOOTH_PURSUIT,0.704,0.977,0.836,182.6,lissajous
736363.7336,6.2986,951.67,561.00,-734.31,394.00,833.34,1048.67,480.25,-517.89,803.68,956.09,126.21,3.188,0,SACCADE,1.147,0.875,0.835,166.1,lissajous
736363.7511,6.3162,938.33,567.30,-758.35,358.30,838.74,1044.04,491.75,-263.72,653.94,705.11,129.92,3.282,0,SACCADE,0.841,0.734,0.835,166.1,lissajous
736363.7672,6.3323,925.72,572.52,-783.38,324.28,847.85,1032.25,499.76,-731.92,497.36,884.91,129.01,3.259,0,SACCADE,1.044,0.979,0.839,182.6,lissajous
736363.7839,6.3490,912.30,577.35,-806.65,290.20,857.27,1021.95,507.77,-619.48,481.37,784.52,129.86,3.280,0,SACCADE,0.915,0.951,0.839,166.0,lissajous
736363.7999,6.3650,899.02,581.44,-827.50,254.94,865.88,1013.54,519.67,-524.19,741.78,908.30,130.11,3.286,0,SACCADE,1.049,0.792,0.837,165.9,lissajous
736363.8165,6.3815,884.98,585.07,-848.67,219.55,876.61,1007.68,528.86,-354.05,555.11,658.41,134.96,3.409,0,SACCADE,0.751,0.732,0.843,182.6,lissajous
736363.8327,6.3978,870.89,588.04,-867.67,183.02,886.76,991.84,533.80,-974.82,304.24,1021.19,132.56,3.348,0,SACCADE,1.152,0.996,0.841,166.0,lissajous
736363.8491,6.4142,856.32,590.45,-886.06,146.27,898.05,977.14,544.54,-894.51,653.60,1107.85,129.25,3.265,0,SACCADE,1.234,0.893,0.840,182.5,lissajous
736363.8648,6.4298,842.23,592.16,-902.67,109.81,909.32,967.25,552.86,-633.55,533.08,827.99,131.05,3.310,0,SACCADE,0.911,0.837,0.841,182.4,lissajous
736363.8805,6.4456,827.77,593.33,-917.71,73.87,920.68,957.44,557.86,-622.30,317.24,698.50,134.44,3.396,0,SACCADE,0.759,0.924,0.845,165.8,lissajous
736363.8969,6.4620,812.48,593.93,-932.54,36.88,933.27,942.71,559.05,-898.40,72.15,901.29,134.83,3.405,0,SACCADE,0.966,0.999,0.845,182.4,lissajous
736363.9130,6.4781,797.26,593.92,-947.24,-0.59,947.24,933.30,565.75,-585.78,417.45,719.31,138.93,3.509,0,SACCADE,0.759,0.814,0.845,182.3,lissajous
736363.9291,6.4941,781.86,593.31,-957.44,-37.65,958.18,917.94,576.45,-955.11,664.89,1163.75,137.12,3.463,0,SACCADE,1.215,0.798,0.842,182.3,lissajous
736363.9449,6.5100,766.49,592.13,-969.34,-74.44,972.20,910.41,576.47,-475.15,1.66,475.15,144.76,3.656,0,SMOOTH_PURSUIT,0.489,0.997,0.840,182.2,lissajous
736363.9620,6.5270,749.79,590.22,-980.05,-112.19,986.45,890.84,582.34,-1148.20,344.40,1198.73,141.27,3.568,0,SACCADE,1.215,0.919,0.839,182.3,lissajous
736363.9790,6.5441,732.95,587.65,-988.49,-150.85,999.93,874.86,583.90,-937.72,91.44,942.17,141.96,3.586,0,SACCADE,0.942,0.969,0.839,165.8,lissajous
736363.9949,6.5600,717.09,584.66,-995.62,-187.82,1013.18,862.04,585.87,-804.90,123.59,814.33,144.95,3.661,0,SACCADE,0.804,0.943,0.837,165.7,lissajous
736364.0110,6.5761,700.94,581.06,-1002.09,-223.44,1026.70,846.55,591.29,-960.89,336.20,1018.01,145.97,3.687,0,SACCADE,0.992,0.849,0.837,182.2,lissajous
736364.0279,6.5930,683.94,576.68,-1006.02,-259.20,1038.87,833.52,591.99,-771.17,41.78,772.30,150.36,3.798,0,SACCADE,0.743,0.953,0.836,165.7,lissajous
736364.0444,6.6095,667.32,571.83,-1010.45,-295.08,1052.66,816.20,589.42,-1053.32,-156.75,1064.92,149.91,3.786,0,SACCADE,1.012,0.991,0.835,182.2,lissajous
736364.0614,6.6264,650.13,566.22,-1012.92,-330.11,1065.35,796.69,593.98,-1149.16,268.86,1180.19,149.17,3.768,0,SACCADE,1.108,0.855,0.833,165.7,lissajous
736364.0780,6.6431,633.24,560.15,-1013.00,-364.09,1076.45,789.05,594.55,-458.53,34.46,459.82,159.56,4.030,0,SMOOTH_PURSUIT,0.427,0.913,0.825,165.7,lissajous
736364.0947,6.6598,616.31,553.51,-1012.75,-397.16,1087.85,770.00,594.45,-1139.45,-5.98,1139.47,159.05,4.017,0,SACCADE,1.047,0.933,0.820,165.7,lissajous
736364.1118,6.6769,599.06,546.19,-1011.49,-429.69,1098.97,755.57,589.82,-846.43,-271.59,888.94,162.47,4.103,0,SACCADE,0.809,0.996,0.816,165.7,lissajous
736364.1283,6.6934,582.44,538.59,-1006.79,-459.93,1106.87,740.95,587.31,-884.76,-152.43,897.80,165.83,4.188,0,SACCADE,0.811,0.967,0.814,182.3,lissajous
736364.1452,6.7103,565.48,530.31,-1003.96,-490.23,1117.26,726.77,587.51,-839.51,12.18,839.60,171.14,4.322,0,SACCADE,0.751,0.892,0.812,165.7,lissajous
736364.1606,6.7256,550.19,522.39,-996.21,-516.37,1122.08,710.13,584.66,-1084.51,-185.77,1100.30,171.63,4.334,0,SACCADE,0.981,0.953,0.804,149.1,lissajous
736364.1781,6.7432,532.84,512.87,-989.64,-542.96,1128.80,694.54,580.64,-889.17,-229.30,918.26,175.33,4.428,0,SACCADE,0.813,0.969,0.807,182.3,lissajous
736364.1936,6.7587,517.62,504.06,-980.95,-567.82,1133.44,674.01,576.54,-1322.80,-264.00,1348.89,172.38,4.353,0,SACCADE,1.190,0.947,0.806,165.7,lissajous
736364.2105,6.7756,501.20,494.07,-972.01,-591.21,1137.69,657.91,572.33,-953.83,-249.43,985.90,175.16,4.423,0,SACCADE,0.867,0.958,0.801,165.7,lissajous
736364.2266,6.7916,485.76,484.22,-960.82,-612.97,1139.70,641.95,569.84,-992.61,-155.03,1004.64,178.12,4.498,0,SACCADE,0.881,0.916,0.794,149.1,lissajous
736364.2429,6.8080,470.25,473.88,-948.59,-632.74,1140.26,623.44,558.33,-1132.52,-704.35,1333.68,174.92,4.417,0,SACCADE,1.170,0.999,0.792,165.7,lissajous
736364.2592,6.8243,454.95,463.22,-939.44,-654.09,1144.72,610.19,551.37,-813.28,-427.03,918.57,178.52,4.508,0,SACCADE,0.802,0.992,0.788,149.1,lissajous
736364.2743,6.8394,441.07,453.17,-916.72,-663.97,1131.91,595.87,543.00,-945.55,-552.87,1095.33,178.98,4.520,0,SACCADE,0.968,0.995,0.783,149.0,lissajous
736364.2917,6.8568,425.36,441.33,-905.55,-682.04,1133.67,576.16,535.95,-1135.99,-406.26,1206.45,178.03,4.496,0,SACCADE,1.064,0.955,0.786,165.6,lissajous
736364.3080,6.8731,410.89,430.01,-887.92,-695.42,1127.83,557.08,528.07,-1171.46,-483.66,1267.38,176.04,4.445,0,SACCADE,1.124,0.963,0.783,149.0,lissajous
736364.3244,6.8895,396.62,418.41,-869.93,-706.81,1120.87,541.15,519.22,-970.68,-539.56,1110.56,176.22,4.450,0,SACCADE,0.991,0.985,0.781,149.0,lissajous
736364.3414,6.9065,382.13,406.20,-850.39,-716.56,1112.04,524.17,504.83,-996.39,-844.55,1306.17,172.93,4.367,0,SACCADE,1.175,1.000,0.778,149.0,lissajous
736364.3590,6.9240,367.61,393.51,-828.49,-724.13,1100.35,502.87,496.20,-1215.67,-492.29,1311.57,169.83,4.289,0,SACCADE,1.192,0.945,0.781,165.6,lissajous
736364.3750,6.9401,354.63,381.76,-806.67,-729.99,1087.93,494.16,490.42,-541.34,-359.56,649.87,176.85,4.466,0,SMOOTH_PURSUIT,0.597,0.989,0.771,149.1,lissajous
736364.3905,6.9556,342.52,370.45,-784.36,-732.86,1073.45,484.21,479.73,-644.44,-692.31,945.83,178.94,4.519,0,SACCADE,0.881,0.998,0.779,149.0,lissajous
736364.4071,6.9722,329.87,358.25,-762.23,-735.35,1059.12,468.95,468.88,-919.89,-653.59,1128.44,177.71,4.488,0,SACCADE,1.065,0.989,0.776,165.5,lissajous
736364.4236,6.9887,317.66,346.07,-737.04,-734.76,1040.72,446.24,458.04,-1370.65,-654.34,1518.83,170.50,4.306,0,SACCADE,1.459,0.943,0.780,165.6,lissajous
736364.4401,7.0052,305.88,333.94,-716.39,-737.83,1028.40,432.39,444.46,-841.68,-825.52,1178.94,167.99,4.243,0,SACCADE,1.146,1.000,0.781,149.0,lissajous
736364.4562,7.0213,294.90,322.26,-679.42,-722.52,991.80,422.60,433.66,-606.07,-668.47,902.31,169.46,4.280,0,SACCADE,0.910,1.000,0.783,182.1,lissajous
736364.4733,7.0384,283.70,309.95,-657.14,-722.00,976.28,407.13,420.78,-907.25,-755.91,1180.89,165.89,4.189,0,SACCADE,1.210,0.991,0.792,165.6,lissajous
736364.4910,7.0561,272.58,297.31,-627.21,-713.42,949.93,393.64,413.05,-761.52,-435.61,877.31,167.49,4.230,0,SACCADE,0.924,0.946,0.792,165.6,lissajous
736364.5079,7.0730,262.50,285.43,-596.08,-702.31,921.17,378.89,399.55,-872.11,-798.26,1182.29,163.00,4.117,0,SACCADE,1.283,0.992,0.794,165.6,lissajous
736364.5239,7.0890,253.46,274.42,-566.79,-691.06,893.76,358.00,383.04,-1310.61,-1035.69,1670.43,150.76,3.808,0,SACCADE,1.869,0.977,0.796,182.1,lissajous
736364.5394,7.1044,245.14,263.92,-537.02,-677.33,864.39,347.18,374.86,-697.84,-528.50,875.38,150.73,3.807,0,SACCADE,1.013,0.968,0.799,165.5,lissajous
736364.5565,7.1216,236.49,252.60,-505.72,-661.62,832.76,336.74,366.35,-609.98,-496.94,786.78,151.63,3.830,0,SACCADE,0.945,0.973,0.799,182.2,lissajous
736364.5728,7.1379,228.74,242.06,-473.46,-644.42,799.65,327.37,350.58,-573.40,-964.43,1122.01,146.64,3.704,0,SACCADE,1.403,0.995,0.805,182.1,lissajous
736364.5890,7.1540,221.64,231.98,-441.03,-625.33,765.21,317.01,338.95,-642.84,-721.65,966.45,143.31,3.620,0,SACCADE,1.263,0.994,0.807,165.6,lissajous
736364.6056,7.1707,214.83,221.89,-407.74,-604.45,729.12,306.80,330.27,-611.23,-520.05,802.53,142.14,3.590,0,SACCADE,1.101,0.963,0.808,165.6,lissajous
736364.6224,7.1875,208.56,212.13,-373.30,-581.59,691.09,290.30,313.54,-982.89,-996.40,1399.60,130.25,3.290,0,SACCADE,2.025,0.978,0.809,182.2,lissajous
736364.6391,7.2042,202.91,202.82,-338.53,-557.43,652.17,279.78,305.33,-629.86,-491.62,799.01,128.13,3.236,0,SACCADE,1.225,0.935,0.807,182.2,lissajous
736364.6552,7.2203,198.03,194.27,-303.80,-531.86,612.51,266.95,294.94,-798.85,-646.66,1027.78,122.00,3.082,0,SACCADE,1.678,0.932,0.810,182.1,lissajous
736364.6723,7.2374,193.45,185.65,-268.40,-504.76,571.68,258.77,284.97,-478.95,-584.16,755.40,118.87,3.003,0,SACCADE,1.321,0.980,0.809,165.7,lissajous
736364.6894,7.2544,189.49,177.53,-231.56,-475.46,528.85,253.26,270.10,-322.33,-870.14,927.92,112.41,2.840,0,SACCADE,1.755,0.995,0.805,182.3,lissajous
736364.7061,7.2712,186.23,170.08,-194.60,-444.79,485.50,239.11,261.76,-843.99,-497.71,979.81,105.84,2.674,0,SACCADE,2.018,0.811,0.802,182.3,lissajous
736364.7219,7.2870,183.72,163.54,-158.97,-414.44,443.89,229.65,249.16,-600.61,-798.73,999.35,97.16,2.454,0,SACCADE,2.251,0.961,0.799,182.2,lissajous
736364.7386,7.3037,181.66,157.13,-123.18,-383.10,402.41,221.70,239.97,-474.71,-549.87,726.43,92.00,2.324,0,SACCADE,1.805,0.921,0.791,165.7,lissajous
736364.7554,7.3205,180.22,151.26,-85.93,-349.26,359.67,219.05,228.20,-157.68,-699.63,717.18,86.19,2.177,0,SACCADE,1.994,1.000,0.781,165.7,lissajous
736364.7726,7.3376,179.39,145.87,-48.25,-314.56,318.24,212.93,216.44,-357.82,-687.06,774.66,78.13,1.974,0,SACCADE,2.434,0.947,0.775,165.7,lissajous
736364.7895,7.3546,179.22,141.16,-10.32,-278.48,278.67,208.35,209.76,-270.79,-394.85,478.78,74.53,1.883,0,SMOOTH_PURSUIT,1.718,0.845,0.763,149.2,lissajous
736364.8065,7.3716,179.68,137.05,27.46,-241.80,243.35,206.94,199.54,-82.73,-600.66,606.33,68.18,1.722,0,SMOOTH_PURSUIT,2.492,0.969,0.751,132.6,lissajous
736364.8236,7.3886,180.80,133.56,65.43,-204.39,214.61,200.98,189.58,-348.52,-583.01,679.24,59.55,1.504,0,SACCADE,3.165,0.661,0.739,132.6,lissajous
736364.8401,7.4052,182.50,130.80,102.72,-166.76,195.86,193.19,180.52,-471.28,-548.31,723.02,50.85,1.285,0,SACCADE,3.692,0.304,0.720,116.0,lissajous
736364.8561,7.4212,184.72,128.72,138.76,-130.01,190.15,185.61,174.29,-473.28,-388.63,612.40,45.58,1.152,0,DRIFT,3.221,-0.130,0.699,99.4,lissajous
736364.8722,7.4372,187.51,127.22,173.95,-93.38,197.43,188.02,168.95,149.88,-333.30,365.45,41.73,1.054,1,SMOOTH_PURSUIT,1.851,0.793,0.701,99.4,lissajous
736364.8881,7.4532,190.86,126.32,209.17,-56.66,216.70,188.13,159.61,7.14,-584.04,584.08,33.40,0.844,1,DRIFT,2.695,0.273,0.688,132.6,lissajous
736364.9045,7.4696,194.86,126.00,244.22,-19.29,244.98,181.63,151.40,-396.57,-500.72,638.74,28.64,0.724,1,DRIFT,2.607,-0.557,0.675,116.0,lissajous
736364.9217,7.4867,199.66,126.33,280.28,19.39,280.95,177.80,148.04,-223.81,-196.74,297.99,30.80,0.778,1,DRIFT,1.061,-0.795,0.671,99.4,lissajous
736364.9376,7.5026,204.68,127.25,316.01,57.59,321.21,179.38,146.92,99.08,-70.28,121.47,32.05,0.810,1,SMOOTH_PURSUIT,0.378,0.699,0.671,82.8,lissajous
736364.9547,7.5198,210.67,128.88,349.83,95.31,362.59,183.97,141.15,268.42,-336.82,430.69,29.39,0.742,1,SMOOTH_PURSUIT,1.188,0.396,0.661,82.8,lissajous
736364.9712,7.5362,217.02,131.08,385.39,133.82,407.96,179.70,134.56,-259.36,-400.07,476.78,37.49,0.947,1,DRIFT,1.169,-0.789,0.651,82.9,lissajous
736364.9877,7.5528,223.94,133.91,418.45,170.84,451.97,182.38,134.36,162.13,-12.10,162.58,41.57,1.050,1,SMOOTH_PURSUIT,0.360,0.895,0.645,99.5,lissajous
736365.0048,7.5699,231.70,137.48,452.51,208.45,498.21,185.79,128.15,199.29,-362.73,413.87,46.84,1.183,0,DRIFT,0.831,0.071,0.641,99.5,lissajous
736365.0219,7.5870,240.00,141.68,486.52,246.10,545.22,190.25,128.76,260.95,35.90,263.41,51.41,1.299,0,SMOOTH_PURSUIT,0.483,0.946,0.646,99.5,lissajous
736365.0385,7.6036,248.65,146.38,519.25,282.49,591.12,192.18,134.00,116.20,314.78,335.55,57.80,1.460,0,SMOOTH_PURSUIT,0.568,0.753,0.653,99.5,lissajous
736365.0557,7.6208,258.13,151.86,551.32,318.19,636.55,194.18,132.07,116.10,-112.28,161.51,66.94,1.691,0,DRIFT,0.254,0.275,0.664,99.6,lissajous
736365.0731,7.6382,268.23,157.99,582.62,353.31,681.37,194.59,129.59,23.56,-142.49,144.42,78.93,1.994,0,DRIFT,0.212,-0.372,0.671,116.2,lissajous
736365.0898,7.6549,278.50,164.47,613.71,387.55,725.84,196.41,126.07,109.09,-210.76,237.32,90.62,2.289,0,DRIFT,0.327,-0.086,0.683,149.4,lissajous
736365.1070,7.6721,289.57,171.70,643.55,420.40,768.70,205.23,130.18,512.85,239.16,565.88,94.00,2.375,0,SMOOTH_PURSUIT,0.736,0.990,0.696,132.8,lissajous
736365.1235,7.6886,300.66,179.15,671.76,451.50,809.39,211.33,134.80,368.99,279.69,463.02,99.74,2.520,0,SMOOTH_PURSUIT,0.572,0.998,0.712,149.4,lissajous
736365.1405,7.7055,312.51,187.31,699.31,481.41,848.99,218.94,137.39,449.15,152.79,474.43,106.05,2.679,0,SMOOTH_PURSUIT,0.559,0.962,0.727,166.1,lissajous
736365.1569,7.7219,324.41,195.67,725.48,509.66,886.61,229.07,135.96,617.63,-86.90,623.72,112.49,2.842,0,SMOOTH_PURSUIT,0.703,0.730,0.739,149.5,lissajous
736365.1735,7.7386,336.93,204.62,751.08,536.73,923.15,238.19,139.14,546.94,190.44,579.15,118.48,2.993,0,SMOOTH_PURSUIT,0.627,0.960,0.755,166.1,lissajous
736365.1896,7.7547,349.36,213.63,774.84,561.67,957.00,242.66,141.65,278.64,156.42,319.55,128.71,3.251,0,SMOOTH_PURSUIT,0.334,0.993,0.770,166.1,lissajous
736365.2070,7.7721,363.26,223.83,798.67,586.04,990.61,253.48,143.69,622.00,117.09,632.92,135.92,3.433,0,SMOOTH_PURSUIT,0.639,0.902,0.779,166.0,lissajous
736365.2234,7.7885,376.72,233.81,820.92,608.50,1021.86,265.07,149.38,706.63,347.00,787.23,139.98,3.536,0,SACCADE,0.770,0.984,0.784,166.0,lissajous
736365.2401,7.8051,390.77,244.30,842.27,629.31,1051.40,277.29,156.99,732.75,456.64,863.38,143.18,3.616,0,SACCADE,0.821,0.996,0.783,166.0,lissajous
736365.2560,7.8211,404.52,254.64,861.80,647.85,1078.15,283.41,166.52,383.35,597.21,709.65,149.78,3.783,0,SACCADE,0.658,0.937,0.785,182.5,lissajous
736365.2719,7.8370,418.51,265.20,879.35,663.96,1101.86,292.89,168.65,595.77,133.84,610.62,158.44,4.002,0,SMOOTH_PURSUIT,0.554,0.911,0.784,182.5,lissajous
736365.2887,7.8538,433.54,276.58,897.48,679.70,1125.82,306.36,175.43,804.72,405.01,900.89,162.50,4.104,0,SACCADE,0.800,0.984,0.781,165.9,lissajous
736365.3049,7.8700,448.41,287.86,914.07,693.39,1147.31,315.76,191.46,577.83,985.19,1142.14,163.98,4.141,0,SACCADE,0.995,0.924,0.773,165.9,lissajous
736365.3215,7.8866,463.78,299.53,929.16,704.98,1166.33,332.44,203.46,1008.53,725.54,1242.39,162.72,4.109,0,SACCADE,1.065,1.000,0.765,149.3,lissajous
736365.3381,7.9032,479.49,311.43,943.27,714.85,1183.55,340.16,209.66,463.20,372.11,594.16,172.54,4.357,0,SMOOTH_PURSUIT,0.502,1.000,0.757,182.4,lissajous
736365.3537,7.9188,494.34,322.66,955.64,722.49,1198.02,354.86,216.22,945.90,422.33,1035.90,175.46,4.431,0,SACCADE,0.865,0.974,0.756,165.8,lissajous
736365.3710,7.9361,511.14,335.32,967.67,728.85,1211.45,369.64,223.73,851.25,432.64,954.88,180.20,4.551,0,SACCADE,0.788,0.985,0.749,149.2,lissajous
736365.3871,7.9522,526.84,347.08,978.43,733.20,1222.66,386.80,237.99,1069.08,888.49,1390.09,177.52,4.483,0,SACCADE,1.137,0.999,0.743,165.8,lissajous
736365.4039,7.9690,543.39,359.40,985.48,733.84,1228.69,395.86,248.70,539.89,637.78,835.61,184.44,4.658,0,SACCADE,0.680,0.974,0.738,165.8,lissajous
736365.4208,7.9859,560.25,371.86,994.15,734.53,1236.07,410.36,259.47,854.67,635.01,1064.75,187.35,4.731,0,SACCADE,0.861,1.000,0.735,149.2,lissajous
736365.4367,8.0018,576.15,383.50,1001.47,733.35,1241.27,424.66,279.01,900.97,1230.55,1525.12,184.04,4.647,0,SACCADE,1.229,0.953,0.732,165.7,lissajous
736365.4537,8.0187,593.19,395.86,1005.52,728.79,1241.85,441.49,282.78,993.11,222.37,1017.70,189.21,4.778,0,SACCADE,0.820,0.918,0.728,149.2,lissajous
736365.4702,8.0353,609.94,407.85,1010.24,723.53,1242.61,455.05,298.12,817.58,925.13,1234.63,189.83,4.793,0,SACCADE,0.994,0.975,0.729,149.2,lissajous
736365.4868,8.0519,626.71,419.70,1012.48,715.58,1239.83,474.69,303.26,1186.53,310.92,1226.59,191.48,4.835,0,SACCADE,0.989,0.936,0.727,132.6,lissajous
736365.5033,8.0684,643.45,431.36,1013.05,705.49,1234.50,486.75,314.39,729.55,673.18,992.68,195.54,4.937,0,SACCADE,0.804,0.991,0.725,149.1,lissajous
736365.5208,8.0859,661.15,443.48,1012.82,693.54,1227.52,506.34,329.60,1120.90,870.74,1419.37,192.18,4.853,0,SACCADE,1.156,0.998,0.724,149.2,lissajous
736365.5371,8.1022,677.63,454.56,1011.56,679.97,1218.85,519.62,336.45,814.86,420.44,916.94,197.27,4.981,0,SACCADE,0.752,0.993,0.721,149.1,lissajous
736365.5534,8.1185,694.09,465.41,1007.44,663.98,1206.57,531.27,356.60,713.23,1232.44,1423.94,195.84,4.945,0,SACCADE,1.180,0.895,0.727,132.6,lissajous
736365.5703,8.1354,711.03,476.33,1003.88,647.22,1194.43,546.27,360.98,889.47,260.23,926.76,201.11,5.078,0,SACCADE,0.776,0.959,0.723,149.1,lissajous
736365.5866,8.1517,727.33,486.59,998.86,628.61,1180.21,570.52,376.40,1485.66,944.35,1760.39,191.65,4.839,0,SACCADE,1.492,1.000,0.724,132.6,lissajous
736365.6032,8.1683,743.76,496.66,990.72,607.31,1162.05,586.41,394.27,958.25,1077.38,1441.87,187.73,4.740,0,SACCADE,1.241,0.957,0.724,149.1,lissajous
736365.6199,8.1850,760.13,506.41,983.00,585.28,1144.05,599.50,405.14,785.64,652.70,1021.40,189.89,4.795,0,SACCADE,0.893,0.988,0.722,149.1,lissajous
736365.6362,8.2013,776.06,515.59,973.75,561.63,1124.11,617.89,411.22,1124.85,372.07,1184.78,189.50,4.785,0,SACCADE,1.054,0.979,0.732,149.1,lissajous
736365.6529,8.2179,792.06,524.50,962.43,536.04,1101.64,635.34,423.73,1049.56,752.38,1291.37,186.32,4.705,0,SACCADE,1.172,0.994,0.733,165.6,lissajous
736365.6695,8.2345,807.85,532.96,950.55,509.24,1078.37,654.29,437.21,1140.53,811.36,1399.69,180.97,4.570,0,SACCADE,1.298,0.992,0.741,149.1,lissajous
736365.6867,8.2517,823.94,541.21,936.24,480.08,1052.15,666.90,454.25,733.59,991.60,1233.46,179.51,4.533,0,SACCADE,1.172,0.896,0.742,132.5,lissajous
736365.7035,8.2686,839.44,548.78,921.30,449.78,1025.23,685.83,459.48,1125.03,310.87,1167.19,177.68,4.487,0,SACCADE,1.138,0.983,0.748,165.6,lissajous
736365.7205,8.2856,854.87,555.91,905.21,418.35,997.21,706.13,472.46,1191.09,761.67,1413.80,170.55,4.307,0,SACCADE,1.418,0.991,0.754,149.1,lissajous
736365.7379,8.3029,870.24,562.58,887.13,385.02,967.08,716.40,478.99,592.70,376.62,702.23,175.09,4.422,0,SACCADE,0.726,0.988,0.751,149.1,lissajous
736365.7539,8.3189,884.15,568.21,868.82,351.82,937.35,735.14,485.44,1171.43,403.00,1238.81,170.45,4.305,0,SACCADE,1.322,0.999,0.759,165.6,lissajous
736365.7709,8.3359,898.59,573.62,849.32,317.89,906.87,748.91,495.38,809.81,584.39,998.65,168.89,4.265,0,SACCADE,1.101,0.965,0.761,149.1,lissajous
736365.7878,8.3529,912.62,578.40,827.39,281.86,874.09,773.73,505.69,1463.12,608.01,1584.42,156.77,3.959,0,SACCADE,1.813,0.998,0.762,165.6,lissajous
736365.8042,8.3692,925.80,582.43,806.31,246.27,843.08,780.35,517.37,404.95,714.94,821.66,159.33,4.024,0,SACCADE,0.975,0.726,0.766,165.6,lissajous
736365.8203,8.3854,938.46,585.83,783.78,210.58,811.57,799.68,527.18,1197.01,607.17,1342.20,150.66,3.805,0,SACCADE,1.654,0.979,0.767,165.6,lissajous
736365.8378,8.4029,951.75,588.85,758.95,172.94,778.40,820.11,537.84,1166.70,608.44,1315.83,141.18,3.566,0,SACCADE,1.690,0.967,0.774,165.6,lissajous
736365.8546,8.4197,964.07,591.11,733.69,134.32,745.88,835.13,545.30,894.00,444.54,998.43,136.84,3.456,0,SACCADE,1.339,0.961,0.780,165.6,lissajous
736365.8717,8.4368,976.12,592.74,706.55,95.62,712.99,844.76,551.92,564.49,387.92,684.93,137.56,3.475,0,SACCADE,0.961,0.893,0.777,165.7,lissajous
736365.8884,8.4535,987.51,593.69,679.73,56.88,682.11,859.80,558.11,897.70,369.48,970.77,132.58,3.349,0,SACCADE,1.423,0.953,0.780,165.7,lissajous
736365.9054,8.4705,998.58,594.00,650.75,17.92,650.99,875.75,568.38,937.72,603.61,1115.20,125.48,3.169,0,SACCADE,1.713,0.855,0.783,165.7,lissajous
736365.9221,8.4871,1008.92,593.65,622.14,-20.92,622.49,895.17,569.75,1167.83,82.51,1170.74,116.24,2.936,0,SACCADE,1.881,0.995,0.783,165.7,lissajous
736365.9377,8.5028,1018.18,592.75,592.85,-58.05,595.68,903.05,575.26,505.36,353.39,616.66,116.44,2.941,0,BLINK,1.035,0.760,0.782,165.7,lissajous
736365.9549,8.5200,1027.88,591.09,564.34,-95.99,572.44,919.62,585.66,963.04,604.58,1137.08,108.40,2.738,0,BLINK,1.986,0.746,0.779,165.7,lissajous
736365.9713,8.5364,1036.61,588.89,530.54,-133.89,547.17,932.95,583.85,810.82,-110.34,818.30,103.78,2.622,0,BLINK,1.496,0.994,0.776,165.7,lissajous
736365.9879,8.5530,1044.91,586.05,500.00,-171.46,528.58,942.92,587.45,600.84,217.22,638.90,101.99,2.577,0,BLINK,1.209,0.779,0.775,165.7,lissajous
736366.0048,8.5699,1052.78,582.53,467.06,-208.70,511.56,957.99,590.72,893.50,194.04,914.32,95.15,2.404,0,BLINK,1.787,0.806,0.771,165.8,lissajous
736366.0222,8.5873,1060.31,578.24,432.92,-246.33,498.09,968.34,590.53,595.37,-11.32,595.48,92.79,2.344,0,BLINK,1.196,0.878,0.768,165.9,lissajous
736366.0388,8.6039,1066.94,573.53,398.42,-283.05,488.73,981.47,587.48,789.01,-183.11,809.98,86.60,2.188,0,BLINK,1.657,0.925,0.766,166.0,lissajous
736366.0554,8.6205,1072.99,568.25,364.02,-318.04,483.39,992.97,590.52,691.91,182.98,715.70,83.06,2.098,0,BLINK,1.481,0.560,0.764,165.9,lissajous
736366.0727,8.6377,1078.65,562.17,328.49,-352.69,481.97,1003.76,591.10,626.09,33.71,627.00,80.29,2.028,0,BLINK,1.301,0.641,0.763,166.0,lissajous
736366.0902,8.6553,1083.77,555.37,291.77,-387.57,485.12,1007.05,590.86,187.92,-13.81,188.43,84.53,2.135,0,BLINK,0.388,0.658,0.762,166.0,lissajous
736366.1062,8.6713,1087.87,548.64,255.72,-419.95,491.68,1024.26,588.23,1073.97,-164.19,1086.45,74.92,1.893,0,BLINK,2.210,0.643,0.752,149.4,lissajous
736366.1229,8.6879,1091.53,541.15,220.49,-450.63,501.68,1030.20,587.61,357.28,-37.29,359.22,76.94,1.944,0,SMOOTH_PURSUIT,0.716,0.530,0.752,166.0,lissajous
736366.1394,8.7045,1094.58,533.21,183.89,-479.43,513.48,1046.14,586.89,961.95,-43.36,962.93,72.31,1.827,0,SACCADE,1.875,0.400,0.747,149.4,lissajous
736366.1564,8.7215,1097.08,524.57,147.18,-508.40,529.28,1045.06,586.39,-63.50,-29.74,70.12,80.79,2.041,0,DRIFT,0.132,0.156,0.748,166.0,lissajous
736366.1725,8.7375,1098.86,515.97,110.71,-535.42,546.75,1055.98,584.62,679.71,-110.08,688.57,80.94,2.045,0,SACCADE,1.259,0.356,0.749,149.4,lissajous
736366.1896,8.7547,1100.13,506.36,73.91,-561.16,566.01,1062.19,582.05,362.26,-149.76,392.00,84.67,2.139,0,SMOOTH_PURSUIT,0.693,0.499,0.751,149.4,lissajous
736366.2070,8.7721,1100.74,496.14,35.42,-585.85,586.92,1064.39,580.01,126.48,-116.85,172.19,91.41,2.309,0,SMOOTH_PURSUIT,0.293,0.722,0.756,149.5,lissajous
736366.2238,8.7889,1100.70,485.92,-2.71,-608.92,608.93,1072.52,565.99,484.11,-835.24,965.40,84.88,2.144,0,SACCADE,1.585,0.863,0.755,166.1,lissajous
736366.2405,8.8056,1100.03,475.40,-40.01,-629.58,630.85,1078.91,557.47,382.81,-510.01,637.69,84.74,2.141,0,SMOOTH_PURSUIT,1.011,0.760,0.758,149.5,lissajous
736366.2569,8.8220,1098.77,464.79,-76.78,-648.49,653.02,1079.75,554.50,50.80,-181.35,188.33,91.71,2.317,0,SMOOTH_PURSUIT,0.288,0.925,0.762,149.5,lissajous
736366.2738,8.8389,1096.85,453.53,-113.78,-666.19,675.84,1084.21,547.12,264.16,-436.58,510.28,94.44,2.386,0,SMOOTH_PURSUIT,0.755,0.756,0.770,149.5,lissajous
736366.2903,8.8554,1094.36,442.29,-150.64,-681.32,697.78,1089.13,536.34,298.27,-653.29,718.16,94.20,2.380,0,SACCADE,1.029,0.799,0.771,166.1,lissajous
736366.3067,8.8718,1091.30,430.90,-186.55,-693.77,718.42,1090.89,526.98,107.12,-570.45,580.42,96.08,2.427,0,SMOOTH_PURSUIT,0.808,0.901,0.776,149.5,lissajous
736366.3234,8.8885,1087.59,419.13,-222.96,-706.45,740.80,1096.17,524.80,316.59,-130.58,342.46,106.02,2.678,0,DRIFT,0.462,0.085,0.784,166.1,lissajous
736366.3398,8.9049,1083.33,407.36,-258.65,-715.68,760.99,1096.27,515.87,6.41,-543.48,543.52,109.27,2.760,0,SMOOTH_PURSUIT,0.714,0.936,0.790,166.0,lissajous
736366.3570,8.9221,1078.27,394.93,-294.77,-723.71,781.44,1101.66,502.99,313.89,-749.21,812.31,110.57,2.793,0,SACCADE,1.039,0.708,0.790,166.0,lissajous
736366.3740,8.9391,1072.65,382.54,-330.67,-728.96,800.45,1099.25,492.15,-141.90,-638.38,653.96,112.79,2.849,0,SACCADE,0.817,0.979,0.791,166.1,lissajous
736366.3897,8.9548,1066.91,371.01,-365.43,-733.78,819.74,1097.39,481.99,-118.49,-646.71,657.47,115.08,2.907,0,SACCADE,0.802,0.961,0.794,166.0,lissajous
736366.4057,8.9708,1060.55,359.26,-397.80,-734.75,835.53,1100.39,472.91,187.31,-567.55,597.66,120.43,3.042,0,SMOOTH_PURSUIT,0.715,0.686,0.795,182.5,lissajous
736366.4230,8.9881,1053.08,346.56,-431.74,-734.77,852.23,1098.22,457.57,-125.35,-887.05,895.87,119.84,3.027,0,SACCADE,1.051,0.925,0.796,166.0,lissajous
736366.4401,9.0052,1045.09,334.00,-466.01,-732.29,868.00,1095.45,445.42,-161.77,-708.33,726.57,122.28,3.089,0,SACCADE,0.837,0.942,0.799,166.1,lissajous
736366.4569,9.0220,1036.70,321.77,-499.39,-728.15,882.95,1092.64,435.57,-167.29,-586.77,610.15,126.81,3.203,0,SMOOTH_PURSUIT,0.691,0.948,0.799,166.1,lissajous
736366.4729,9.0380,1028.20,310.21,-530.76,-721.84,895.97,1090.89,422.20,-109.19,-834.84,841.96,128.34,3.242,0,SACCADE,0.940,0.876,0.800,166.1,lissajous
736366.4889,9.0540,1019.24,298.80,-560.83,-714.04,907.96,1087.14,411.86,-234.81,-646.93,688.22,131.88,3.331,0,SACCADE,0.758,0.950,0.802,166.1,lissajous
736366.5054,9.0705,1009.48,287.16,-590.66,-704.25,919.16,1085.28,396.20,-112.53,-947.73,954.39,132.80,3.354,0,SACCADE,1.038,0.837,0.801,182.7,lissajous
736366.5216,9.0866,999.50,276.01,-619.75,-692.46,929.30,1080.99,392.20,-266.00,-248.48,364.00,141.92,3.585,0,SMOOTH_PURSUIT,0.392,0.996,0.799,166.1,lissajous
736366.5376,9.1027,989.12,265.13,-647.73,-679.23,938.57,1070.50,382.96,-655.30,-576.91,873.07,143.20,3.617,0,SACCADE,0.930,0.996,0.801,166.0,lissajous
736366.5542,9.1193,977.91,254.10,-675.30,-663.97,947.04,1063.22,361.94,-438.36,-1265.59,1339.35,137.50,3.473,0,SACCADE,1.414,0.896,0.796,166.0,lissajous
736366.5713,9.1364,965.83,243.00,-704.52,-647.79,957.07,1059.60,350.65,-210.94,-658.88,691.82,142.76,3.606,0,SACCADE,0.723,0.869,0.801,165.9,lissajous
736366.5879,9.1530,953.79,232.65,-727.32,-625.03,958.98,1047.54,341.98,-728.43,-523.21,896.86,144.03,3.638,0,SACCADE,0.935,0.996,0.804,165.9,lissajous
736366.6045,9.1696,941.21,222.55,-755.01,-606.32,968.33,1042.98,331.36,-273.90,-637.45,693.80,148.99,3.763,0,SACCADE,0.716,0.883,0.802,165.9,lissajous
736366.6210,9.1861,928.41,212.95,-778.60,-583.45,972.95,1035.68,317.35,-443.79,-852.10,960.74,149.69,3.781,0,SACCADE,0.987,0.902,0.803,165.9,lissajous
736366.6372,9.2023,915.42,203.88,-801.06,-559.56,977.15,1026.13,302.88,-588.64,-892.39,1069.04,148.53,3.751,0,SACCADE,1.094,0.929,0.802,165.9,lissajous
736366.6531,9.2182,902.32,195.36,-822.90,-535.13,981.59,1020.01,295.81,-384.56,-444.23,587.56,154.73,3.908,0,SMOOTH_PURSUIT,0.599,0.961,0.800,165.9,lissajous
736366.6689,9.2340,889.01,187.32,-842.95,-509.34,984.89,1005.29,280.15,-932.90,-992.17,1361.87,148.79,3.758,0,SACCADE,1.383,0.963,0.805,165.8,lissajous
736366.6861,9.2512,874.16,179.04,-863.21,-481.43,988.38,993.89,269.52,-662.59,-618.15,906.16,150.07,3.790,0,SACCADE,0.917,0.971,0.813,165.9,lissajous
736366.7021,9.2672,860.03,171.80,-881.55,-451.50,990.44,982.43,257.65,-715.15,-740.03,1029.12,149.50,3.776,0,SACCADE,1.039,0.946,0.814,165.9,lissajous
736366.7186,9.2837,845.21,164.85,-898.91,-421.34,992.76,972.44,252.85,-605.46,-291.25,671.87,154.70,3.907,0,SACCADE,0.677,1.000,0.812,165.8,lissajous
736366.7344,9.2995,830.76,158.69,-917.22,-391.25,997.18,962.44,241.90,-634.79,-694.75,941.09,155.77,3.934,0,SACCADE,0.944,0.910,0.812,165.7,lissajous
736366.7512,9.3163,815.16,152.69,-927.98,-357.16,994.34,947.33,227.49,-899.00,-857.93,1242.68,151.87,3.836,0,SACCADE,1.250,0.923,0.811,165.8,lissajous
736366.7672,9.3322,800.10,147.51,-943.63,-324.39,997.83,935.52,218.92,-739.68,-536.57,913.80,153.10,3.867,0,SACCADE,0.916,0.956,0.811,165.7,lissajous
736366.7834,9.3484,784.59,142.79,-956.31,-290.73,999.53,928.12,205.99,-456.81,-797.08,918.70,156.83,3.961,0,SACCADE,0.919,0.728,0.811,165.7,lissajous
736366.7998,9.3649,768.69,138.59,-967.74,-255.75,1000.96,903.79,205.54,-1480.81,-27.78,1481.07,150.78,3.808,0,SACCADE,1.480,0.971,0.808,165.7,lissajous
736366.8163,9.3814,752.55,134.96,-978.01,-219.77,1002.40,897.17,198.31,-400.99,-437.72,593.62,157.89,3.988,0,SMOOTH_PURSUIT,0.592,0.821,0.804,165.7,lissajous
736366.8336,9.3987,735.46,131.81,-986.94,-182.17,1003.61,887.51,184.00,-557.86,-826.25,996.94,160.76,4.060,0,SACCADE,0.993,0.701,0.806,165.8,lissajous
736366.8502,9.4153,718.99,129.42,-994.73,-144.05,1005.11,867.20,181.85,-1226.80,-130.24,1233.70,157.21,3.970,0,SACCADE,1.227,0.999,0.806,165.9,lissajous
736366.8661,9.4312,703.05,127.72,-1001.26,-107.16,1006.98,852.38,167.86,-931.10,-878.33,1280.00,154.63,3.905,0,SACCADE,1.271,0.796,0.806,165.9,lissajous
736366.8820,9.4471,687.04,126.59,-1006.03,-70.66,1008.51,840.32,169.41,-757.44,97.00,763.62,159.15,4.019,0,SACCADE,0.757,0.981,0.804,182.4,lissajous
736366.8983,9.4634,670.56,126.05,-1010.24,-33.56,1010.80,823.35,158.79,-1040.57,-650.94,1227.40,156.26,3.946,0,SACCADE,1.214,0.865,0.806,165.9,lissajous
736366.9154,9.4805,653.27,126.13,-1012.01,5.01,1012.02,807.59,151.35,-922.85,-435.31,1020.37,156.36,3.949,0,SACCADE,1.008,0.902,0.806,165.9,lissajous
736366.9323,9.4973,636.20,126.88,-1013.20,44.16,1014.16,793.39,145.16,-842.37,-367.26,918.95,158.25,3.997,0,SACCADE,0.906,0.898,0.810,166.0,lissajous
736366.9492,9.5143,618.99,128.29,-1013.27,83.11,1016.67,779.46,141.03,-820.39,-243.49,855.76,160.97,4.065,0,SACCADE,0.842,0.932,0.811,166.0,lissajous
736366.9665,9.5316,601.55,130.40,-1010.68,122.15,1018.04,759.73,142.38,-1143.72,78.47,1146.41,158.63,4.006,0,SACCADE,1.126,0.999,0.812,166.0,lissajous
736366.9836,9.5487,584.25,133.16,-1009.55,161.44,1022.37,746.13,133.12,-793.51,-540.15,959.91,161.88,4.088,0,SACCADE,0.939,0.727,0.811,166.0,lissajous
736367.0006,9.5656,567.29,136.53,-1002.12,199.07,1021.70,731.18,132.56,-882.82,-33.34,883.44,163.94,4.140,0,SACCADE,0.865,0.973,0.811,166.1,lissajous
736367.0176,9.5827,550.28,140.57,-997.62,236.81,1025.34,708.67,131.71,-1320.75,-49.74,1321.69,158.64,4.006,0,SACCADE,1.289,0.964,0.808,149.5,lissajous
736367.0336,9.5987,534.43,144.93,-989.63,272.39,1026.43,696.37,130.08,-767.73,-101.65,774.43,162.62,4.107,0,SACCADE,0.754,0.921,0.805,166.1,lissajous
736367.0511,9.6162,517.23,150.33,-982.29,308.31,1029.54,677.89,131.66,-1055.41,89.92,1059.24,161.74,4.085,0,SACCADE,1.029,0.976,0.806,166.1,lissajous
736367.0672,9.6323,501.62,155.84,-971.08,342.65,1029.76,662.38,129.69,-965.11,-122.74,972.88,162.87,4.113,0,SACCADE,0.945,0.894,0.807,149.5,lissajous
736367.0828,9.6479,486.64,161.68,-961.72,374.98,1032.24,642.30,125.14,-1289.04,-291.89,1321.67,159.89,4.038,0,SACCADE,1.280,0.828,0.807,166.0,lissajous
736367.0998,9.6649,470.51,168.59,-948.59,406.41,1031.98,624.65,127.77,-1038.43,154.75,1049.90,159.45,4.027,0,SACCADE,1.017,0.967,0.806,166.0,lissajous
736367.1161,9.6812,455.27,175.73,-935.47,438.09,1032.97,616.55,129.50,-496.98,106.06,508.17,167.78,4.237,0,SMOOTH_PURSUIT,0.492,0.974,0.795,149.4,lissajous
736367.1320,9.6971,440.62,183.16,-921.32,467.48,1033.14,586.49,132.89,-1890.95,213.61,1902.97,154.29,3.897,0,SACCADE,1.842,0.937,0.783,149.3,lissajous
736367.1488,9.7139,425.38,191.51,-904.90,495.70,1031.77,574.85,134.60,-691.25,101.33,698.63,159.94,4.039,0,SACCADE,0.677,0.937,0.777,166.0,lissajous
736367.1651,9.7302,410.89,200.05,-888.62,523.80,1031.51,557.24,138.26,-1079.85,224.24,1102.89,158.86,4.012,0,SACCADE,1.069,0.947,0.775,149.4,lissajous
736367.1812,9.7463,396.91,208.87,-869.69,548.75,1028.34,542.67,139.79,-906.70,95.39,911.71,161.30,4.074,0,SACCADE,0.887,0.897,0.775,182.6,lissajous
736367.1968,9.7619,383.59,217.83,-851.56,572.71,1026.24,531.51,141.42,-713.27,103.93,720.80,166.49,4.205,0,SACCADE,0.702,0.902,0.774,165.9,lissajous
736367.2130,9.7781,370.15,227.44,-831.82,595.00,1022.71,512.90,148.28,-1151.88,424.94,1227.76,163.23,4.122,0,SACCADE,1.200,0.964,0.776,165.9,lissajous
736367.2294,9.7944,356.85,237.56,-812.65,617.88,1020.87,494.10,154.28,-1148.10,366.42,1205.15,160.54,4.055,0,SACCADE,1.181,0.942,0.779,165.9,lissajous
736367.2462,9.8112,343.65,248.21,-785.82,634.67,1010.11,477.97,159.18,-960.99,291.47,1004.22,161.15,4.070,0,SACCADE,0.994,0.927,0.776,149.3,lissajous
736367.2618,9.8269,331.68,258.46,-765.21,654.71,1007.08,465.78,171.89,-778.49,812.32,1125.13,159.62,4.031,0,SACCADE,1.117,0.995,0.770,132.8,lissajous
736367.2783,9.8434,319.44,269.54,-740.10,669.84,998.22,450.11,175.16,-947.63,197.64,968.02,161.20,4.071,0,SACCADE,0.970,0.863,0.772,165.9,lissajous
736367.2949,9.8600,307.59,280.89,-715.90,685.98,991.50,435.45,188.42,-885.92,801.11,1194.42,157.80,3.985,0,SACCADE,1.205,1.000,0.774,149.3,lissajous
736367.3108,9.8759,296.64,291.98,-687.93,696.81,979.18,415.68,193.67,-1242.46,330.28,1285.61,154.38,3.899,0,SACCADE,1.313,0.862,0.778,165.9,lissajous
736367.3274,9.8925,285.66,303.74,-662.01,708.77,969.85,402.72,208.13,-781.20,872.00,1170.75,151.14,3.817,0,SACCADE,1.207,1.000,0.780,149.3,lissajous
736367.3445,9.9096,274.83,316.02,-632.96,717.91,957.10,389.56,212.82,-769.29,273.84,816.58,154.31,3.897,0,SACCADE,0.853,0.875,0.779,149.3,lissajous
736367.3606,9.9257,265.12,327.69,-603.80,725.31,943.74,376.77,224.80,-795.12,744.46,1089.23,151.83,3.835,0,SACCADE,1.154,0.992,0.775,182.5,lissajous
736367.3782,9.9432,255.05,340.52,-573.27,730.62,928.67,366.86,231.72,-564.13,393.90,688.04,156.01,3.940,0,SACCADE,0.741,0.957,0.774,166.0,lissajous
736367.3942,9.9592,246.38,352.25,-541.85,733.63,912.04,354.51,241.43,-772.39,607.17,982.47,154.83,3.910,0,SACCADE,1.077,0.964,0.774,165.9,lissajous
736367.4112,9.9763,237.69,364.77,-510.69,735.23,895.19,337.55,252.32,-996.39,639.92,1184.18,150.39,3.798,0,SACCADE,1.323,0.924,0.783,182.6,lissajous
736367.4274,9.9925,229.93,376.68,-477.94,733.86,875.77,324.92,263.34,-777.55,678.56,1032.00,147.89,3.735,0,SACCADE,1.178,0.962,0.787,166.0,lissajous
736367.4455,10.0106,221.88,389.95,-444.18,731.46,855.76,310.49,272.64,-795.86,512.98,946.85,147.02,3.713,0,SACCADE,1.106,0.899,0.785,149.5,lissajous
736367.4626,10.0277,214.89,402.36,-408.40,725.99,832.98,301.55,288.62,-522.93,934.39,1070.77,142.99,3.612,0,SACCADE,1.285,1.000,0.788,166.1,lissajous
736367.4792,10.0443,208.68,414.30,-374.09,719.59,811.02,291.38,297.38,-612.60,527.91,808.68,143.21,3.617,0,SACCADE,0.997,0.929,0.786,166.0,lissajous
736367.4962,10.0613,202.94,426.33,-338.83,710.03,786.73,279.83,306.01,-682.11,509.27,851.26,142.79,3.606,0,SACCADE,1.082,0.885,0.788,166.0,lissajous
736367.5119,10.0770,198.15,437.34,-304.54,699.88,763.27,267.37,318.59,-792.09,800.07,1125.84,137.45,3.472,0,SACCADE,1.475,0.932,0.801,166.0,lissajous
736367.5286,10.0937,193.64,448.84,-269.75,687.27,738.31,261.92,333.37,-325.50,882.69,940.79,134.15,3.389,0,SACCADE,1.274,1.000,0.801,166.1,lissajous
736367.5450,10.1101,189.80,459.86,-233.79,672.16,711.65,251.91,345.94,-610.48,766.86,980.18,129.75,3.277,0,SACCADE,1.377,0.944,0.801,166.0,lissajous
736367.5612,10.1263,186.59,470.48,-198.53,656.66,686.02,245.82,358.56,-376.92,780.59,866.83,126.62,3.198,0,SACCADE,1.264,0.988,0.801,166.0,lissajous
736367.5785,10.1436,183.80,481.52,-161.82,638.32,658.51,239.87,374.16,-344.10,902.01,965.41,121.12,3.059,0,SACCADE,1.466,0.993,0.800,166.1,lissajous
736367.5950,10.1601,181.74,491.74,-124.48,617.91,630.32,229.41,384.25,-631.83,610.01,878.24,117.59,2.970,0,SACCADE,1.393,0.823,0.798,166.1,lissajous
736367.6112,10.1763,180.31,501.38,-88.32,597.03,603.53,222.83,397.29,-407.97,807.80,904.98,112.44,2.840,0,SACCADE,1.499,0.949,0.799,166.0,lissajous
736367.6271,10.1921,179.48,510.50,-52.69,574.43,576.84,211.75,406.85,-698.20,602.28,922.07,108.55,2.742,0,SACCADE,1.598,0.720,0.795,166.0,lissajous
736367.6434,10.2085,179.20,519.49,-16.84,550.62,550.87,204.38,420.02,-450.73,806.35,923.77,102.61,2.592,0,SACCADE,1.677,0.887,0.792,166.0,lissajous
736367.6606,10.2257,179.55,528.52,20.54,523.81,524.21,205.88,428.05,86.78,465.91,473.93,103.86,2.624,0,SMOOTH_PURSUIT,0.904,0.990,0.787,166.0,lissajous
736367.6777,10.2428,180.56,536.99,58.79,495.74,499.21,198.84,444.05,-411.89,936.01,1022.62,94.72,2.393,0,SACCADE,2.048,0.861,0.781,166.0,lissajous
736367.6946,10.2596,182.18,544.83,96.45,465.94,475.82,192.38,453.48,-384.00,560.40,679.34,91.92,2.322,0,SACCADE,1.428,0.693,0.774,149.4,lissajous
736367.7115,10.2766,184.45,552.21,133.89,435.22,455.35,189.85,462.74,-149.02,546.01,565.99,89.63,2.264,0,SMOOTH_PURSUIT,1.243,0.845,0.765,166.1,lissajous
736367.7277,10.2928,187.21,558.75,170.33,403.64,438.11,185.32,478.62,-280.11,980.77,1019.99,80.15,2.025,0,SACCADE,2.328,0.779,0.758,166.1,lissajous
736367.7445,10.3096,190.68,564.99,206.51,371.44,424.98,185.73,490.51,24.43,708.13,708.55,74.64,1.886,0,SACCADE,1.667,0.890,0.752,149.5,lissajous
736367.7607,10.3258,194.61,570.47,242.22,337.82,415.69,184.27,498.61,-89.48,498.97,506.93,72.60,1.834,0,SMOOTH_PURSUIT,1.219,0.697,0.743,132.8,lissajous
736367.7777,10.3428,199.34,575.63,278.18,303.55,411.74,184.13,507.22,-8.69,506.47,506.54,70.08,1.771,0,SMOOTH_PURSUIT,1.230,0.726,0.735,116.2,lissajous
736367.7938,10.3589,204.38,579.94,313.27,268.20,412.40,184.93,511.53,49.92,268.14,272.74,71.12,1.797,0,SMOOTH_PURSUIT,0.661,0.778,0.726,116.2,lissajous
736367.8095,10.3746,209.84,583.62,347.08,233.88,418.53,180.77,521.16,-264.50,611.89,666.61,68.90,1.741,0,SACCADE,1.593,0.184,0.712,99.5,lissajous
736367.8259,10.3909,216.05,586.86,380.20,198.35,428.83,182.87,532.60,128.70,701.18,712.89,63.60,1.607,0,SACCADE,1.662,0.615,0.704,132.7,lissajous
736367.8427,10.4078,223.01,589.57,414.16,161.29,444.46,181.96,535.82,-54.38,191.31,198.89,67.63,1.709,0,DRIFT,0.447,0.094,0.702,116.1,lissajous
736367.8596,10.4247,230.59,591.66,448.20,123.09,464.80,182.70,548.63,43.91,756.82,758.10,64.38,1.627,0,SACCADE,1.631,0.320,0.692,99.6,lissajous
736367.8767,10.4418,238.84,593.10,481.90,84.19,489.20,184.44,553.04,101.65,257.94,277.24,67.55,1.707,0,SMOOTH_PURSUIT,0.567,0.521,0.689,116.2,lissajous
736367.8938,10.4589,247.64,593.86,515.29,44.87,517.24,185.96,559.35,88.72,369.17,379.68,70.68,1.786,0,DRIFT,0.734,0.317,0.684,99.6,lissajous
736367.9098,10.4749,256.41,593.97,546.08,6.62,546.12,189.55,563.95,224.27,286.37,363.74,73.28,1.851,0,SMOOTH_PURSUIT,0.666,0.626,0.686,116.2,lissajous
736367.9260,10.4910,265.69,593.48,576.55,-30.49,577.36,192.82,571.10,202.91,443.81,488.00,76.23,1.926,0,SMOOTH_PURSUIT,0.845,0.367,0.688,99.6,lissajous
736367.9423,10.5074,275.62,592.37,605.51,-67.89,609.31,194.64,578.24,110.76,435.65,449.51,82.20,2.077,0,DRIFT,0.738,0.137,0.681,99.6,lissajous
736367.9589,10.5240,286.14,590.61,635.12,-105.76,643.86,200.94,585.35,380.62,429.50,573.88,85.36,2.156,0,SMOOTH_PURSUIT,0.891,0.531,0.674,132.8,lissajous
736367.9752,10.5403,296.97,588.28,662.78,-143.11,678.06,210.02,585.01,555.44,-21.06,555.84,87.01,2.198,0,SMOOTH_PURSUIT,0.820,0.985,0.682,132.8,lissajous
736367.9919,10.5570,308.48,585.27,690.53,-180.39,713.70,219.27,582.53,554.70,-148.40,574.21,89.26,2.255,0,SMOOTH_PURSUIT,0.805,1.000,0.685,132.8,lissajous
736368.0075,10.5725,319.60,581.91,715.67,-216.00,747.56,224.75,591.96,352.85,606.71,701.85,95.38,2.410,0,SACCADE,0.939,0.232,0.692,132.7,lissajous
736368.0248,10.5898,332.44,577.55,742.00,-252.22,783.69,235.94,585.73,646.66,-360.12,740.17,96.85,2.447,0,SACCADE,0.944,0.984,0.696,132.7,lissajous
736368.0418,10.6068,345.48,572.64,766.99,-288.87,819.58,247.82,589.31,698.81,210.26,729.76,99.07,2.503,0,SACCADE,0.890,0.795,0.699,132.7,lissajous
736368.0577,10.6228,358.11,567.47,790.46,-323.47,854.09,252.82,592.12,313.13,176.40,359.40,108.14,2.732,0,SMOOTH_PURSUIT,0.421,0.620,0.715,149.2,lissajous
736368.0738,10.6389,371.18,561.74,812.56,-356.39,887.28,259.36,593.58,406.67,90.83,416.69,116.26,2.937,0,SMOOTH_PURSUIT,0.470,0.806,0.729,149.2,lissajous
736368.0905,10.6556,385.11,555.24,833.85,-389.02,920.13,272.14,595.46,764.53,112.19,772.72,119.92,3.029,0,SACCADE,0.840,0.835,0.731,149.2,lissajous
736368.1070,10.6721,399.17,548.31,854.22,-420.94,952.30,283.49,592.22,689.66,-196.66,717.15,123.74,3.126,0,SACCADE,0.753,0.984,0.733,149.2,lissajous
736368.1235,10.6886,413.62,540.84,873.33,-451.55,983.16,295.24,590.03,710.58,-132.39,722.81,128.19,3.238,0,SACCADE,0.735,0.957,0.739,149.2,lissajous
736368.1407,10.7058,428.95,532.56,891.38,-481.41,1013.07,302.84,588.15,442.04,-109.17,455.32,137.81,3.481,0,SMOOTH_PURSUIT,0.449,0.968,0.740,165.8,lissajous
736368.1576,10.7227,444.31,523.93,909.44,-510.80,1043.07,313.61,582.34,637.37,-344.28,724.41,143.16,3.616,0,SACCADE,0.695,1.000,0.743,165.8,lissajous
736368.1745,10.7396,459.92,514.85,924.97,-537.85,1069.98,329.07,580.58,915.95,-103.99,921.83,146.43,3.698,0,SACCADE,0.862,0.916,0.747,165.8,lissajous
736368.1906,10.7556,475.03,505.80,940.23,-563.58,1096.21,336.80,579.82,480.84,-47.42,483.17,156.80,3.960,0,SMOOTH_PURSUIT,0.441,0.904,0.745,165.8,lissajous
736368.2071,10.7721,490.73,496.13,952.21,-586.39,1118.28,351.92,578.50,917.22,-79.87,920.69,161.41,4.076,0,SACCADE,0.823,0.894,0.741,149.2,lissajous
736368.2241,10.7892,507.18,485.74,964.67,-609.13,1140.89,364.79,572.15,754.24,-372.32,841.13,166.57,4.207,0,SACCADE,0.737,0.995,0.736,165.8,lissajous
736368.2399,10.8050,522.62,475.78,975.35,-629.62,1160.92,373.39,565.91,543.65,-394.76,671.85,174.34,4.403,0,SACCADE,0.579,0.998,0.731,165.7,lissajous
736368.2565,10.8216,538.93,465.04,984.43,-648.04,1178.59,392.99,554.13,1182.65,-710.61,1379.72,170.99,4.318,0,SACCADE,1.171,0.999,0.725,149.2,lissajous
736368.2730,10.8381,555.34,454.04,993.58,-665.91,1196.09,408.02,543.86,910.48,-622.03,1102.68,172.54,4.357,0,SACCADE,0.922,1.000,0.717,132.6,lissajous
736368.2899,10.8550,572.23,442.53,998.30,-679.98,1207.89,421.20,538.05,778.73,-343.09,850.96,178.70,4.513,0,SACCADE,0.705,0.983,0.708,149.3,lissajous
736368.3059,10.8710,588.31,431.43,1004.63,-694.04,1221.06,437.75,527.64,1034.25,-650.61,1221.87,178.68,4.512,0,SACCADE,1.001,0.999,0.704,149.2,lissajous
736368.3222,10.8873,604.67,419.99,1008.25,-705.09,1230.33,456.09,517.60,1130.66,-619.21,1289.12,177.77,4.489,0,SACCADE,1.048,0.994,0.701,165.8,lissajous
736368.3387,10.9038,621.42,408.14,1011.79,-715.31,1239.11,469.32,507.88,798.30,-586.84,990.79,181.89,4.593,0,SACCADE,0.800,1.000,0.699,149.3,lissajous
736368.3560,10.9210,638.89,395.68,1013.30,-723.32,1244.98,481.86,502.40,728.03,-317.59,794.29,189.86,4.794,0,SACCADE,0.638,0.978,0.687,132.7,lissajous
736368.3725,10.9376,655.64,383.62,1012.99,-728.99,1248.03,499.17,492.59,1046.63,-593.15,1203.02,190.68,4.815,0,SACCADE,0.964,0.994,0.689,149.3,lissajous
736368.3899,10.9549,673.20,370.89,1011.63,-732.87,1249.19,513.39,486.38,818.98,-357.86,893.75,197.17,4.979,0,SACCADE,0.715,0.977,0.681,132.7,lissajous
736368.4059,10.9710,689.38,359.11,1009.28,-734.93,1248.51,531.67,470.46,1140.23,-993.10,1512.08,193.06,4.875,0,SACCADE,1.211,0.996,0.682,149.3,lissajous
736368.4222,10.9873,705.78,347.13,1005.30,-734.70,1245.16,549.48,457.42,1091.79,-799.70,1353.34,191.29,4.830,0,SACCADE,1.087,1.000,0.689,132.7,lissajous
736368.4382,11.0033,721.82,335.38,1000.58,-732.96,1240.32,564.73,447.21,951.65,-636.88,1145.09,192.83,4.869,0,SACCADE,0.923,0.999,0.684,116.1,lissajous
736368.4559,11.0210,739.35,322.53,993.38,-728.44,1231.83,584.79,435.77,1136.91,-648.20,1308.71,191.60,4.838,0,SACCADE,1.062,0.993,0.679,99.5,lissajous
736368.4721,11.0372,755.32,310.82,986.52,-723.14,1223.17,598.73,428.59,860.46,-443.73,968.14,195.94,4.947,0,SACCADE,0.791,0.988,0.666,132.7,lissajous
736368.4881,11.0532,770.92,299.40,975.32,-713.71,1208.56,616.15,418.31,1089.17,-642.56,1264.59,195.18,4.928,0,SACCADE,1.046,0.995,0.667,132.7,lissajous
736368.5035,11.0686,785.87,288.50,967.82,-706.10,1198.02,629.93,399.34,892.18,-1228.22,1518.06,191.32,4.831,0,SACCADE,1.267,0.952,0.673,116.0,lissajous
736368.5208,11.0859,802.37,276.51,953.82,-692.74,1178.84,649.92,390.91,1156.21,-487.14,1254.64,190.59,4.813,0,SACCADE,1.064,0.974,0.672,116.0,lissajous
736368.5369,11.1020,817.53,265.57,941.60,-679.66,1161.27,659.98,377.09,624.28,-858.85,1061.76,193.02,4.874,0,SACCADE,0.914,0.950,0.674,116.0,lissajous
736368.5539,11.1190,833.33,254.25,927.82,-664.52,1141.24,682.89,363.54,1344.88,-795.32,1562.44,185.95,4.696,0,SACCADE,1.369,0.996,0.676,132.6,lissajous
736368.5710,11.1361,848.91,243.21,911.20,-646.24,1117.10,702.91,352.53,1171.64,-644.12,1337.02,182.39,4.606,0,SACCADE,1.197,0.993,0.697,149.2,lissajous
736368.5869,11.1520,863.15,233.22,895.47,-627.90,1093.67,715.19,342.82,771.87,-610.49,984.12,184.13,4.650,0,SACCADE,0.900,0.998,0.700,132.6,lissajous
736368.6030,11.1680,877.19,223.50,877.41,-607.36,1067.12,731.79,327.53,1036.83,-954.97,1409.61,178.79,4.515,0,SACCADE,1.321,0.990,0.709,132.6,lissajous
736368.6190,11.1841,890.97,214.11,859.69,-586.23,1040.55,743.25,320.14,715.38,-461.12,851.12,181.84,4.592,0,SACCADE,0.818,1.000,0.705,149.1,lissajous
736368.6355,11.2006,904.84,204.81,839.68,-562.62,1010.74,762.16,308.34,1144.70,-714.09,1349.18,176.29,4.452,0,SACCADE,1.335,0.999,0.711,132.6,lissajous
736368.6528,11.2179,919.00,195.52,817.68,-536.48,977.96,779.49,294.22,1000.33,-815.65,1290.71,170.90,4.316,0,SACCADE,1.320,0.995,0.715,149.2,lissajous
736368.6694,11.2345,932.19,187.07,795.43,-509.38,944.55,794.37,284.49,897.19,-586.19,1071.72,168.78,4.263,0,SACCADE,1.135,1.000,0.720,132.6,lissajous
736368.6859,11.2510,944.96,179.11,771.68,-480.89,909.25,808.61,272.16,861.17,-745.86,1139.26,165.07,4.169,0,SACCADE,1.253,0.988,0.721,132.6,lissajous
736368.7026,11.2677,957.39,171.61,747.20,-451.28,872.90,823.60,262.82,900.95,-561.22,1061.45,161.92,4.089,0,SACCADE,1.216,1.000,0.725,165.7,lissajous
736368.7193,11.2844,969.44,164.59,721.70,-420.34,835.19,842.17,255.95,1112.55,-411.49,1186.21,156.66,3.957,0,SACCADE,1.420,0.985,0.736,149.1,lissajous
736368.7363,11.3014,981.25,158.00,694.88,-387.86,795.79,858.98,240.01,988.38,-937.97,1362.60,147.23,3.719,0,SACCADE,1.712,0.969,0.740,149.1,lissajous
736368.7537,11.3188,992.86,151.84,666.24,-353.42,754.18,873.41,228.33,828.78,-670.38,1065.97,141.83,3.582,0,SACCADE,1.413,0.982,0.743,149.2,lissajous
736368.7703,11.3354,1003.43,146.56,637.32,-318.56,712.50,883.61,220.09,614.61,-496.30,789.97,140.59,3.551,0,SACCADE,1.109,0.977,0.741,165.7,lissajous
736368.7877,11.3528,1014.00,141.63,607.82,-282.94,670.45,899.58,214.93,918.35,-296.77,965.11,135.88,3.432,0,SACCADE,1.440,0.992,0.750,165.7,lissajous
736368.8038,11.3689,1023.33,137.65,577.15,-246.64,627.64,908.37,204.59,543.78,-639.58,839.50,133.03,3.360,0,SACCADE,1.338,0.895,0.748,149.2,lissajous
736368.8200,11.3851,1032.17,134.23,547.33,-211.24,586.68,922.91,193.71,899.48,-673.68,1123.79,124.41,3.142,0,SACCADE,1.915,0.963,0.750,149.2,lissajous
736368.8366,11.4017,1040.77,131.33,516.15,-174.66,544.90,936.19,186.86,797.57,-411.35,897.40,118.41,2.991,0,SACCADE,1.647,0.989,0.751,165.7,lissajous
736368.8536,11.4187,1048.97,129.01,483.65,-136.76,502.61,950.70,179.12,855.81,-456.61,970.00,110.31,2.787,0,SACCADE,1.930,0.977,0.746,149.1,lissajous
736368.8703,11.4353,1056.47,127.37,450.06,-98.38,460.69,965.28,168.31,875.06,-648.79,1089.34,99.96,2.525,0,SACCADE,2.365,0.912,0.740,165.7,lissajous
736368.8869,11.4520,1063.40,126.37,417.05,-60.28,421.39,967.44,163.53,130.31,-287.61,315.75,102.90,2.599,0,SMOOTH_PURSUIT,0.749,0.539,0.727,149.1,lissajous
736368.9024,11.4675,1069.35,126.01,383.98,-23.22,384.68,982.88,153.21,994.76,-664.94,1196.53,90.65,2.290,0,SACCADE,3.110,0.863,0.716,149.0,lissajous
736368.9187,11.4838,1075.09,126.23,350.78,13.55,351.04,995.82,155.02,791.95,110.54,799.63,84.33,2.130,0,SACCADE,2.278,0.995,0.708,149.0,lissajous
736368.9360,11.5011,1080.53,127.13,315.63,52.31,319.94,1008.69,149.37,745.92,-327.37,814.60,75.20,1.900,0,SACCADE,2.546,0.838,0.698,165.7,lissajous
736368.9523,11.5174,1085.11,128.62,279.69,90.91,294.10,1016.90,139.84,501.62,-582.17,768.47,69.13,1.746,0,SACCADE,2.613,0.387,0.691,149.0,lissajous
736368.9689,11.5340,1089.16,130.75,244.30,128.54,276.05,1030.23,136.04,803.79,-229.41,835.89,59.17,1.495,0,SACCADE,3.028,0.723,0.680,165.6,lissajous
736368.9858,11.5509,1092.67,133.56,208.06,166.46,266.45,1035.39,132.69,305.70,-198.21,364.33,57.29,1.447,0,DRIFT,1.367,0.315,0.677,149.1,lissajous
736369.0028,11.5679,1095.58,137.04,171.02,204.56,266.63,1044.12,134.38,512.53,98.98,522.00,51.53,1.302,0,SMOOTH_PURSUIT,1.958,0.775,0.672,132.5,lissajous
736369.0193,11.5843,1097.78,140.99,133.68,240.56,275.21,1049.60,133.17,333.82,-73.83,341.89,48.81,1.233,0,DRIFT,1.242,0.286,0.670,115.9,lissajous
736369.0366,11.6017,1099.45,145.81,96.65,277.54,293.89,1059.44,129.68,567.39,-201.10,601.98,43.14,1.090,0,DRIFT,2.048,-0.006,0.662,99.4,lissajous
736369.0535,11.6186,1100.45,151.12,58.55,313.73,319.15,1063.36,128.51,231.17,-68.88,241.21,43.43,1.097,0,DRIFT,0.756,-0.105,0.663,115.9,lissajous
736369.0704,11.6354,1100.80,156.98,20.99,348.64,349.27,1070.68,129.37,435.33,50.71,438.28,40.86,1.032,1,DRIFT,1.255,0.175,0.663,99.4,lissajous
736369.0867,11.6517,1100.54,163.20,-15.92,381.72,382.05,1077.88,129.69,441.90,20.02,442.36,40.45,1.022,1,DRIFT,1.158,0.004,0.673,132.4,lissajous
736369.1026,11.6677,1099.71,169.80,-51.85,413.07,416.31,1085.75,123.89,492.56,-363.26,612.02,47.99,1.212,0,DRIFT,1.470,-0.689,0.676,132.4,lissajous
736369.1192,11.6843,1098.24,177.20,-88.59,445.90,454.62,1084.88,131.78,-52.44,475.29,478.17,47.35,1.196,0,SMOOTH_PURSUIT,1.052,0.996,0.686,115.9,lissajous
736369.1363,11.7014,1096.11,185.25,-124.84,471.80,488.04,1091.37,132.73,381.13,55.74,385.19,52.73,1.332,0,DRIFT,0.789,-0.113,0.690,99.3,lissajous
736369.1531,11.7182,1093.37,193.73,-162.66,502.99,528.64,1096.93,137.14,329.42,261.61,420.66,56.69,1.432,0,SMOOTH_PURSUIT,0.796,0.351,0.705,132.5,lissajous
736369.1694,11.7345,1090.14,202.34,-198.97,530.25,566.35,1095.76,139.84,-72.15,165.78,180.80,62.76,1.585,0,SMOOTH_PURSUIT,0.319,0.999,0.717,132.5,lissajous
736369.1870,11.7520,1085.99,212.13,-235.93,556.91,604.83,1099.42,142.47,208.77,149.73,256.91,70.94,1.792,0,DRIFT,0.425,0.220,0.728,115.9,lissajous
736369.2030,11.7680,1081.64,221.43,-272.04,581.19,641.71,1105.90,143.15,404.73,42.90,407.00,81.95,2.070,0,DRIFT,0.634,-0.326,0.743,149.0,lissajous
736369.2195,11.7846,1076.56,231.41,-306.61,603.07,676.54,1101.87,146.72,-243.64,215.13,325.02,88.39,2.233,0,SMOOTH_PURSUIT,0.480,0.930,0.753,132.4,lissajous
736369.2355,11.8006,1071.09,241.43,-341.37,624.43,711.65,1103.86,154.43,124.37,480.93,496.76,92.97,2.349,0,SMOOTH_PURSUIT,0.698,0.729,0.761,148.9,lissajous
736369.2526,11.8177,1064.68,252.40,-375.69,643.43,745.08,1098.72,161.17,-301.53,395.34,497.20,97.37,2.460,0,SMOOTH_PURSUIT,0.667,0.992,0.775,149.0,lissajous
736369.2696,11.8347,1057.69,263.66,-410.51,661.26,778.32,1100.13,171.79,83.10,623.29,628.81,101.21,2.557,0,SMOOTH_PURSUIT,0.808,0.772,0.783,149.0,lissajous
736369.2865,11.8515,1050.19,275.08,-445.42,678.45,811.60,1098.24,181.72,-112.70,590.13,600.80,105.00,2.652,0,SMOOTH_PURSUIT,0.740,0.924,0.788,149.0,lissajous
736369.3031,11.8682,1042.23,286.59,-477.77,691.19,840.24,1095.11,187.65,-187.54,355.87,402.26,112.19,2.834,0,SMOOTH_PURSUIT,0.479,0.993,0.793,165.5,lissajous
736369.3193,11.8844,1033.98,297.98,-510.13,703.70,869.15,1093.44,195.24,-103.67,469.34,480.66,118.71,2.999,0,SMOOTH_PURSUIT,0.553,0.917,0.803,165.5,lissajous
736369.3364,11.9014,1024.74,310.15,-541.56,713.55,895.79,1090.26,204.85,-186.08,563.51,593.44,124.02,3.133,0,SMOOTH_PURSUIT,0.662,0.946,0.809,165.6,lissajous
736369.3537,11.9188,1014.80,322.67,-573.67,722.17,922.29,1086.55,211.35,-214.17,374.81,431.68,132.44,3.345,0,SMOOTH_PURSUIT,0.468,0.988,0.810,165.6,lissajous
736369.3707,11.9358,1004.50,335.07,-604.99,728.73,947.13,1085.26,225.30,-76.02,819.42,822.94,136.28,3.442,0,SACCADE,0.869,0.825,0.811,165.6,lissajous
736369.3871,11.9522,994.08,347.11,-634.29,732.62,969.05,1080.35,237.30,-298.40,730.57,789.16,139.65,3.527,0,SACCADE,0.814,0.947,0.813,165.6,lissajous
736369.4029,11.9679,983.69,358.65,-661.34,734.18,988.13,1072.95,249.32,-470.83,764.85,898.15,141.14,3.565,0,SACCADE,0.909,0.984,0.813,165.6,lissajous
736369.4192,11.9843,972.45,370.65,-688.69,735.18,1007.36,1063.13,256.75,-602.11,455.05,754.72,145.59,3.677,0,SACCADE,0.749,0.985,0.812,165.5,lissajous
736369.4355,12.0006,960.75,382.64,-714.69,733.17,1023.88,1056.73,266.16,-391.16,575.29,695.68,150.93,3.812,0,SACCADE,0.679,0.985,0.812,165.5,lissajous
736369.4521,12.0172,948.51,394.71,-740.33,729.61,1039.43,1048.86,280.09,-476.09,842.53,967.74,152.33,3.847,0,SACCADE,0.931,0.962,0.812,165.5,lissajous
736369.4681,12.0332,936.23,406.34,-764.40,723.80,1052.70,1042.20,290.26,-414.02,632.81,756.22,157.18,3.970,0,SACCADE,0.718,0.973,0.809,165.5,lissajous
736369.4842,12.0493,923.56,417.87,-788.04,717.01,1065.41,1032.55,301.94,-600.29,726.41,942.35,159.12,4.019,0,SACCADE,0.884,0.990,0.810,165.5,lissajous
736369.5016,12.0667,909.47,430.15,-810.19,706.72,1075.11,1019.46,316.41,-752.72,832.05,1122.00,158.23,3.996,0,SACCADE,1.044,0.993,0.806,165.5,lissajous
736369.5182,12.0833,895.62,441.72,-832.63,695.20,1084.70,1009.99,325.57,-569.74,550.72,792.39,163.00,4.117,0,SACCADE,0.731,0.997,0.809,165.6,lissajous
736369.5353,12.1004,881.07,453.34,-853.47,681.64,1092.26,996.98,344.14,-762.41,1089.37,1329.66,159.25,4.022,0,SACCADE,1.217,0.959,0.805,165.6,lissajous
736369.5523,12.1174,866.18,464.70,-873.36,665.94,1098.28,981.57,349.86,-903.91,335.31,964.10,162.80,4.111,0,SACCADE,0.878,0.956,0.810,165.6,lissajous
736369.5692,12.1343,851.16,475.61,-891.95,648.49,1102.78,977.74,370.78,-227.77,1242.83,1263.53,164.35,4.151,0,SACCADE,1.146,0.724,0.810,165.6,lissajous
736369.5856,12.1507,836.26,485.93,-909.00,629.60,1105.75,966.08,376.17,-711.47,328.80,783.77,170.00,4.293,0,SACCADE,0.709,0.985,0.804,149.1,lissajous
736369.6032,12.1683,819.97,496.65,-924.77,608.20,1106.84,951.41,388.50,-832.52,699.58,1087.42,170.21,4.299,0,SACCADE,0.982,0.993,0.805,165.7,lissajous
736369.6195,12.1846,804.59,506.23,-939.79,585.47,1107.24,944.96,398.92,-394.30,637.31,749.43,176.68,4.462,0,SACCADE,0.677,0.896,0.801,165.7,lissajous
736369.6366,12.2017,788.35,515.79,-953.07,561.36,1106.11,928.65,417.82,-956.55,1108.44,1464.11,171.13,4.322,0,SACCADE,1.324,0.947,0.799,149.1,lissajous
736369.6527,12.2177,772.85,524.40,-965.11,536.02,1103.97,917.50,423.40,-694.65,347.60,776.77,176.42,4.455,0,SACCADE,0.704,0.999,0.797,165.7,lissajous
736369.6689,12.2340,757.01,532.68,-974.80,509.46,1099.91,904.66,436.12,-790.60,783.22,1112.87,176.41,4.455,0,SACCADE,1.012,0.956,0.802,165.7,lissajous
736369.6846,12.2497,741.52,540.27,-984.91,482.75,1096.86,887.55,450.36,-1086.80,904.95,1414.24,171.50,4.331,0,SACCADE,1.289,0.972,0.802,149.1,lissajous
736369.7011,12.2662,725.15,547.76,-992.14,453.75,1090.98,872.87,461.20,-889.94,656.79,1106.06,171.22,4.324,0,SACCADE,1.014,0.979,0.801,149.1,lissajous
736369.7178,12.2829,708.45,554.83,-999.87,423.36,1085.81,858.09,465.65,-885.11,266.44,924.34,174.20,4.399,0,SACCADE,0.851,0.994,0.801,165.7,lissajous
736369.7345,12.2996,691.70,561.35,-1003.93,390.67,1077.27,850.45,479.07,-458.07,804.43,925.71,178.80,4.515,0,SACCADE,0.859,0.776,0.799,165.7,lissajous
736369.7513,12.3164,674.80,567.34,-1008.40,357.59,1069.93,829.05,495.15,-1276.04,959.41,1596.48,170.31,4.301,0,SACCADE,1.492,0.954,0.800,165.8,lissajous
736369.7688,12.3339,657.03,573.01,-1012.09,322.75,1062.31,812.72,497.46,-930.92,131.73,940.19,173.04,4.370,0,SACCADE,0.885,0.986,0.800,165.9,lissajous
736369.7852,12.3503,640.41,577.71,-1013.02,286.93,1052.87,799.20,509.22,-823.59,716.52,1091.65,172.93,4.367,0,SACCADE,1.037,0.905,0.808,149.3,lissajous
736369.8023,12.3674,623.14,581.99,-1013.13,251.01,1043.76,783.41,518.36,-926.70,536.27,1070.68,172.43,4.355,0,SACCADE,1.026,0.961,0.811,165.9,lissajous
736369.8190,12.3841,606.23,585.57,-1011.72,214.03,1034.11,772.18,523.78,-671.76,324.17,745.89,177.08,4.472,0,SACCADE,0.721,0.971,0.808,165.9,lissajous
736369.8361,12.4012,588.94,588.59,-1009.45,176.44,1024.76,747.54,538.77,-1437.91,874.75,1683.08,166.25,4.199,0,SACCADE,1.642,0.931,0.808,149.3,lissajous
736369.8528,12.4178,572.23,590.89,-1004.01,138.17,1013.47,731.77,544.52,-948.24,346.09,1009.43,166.13,4.196,0,SACCADE,0.996,0.977,0.811,165.9,lissajous
736369.8689,12.4340,556.09,592.52,-999.97,101.00,1005.05,711.24,551.88,-1271.20,455.57,1350.37,160.39,4.051,0,SACCADE,1.344,0.971,0.813,165.9,lissajous
736369.8852,12.4503,539.92,593.56,-992.90,63.74,994.94,694.54,554.38,-1025.80,153.56,1037.23,159.50,4.028,0,SACCADE,1.043,0.996,0.816,165.9,lissajous
736369.9010,12.4660,524.39,593.98,-984.73,26.79,985.09,678.86,564.41,-994.29,636.16,1180.39,157.27,3.972,0,SACCADE,1.198,0.857,0.817,149.3,lissajous
736369.9168,12.4818,508.97,593.83,-976.96,-9.63,977.01,666.86,570.93,-759.77,413.15,864.83,159.55,4.029,0,SACCADE,0.885,0.874,0.815,182.4,lissajous
736369.9334,12.4985,492.85,593.05,-965.54,-47.07,966.68,644.92,577.24,-1314.86,377.77,1368.05,152.89,3.861,0,SACCADE,1.415,0.947,0.820,165.8,lissajous
736369.9506,12.5157,476.44,591.57,-954.18,-86.08,958.06,629.36,580.81,-904.57,207.44,928.05,153.30,3.872,0,SACCADE,0.969,0.951,0.819,149.2,lissajous
736369.9673,12.5323,460.81,589.49,-940.51,-124.69,948.74,613.55,582.24,-951.17,85.96,955.04,152.91,3.862,0,SACCADE,1.007,0.975,0.815,165.8,lissajous
736369.9845,12.5496,444.87,586.69,-926.06,-163.03,940.30,596.35,587.49,-999.60,305.58,1045.26,151.48,3.826,0,SACCADE,1.112,0.891,0.814,165.8,lissajous
736370.0015,12.5666,429.38,583.26,-909.72,-201.28,931.72,583.89,588.06,-731.71,33.55,732.48,154.58,3.904,0,SACCADE,0.786,0.965,0.816,165.8,lissajous
736370.0190,12.5841,413.74,579.06,-892.98,-239.57,924.56,563.60,587.60,-1158.71,-26.69,1159.02,150.10,3.791,0,SACCADE,1.254,0.972,0.820,165.9,lissajous
736370.0354,12.6004,399.47,574.56,-873.16,-275.81,915.68,547.00,590.63,-1015.49,185.62,1032.32,148.40,3.748,0,SACCADE,1.127,0.884,0.819,149.2,lissajous
736370.0525,12.6175,384.87,569.24,-853.96,-311.24,908.91,531.36,594.78,-915.08,242.78,946.73,148.69,3.756,0,SACCADE,1.042,0.820,0.817,149.3,lissajous
736370.0698,12.6349,370.42,563.22,-832.89,-346.86,902.23,511.65,592.91,-1135.97,-107.83,1141.08,144.31,3.645,0,SACCADE,1.265,0.955,0.821,165.9,lissajous
736370.0862,12.6513,357.11,556.97,-811.04,-380.79,895.98,499.72,597.03,-726.80,251.10,768.96,148.13,3.741,0,SACCADE,0.858,0.717,0.818,165.9,lissajous
736370.1037,12.6687,343.37,549.75,-787.58,-413.53,889.54,479.94,593.06,-1133.43,-227.35,1156.01,143.27,3.619,0,SACCADE,1.300,0.960,0.822,166.0,lissajous
736370.1206,12.6857,330.42,542.19,-763.19,-445.90,883.91,472.41,592.98,-444.08,-5.01,444.11,150.79,3.809,0,SMOOTH_PURSUIT,0.502,0.869,0.834,149.4,lissajous
736370.1370,12.7021,318.31,534.38,-738.21,-475.90,878.32,453.15,589.40,-1174.08,-218.33,1194.20,145.63,3.678,0,SACCADE,1.360,0.925,0.832,149.4,lissajous
736370.1530,12.7181,306.91,526.33,-712.58,-503.47,872.50,439.01,587.69,-883.48,-106.76,889.90,145.66,3.679,0,SACCADE,1.020,0.880,0.829,166.0,lissajous
736370.1694,12.7345,295.65,517.63,-686.93,-530.36,867.85,415.95,584.80,-1406.67,-176.45,1417.69,137.78,3.480,0,SACCADE,1.634,0.861,0.827,166.0,lissajous
736370.1869,12.7520,284.11,507.88,-659.08,-557.05,862.95,408.04,581.29,-451.69,-200.35,494.13,144.04,3.638,0,SMOOTH_PURSUIT,0.573,0.960,0.822,182.7,lissajous
736370.2023,12.7673,274.45,498.98,-630.25,-580.54,856.88,393.06,578.47,-977.77,-183.93,994.92,142.78,3.606,0,SACCADE,1.161,0.848,0.827,166.1,lissajous
736370.2206,12.7857,263.45,487.93,-600.54,-603.57,851.44,377.32,564.84,-858.84,-744.17,1136.40,137.41,3.471,0,SACCADE,1.335,0.997,0.829,166.2,lissajous
736370.2372,12.8022,254.02,477.55,-568.89,-625.76,845.70,369.95,558.60,-444.75,-376.25,582.56,141.45,3.573,0,SMOOTH_PURSUIT,0.689,0.991,0.823,166.2,lissajous
736370.2537,12.8188,245.11,466.87,-537.93,-644.94,839.83,347.31,555.98,-1367.60,-158.16,1376.72,135.59,3.425,0,SACCADE,1.639,0.725,0.820,166.2,lissajous
736370.2694,12.8345,237.14,456.47,-507.21,-662.07,834.02,339.38,551.26,-504.96,-299.97,587.34,139.42,3.521,0,SMOOTH_PURSUIT,0.704,0.928,0.817,166.2,lissajous
736370.2857,12.8508,229.40,445.45,-475.94,-677.14,827.67,321.51,538.42,-1097.70,-789.01,1351.85,130.88,3.306,0,SACCADE,1.633,0.944,0.815,166.2,lissajous
736370.3018,12.8669,222.25,434.32,-443.91,-690.97,821.28,311.33,530.37,-632.12,-499.96,805.93,131.00,3.309,0,BLINK,0.981,0.946,0.819,166.2,lissajous
736370.3185,12.8836,215.40,422.60,-410.80,-702.98,814.21,303.98,522.44,-441.28,-475.87,648.98,133.46,3.371,0,BLINK,0.797,0.976,0.820,166.2,lissajous
736370.3356,12.9007,208.97,410.40,-375.99,-713.16,806.21,289.89,515.08,-823.65,-429.96,929.12,132.31,3.342,0,BLINK,1.152,0.823,0.818,166.2,lissajous
736370.3530,12.9181,203.05,397.85,-340.16,-721.96,798.08,283.32,497.36,-377.47,-1019.23,1086.88,127.85,3.229,0,BLINK,1.362,0.996,0.819,166.2,lissajous
736370.3696,12.9347,198.00,385.74,-304.13,-728.12,789.08,267.31,493.76,-963.10,-216.57,987.15,128.34,3.242,0,BLINK,1.251,0.578,0.819,166.2,lissajous
736370.3862,12.9512,193.55,373.61,-268.73,-732.51,780.25,255.92,481.38,-687.87,-747.46,1015.81,124.52,3.145,0,BLINK,1.302,0.924,0.819,166.2,lissajous
736370.4023,12.9674,189.78,361.77,-233.40,-734.54,770.73,247.68,474.34,-511.11,-436.65,672.23,126.58,3.197,0,BLINK,0.872,0.849,0.819,166.2,lissajous
736370.4201,12.9852,186.28,348.69,-196.52,-734.94,760.76,242.84,466.07,-271.73,-464.46,538.11,130.30,3.291,0,BLINK,0.707,0.964,0.817,166.3,lissajous
736370.4364,13.0015,183.69,336.71,-158.98,-732.72,749.76,232.02,450.85,-661.96,-931.28,1142.57,123.95,3.131,0,BLINK,1.524,0.919,0.816,166.2,lissajous
736370.4536,13.0187,181.59,324.20,-122.11,-729.23,739.38,224.94,437.05,-412.73,-804.50,904.19,120.89,3.054,0,SACCADE,1.223,0.953,0.816,166.2,lissajous
736370.4706,13.0357,180.16,311.87,-84.21,-723.27,728.15,219.51,427.86,-318.86,-538.92,626.19,122.48,3.094,0,SMOOTH_PURSUIT,0.860,0.914,0.815,166.2,lissajous
736370.4872,13.0523,179.38,300.03,-46.83,-715.14,716.68,212.70,413.31,-410.88,-879.02,970.31,118.08,2.983,0,SACCADE,1.354,0.932,0.813,166.2,lissajous
736370.5028,13.0679,179.21,289.02,-11.01,-705.65,705.74,213.19,402.79,31.26,-673.92,674.65,118.74,2.999,0,SACCADE,0.956,0.998,0.815,166.2,lissajous
736370.5188,13.0839,179.60,277.89,24.23,-694.59,695.01,203.51,394.18,-604.18,-537.63,808.75,118.72,2.999,0,SACCADE,1.164,0.638,0.813,166.1,lissajous
736370.5346,13.0997,180.54,267.13,59.64,-681.70,684.31,196.31,381.16,-456.28,-825.04,942.80,115.11,2.908,0,SACCADE,1.378,0.830,0.811,166.1,lissajous
736370.5514,13.1164,182.14,255.95,95.82,-666.99,673.84,197.08,367.45,45.92,-818.10,819.39,112.49,2.842,0,SACCADE,1.216,0.996,0.812,166.1,lissajous
736370.5682,13.1332,184.38,245.04,132.92,-649.44,662.90,186.75,353.36,-614.83,-838.53,1039.78,108.34,2.737,0,SACCADE,1.569,0.672,0.809,166.1,lissajous
736370.5844,13.1495,187.13,234.79,169.35,-630.80,653.14,184.05,348.41,-166.15,-304.57,346.95,113.66,2.871,0,SMOOTH_PURSUIT,0.531,0.724,0.803,149.5,lissajous
736370.6015,13.1666,190.65,224.35,205.86,-610.14,643.94,184.57,332.10,30.34,-953.17,953.65,107.92,2.726,0,SACCADE,1.481,0.957,0.797,149.5,lissajous
736370.6189,13.1840,194.89,214.13,243.37,-587.05,635.50,181.56,321.46,-172.53,-611.46,635.33,108.15,2.732,0,SMOOTH_PURSUIT,1.000,0.785,0.793,149.6,lissajous
736370.6350,13.2001,199.38,205.08,279.77,-563.68,629.29,182.86,309.64,80.76,-735.73,740.15,105.86,2.674,0,SACCADE,1.176,0.939,0.786,166.2,lissajous
736370.6518,13.2169,204.67,196.04,314.04,-537.14,622.21,181.94,299.15,-54.53,-623.81,626.19,105.58,2.667,0,SMOOTH_PURSUIT,1.006,0.816,0.788,166.2,lissajous
736370.6681,13.2332,210.36,187.70,349.40,-511.21,619.21,182.15,288.57,12.60,-648.50,648.63,104.74,2.646,0,SMOOTH_PURSUIT,1.048,0.836,0.786,149.5,lissajous
736370.6849,13.2500,216.80,179.61,383.57,-482.83,616.65,179.48,271.45,-159.17,-1021.10,1033.43,99.13,2.504,0,SACCADE,1.676,0.678,0.775,166.1,lissajous
736370.7010,13.2661,223.53,172.29,417.21,-453.56,616.27,180.93,260.71,89.67,-665.52,671.54,98.15,2.479,0,SACCADE,1.090,0.820,0.774,149.5,lissajous
736370.7168,13.2818,230.60,165.61,449.35,-424.12,617.89,184.50,247.61,227.24,-832.55,863.01,94.06,2.376,0,SACCADE,1.397,0.854,0.765,132.8,lissajous
736370.7334,13.2985,238.62,159.06,481.50,-393.11,621.59,185.97,241.79,88.19,-349.31,360.27,98.06,2.477,0,SMOOTH_PURSUIT,0.580,0.803,0.754,132.8,lissajous
736370.7500,13.3150,247.12,153.11,513.94,-360.33,627.67,188.07,231.47,127.00,-623.91,636.70,98.12,2.479,0,SMOOTH_PURSUIT,1.014,0.726,0.749,132.9,lissajous
736370.7656,13.3306,255.60,148.00,543.99,-327.24,634.83,189.77,220.77,108.92,-686.07,694.66,98.13,2.479,0,SACCADE,1.094,0.643,0.745,149.4,lissajous
736370.7819,13.3470,264.98,143.20,574.12,-294.10,645.06,193.35,214.20,219.47,-402.46,458.41,100.85,2.548,0,SMOOTH_PURSUIT,0.711,0.826,0.746,149.4,lissajous
736370.7983,13.3634,274.91,138.94,603.34,-258.79,656.50,194.89,200.50,93.23,-831.97,837.18,100.96,2.550,0,SACCADE,1.275,0.494,0.743,149.4,lissajous
736370.8152,13.3803,285.57,135.19,633.25,-222.68,671.27,209.72,187.94,881.19,-746.42,1154.83,92.39,2.334,0,SACCADE,1.720,0.934,0.732,149.5,lissajous
736370.8310,13.3961,296.02,132.25,660.78,-186.34,686.55,209.53,184.30,-12.34,-230.41,230.74,100.94,2.550,0,DRIFT,0.336,0.220,0.741,166.0,lissajous
736370.8463,13.4113,306.50,129.93,686.75,-151.48,703.25,216.25,172.49,440.25,-773.26,889.80,99.78,2.521,0,SACCADE,1.265,0.670,0.741,165.9,lissajous
736370.8628,13.4279,318.29,128.02,712.60,-115.40,721.88,225.35,173.22,549.90,44.47,551.69,103.35,2.611,0,SMOOTH_PURSUIT,0.764,0.971,0.751,165.9,lissajous
736370.8794,13.4444,330.52,126.74,738.37,-77.50,742.43,235.53,158.37,615.14,-897.13,1087.77,100.11,2.529,0,SACCADE,1.465,0.649,0.747,149.3,lissajous
736370.8967,13.4618,343.77,126.07,763.46,-38.44,764.43,242.96,158.32,428.01,-2.72,428.02,105.84,2.674,0,SMOOTH_PURSUIT,0.560,0.999,0.747,149.3,lissajous
736370.9135,13.4786,356.98,126.09,788.19,0.93,788.20,252.18,151.10,549.96,-430.80,698.60,107.75,2.722,0,SACCADE,0.886,0.786,0.748,166.0,lissajous
736370.9310,13.4961,371.18,126.80,811.30,40.46,812.31,262.11,146.39,567.53,-269.43,628.24,110.81,2.799,0,SMOOTH_PURSUIT,0.773,0.881,0.753,166.0,lissajous
736370.9466,13.5117,384.20,128.03,833.57,78.63,837.27,269.68,144.84,484.83,-99.31,494.90,115.74,2.924,0,SMOOTH_PURSUIT,0.591,0.956,0.756,166.0,lissajous
736370.9634,13.5285,398.50,129.96,852.66,115.60,860.46,282.39,139.24,757.08,-333.41,827.24,116.49,2.943,0,SACCADE,0.961,0.853,0.756,149.4,lissajous
736370.9805,13.5455,413.41,132.60,872.62,154.03,886.11,296.71,136.66,838.59,-151.39,852.15,116.77,2.950,0,SACCADE,0.962,0.938,0.755,166.0,lissajous
736370.9977,13.5628,428.81,135.92,892.10,192.71,912.68,299.00,133.16,132.59,-202.50,242.04,129.84,3.280,0,SMOOTH_PURSUIT,0.265,0.359,0.756,166.1,lissajous
736371.0140,13.5791,443.64,139.67,908.68,229.72,937.27,312.18,130.31,807.96,-174.79,826.65,131.79,3.329,0,SACCADE,0.882,0.896,0.755,166.1,lissajous
736371.0298,13.5949,458.24,143.85,923.97,264.64,961.13,318.03,127.48,370.19,-178.75,411.09,141.16,3.565,0,SMOOTH_PURSUIT,0.428,0.746,0.755,166.0,lissajous
736371.0460,13.6111,473.39,148.68,938.87,298.99,985.33,339.78,121.37,1347.55,-379.00,1399.83,136.37,3.445,0,SACCADE,1.421,0.835,0.750,166.0,lissajous
736371.0618,13.6269,488.45,153.94,950.18,331.82,1006.45,352.19,122.53,783.08,73.38,786.52,139.83,3.532,0,SACCADE,0.781,0.971,0.754,166.0,lissajous
736371.0781,13.6432,504.15,159.89,962.73,364.76,1029.52,366.18,123.41,858.16,53.89,859.85,142.71,3.604,0,SACCADE,0.835,0.955,0.751,149.4,lissajous
736371.0946,13.6597,520.18,166.43,973.76,397.22,1051.66,376.57,128.78,630.61,326.32,710.04,148.47,3.750,0,SACCADE,0.675,0.996,0.749,166.0,lissajous
736371.1110,13.6761,536.32,173.46,982.51,428.30,1071.81,391.55,125.39,912.30,-206.46,935.37,152.54,3.853,0,SACCADE,0.873,0.806,0.749,166.0,lissajous
736371.1269,13.6920,552.07,180.74,991.56,458.47,1092.43,405.58,129.08,883.17,232.12,913.17,155.34,3.923,0,SACCADE,0.836,0.985,0.748,165.9,lissajous
736371.1434,13.7085,568.51,188.76,998.06,486.91,1110.50,422.74,132.81,1041.89,226.49,1066.22,156.14,3.943,0,SACCADE,0.960,0.971,0.743,149.3,lissajous
736371.1605,13.7255,585.64,197.56,1003.66,515.13,1128.13,428.39,135.77,330.91,173.39,373.58,168.96,4.267,0,SMOOTH_PURSUIT,0.331,1.000,0.735,182.5,lissajous
736371.1779,13.7429,603.20,207.01,1008.42,542.87,1145.26,449.64,138.89,1221.05,179.48,1234.17,167.98,4.242,0,SACCADE,1.078,0.940,0.736,166.0,lissajous
736371.1946,13.7597,620.12,216.52,1011.54,568.70,1160.45,462.97,140.30,796.32,84.20,800.76,174.66,4.411,0,SACCADE,0.690,0.918,0.730,182.6,lissajous
736371.2119,13.7770,637.64,226.77,1012.78,592.56,1173.39,483.11,147.62,1163.98,422.84,1238.41,173.63,4.385,0,SACCADE,1.055,0.984,0.728,166.0,lissajous
736371.2279,13.7929,653.82,236.59,1012.76,614.31,1184.51,495.65,154.12,784.96,406.96,884.18,178.38,4.505,0,SACCADE,0.746,0.998,0.724,149.4,lissajous
736371.2439,13.8090,670.04,246.75,1012.84,634.50,1195.17,509.25,161.56,849.82,464.50,968.48,181.96,4.595,0,SACCADE,0.810,0.998,0.718,132.8,lissajous
736371.2604,13.8255,686.76,257.55,1009.20,651.89,1201.44,526.19,163.11,1021.87,93.96,1026.18,186.29,4.704,0,SACCADE,0.854,0.886,0.706,116.2,lissajous
736371.2767,13.8418,703.10,268.41,1006.58,669.19,1208.72,538.81,175.39,777.53,756.33,1084.70,188.80,4.767,0,SACCADE,0.897,0.983,0.701,149.3,lissajous
736371.2933,13.8583,719.68,279.74,1000.56,683.32,1211.63,565.55,182.60,1613.73,434.91,1671.31,182.19,4.601,0,SACCADE,1.379,0.944,0.699,166.0,lissajous
736371.3111,13.8762,737.43,292.18,995.01,697.67,1215.23,575.66,191.49,566.21,498.33,754.27,190.56,4.812,0,SACCADE,0.621,0.994,0.693,149.4,lissajous
736371.3271,13.8922,753.26,303.55,986.12,708.41,1214.20,595.21,203.07,1218.73,721.92,1416.50,187.28,4.729,0,SACCADE,1.167,0.996,0.690,132.8,lissajous
736371.3432,13.9082,768.92,315.05,977.71,717.61,1212.80,616.40,212.65,1322.35,597.59,1451.11,183.71,4.639,0,SACCADE,1.196,0.978,0.689,132.8,lissajous
736371.3592,13.9243,784.47,326.69,967.71,724.73,1209.01,631.40,220.76,933.92,505.08,1061.75,186.15,4.701,0,SACCADE,0.878,0.989,0.680,116.2,lissajous
736371.3765,13.9416,800.99,339.31,956.21,730.30,1203.20,643.28,231.29,687.21,609.26,918.40,191.16,4.827,0,SACCADE,0.763,0.997,0.673,149.3,lissajous
736371.3940,13.9591,817.49,352.15,941.96,733.29,1193.73,660.76,245.43,998.31,807.64,1284.10,189.61,4.788,0,SACCADE,1.076,1.000,0.678,132.8,lissajous
736371.4106,13.9757,832.87,364.34,928.08,735.21,1184.00,678.43,250.24,1066.49,290.46,1105.34,192.01,4.848,0,SACCADE,0.934,0.919,0.674,116.2,lissajous
736371.4270,13.9921,847.87,376.41,912.48,734.35,1171.28,695.55,266.13,1040.91,966.18,1420.22,188.05,4.749,0,SACCADE,1.213,0.998,0.674,149.4,lissajous
736371.4428,14.0079,861.98,387.93,896.27,731.74,1157.04,711.32,274.83,1002.05,552.41,1144.23,188.39,4.757,0,SACCADE,0.989,0.984,0.675,132.8,lissajous
736371.4593,14.0244,876.52,399.96,881.12,729.07,1143.64,729.49,290.00,1100.71,919.51,1434.24,183.60,4.636,0,SACCADE,1.254,1.000,0.682,149.4,lissajous
736371.4766,14.0417,891.39,412.43,857.62,718.92,1119.09,744.73,295.13,879.10,295.68,927.50,187.80,4.742,0,SACCADE,0.829,0.931,0.678,132.8,lissajous
736371.4938,14.0589,905.78,424.64,838.62,711.65,1099.88,759.93,307.76,885.80,736.29,1151.85,186.90,4.720,0,SACCADE,1.047,1.000,0.681,132.9,lissajous
736371.5103,14.0754,919.28,436.21,817.10,701.02,1076.60,777.38,319.04,1056.42,683.02,1257.99,184.02,4.647,0,SACCADE,1.168,0.991,0.686,149.5,lissajous
736371.5274,14.0925,932.87,447.99,794.28,688.27,1051.00,788.71,331.32,662.18,717.40,976.29,185.46,4.683,0,SACCADE,0.929,0.994,0.684,149.5,lissajous
736371.5450,14.1100,946.39,459.82,769.70,673.18,1022.55,809.32,343.65,1173.51,702.08,1367.49,179.67,4.537,0,SACCADE,1.337,0.984,0.698,149.6,lissajous
736371.5606,14.1257,958.07,470.11,744.88,656.68,993.02,825.95,355.91,1060.54,781.93,1317.63,174.64,4.410,0,SACCADE,1.327,0.996,0.705,149.5,lissajous
736371.5773,14.1424,970.04,480.74,720.28,639.32,963.09,837.41,373.87,689.33,1080.26,1281.46,170.33,4.302,0,SACCADE,1.331,0.962,0.705,132.9,lissajous
736371.5941,14.1592,981.73,491.18,693.60,619.41,929.92,851.23,380.80,820.14,411.05,917.38,170.92,4.316,0,SACCADE,0.987,0.965,0.711,166.2,lissajous
736371.6100,14.1750,992.29,500.66,666.97,598.61,896.20,865.24,395.16,885.20,907.30,1267.58,165.14,4.170,0,SACCADE,1.414,0.998,0.718,166.2,lissajous
736371.6257,14.1908,1002.36,509.73,639.38,576.07,860.62,883.85,403.83,1181.27,550.36,1303.19,158.93,4.014,0,SACCADE,1.514,0.956,0.729,166.1,lissajous
736371.6422,14.2073,1012.47,518.87,611.62,552.68,824.34,896.42,417.18,760.81,807.84,1109.70,154.29,3.897,0,SACCADE,1.346,0.997,0.734,166.1,lissajous
736371.6593,14.2244,1022.37,527.83,581.04,526.05,783.79,914.75,432.77,1075.59,915.01,1412.14,143.59,3.627,0,SACCADE,1.802,1.000,0.739,166.1,lissajous
736371.6769,14.2420,1032.04,536.59,549.06,497.40,740.86,930.99,438.88,921.57,346.44,984.54,140.57,3.551,0,SACCADE,1.329,0.930,0.741,166.2,lissajous
736371.6939,14.2590,1040.83,544.55,516.18,467.19,696.21,936.51,451.41,324.05,736.17,804.33,139.85,3.532,0,SACCADE,1.155,0.913,0.739,166.2,lissajous
736371.7102,14.2753,1048.73,551.68,484.07,437.02,652.16,947.80,464.48,692.25,801.36,1058.96,133.38,3.369,0,SACCADE,1.624,0.992,0.741,182.8,lissajous
736371.7273,14.2924,1056.41,558.58,450.66,405.07,605.95,963.43,473.17,916.37,509.83,1048.65,126.26,3.189,0,SACCADE,1.731,0.975,0.746,166.2,lissajous
736371.7443,14.3094,1063.52,564.92,416.96,372.22,558.93,974.59,481.69,655.54,499.78,824.33,121.80,3.077,0,SACCADE,1.475,0.997,0.743,166.1,lissajous
736371.7618,14.3269,1070.18,570.81,381.16,336.92,508.72,981.72,495.22,407.90,773.85,874.77,116.36,2.939,0,SACCADE,1.720,0.935,0.739,166.2,lissajous
736371.7782,14.3433,1075.85,575.76,346.10,301.85,459.24,996.28,505.39,887.59,620.25,1082.83,106.23,2.684,0,SACCADE,2.358,0.994,0.733,182.8,lissajous
736371.7941,14.3592,1080.83,580.03,312.17,267.56,411.14,1006.48,514.35,640.73,562.72,852.75,99.20,2.506,0,SACCADE,2.074,1.000,0.728,166.1,lissajous
736371.8096,14.3746,1085.13,583.63,278.52,233.32,363.33,1016.22,525.54,630.61,724.34,960.39,90.13,2.277,0,SACCADE,2.643,0.988,0.718,149.5,lissajous
736371.8257,14.3908,1089.09,586.84,244.59,198.51,315.01,1028.32,530.84,747.43,327.54,816.05,82.64,2.088,0,SACCADE,2.591,0.964,0.701,132.8,lissajous
736371.8423,14.4073,1092.54,589.51,208.98,161.83,264.31,1040.48,536.40,736.44,336.68,809.75,74.37,1.879,0,SACCADE,3.064,0.974,0.687,149.4,lissajous
736371.8600,14.4251,1095.58,591.70,171.65,123.15,211.25,1040.99,541.65,28.72,296.07,297.46,74.06,1.871,0,SMOOTH_PURSUIT,1.408,0.659,0.672,132.9,lissajous
736371.8767,14.4417,1097.81,593.09,133.69,83.78,157.77,1051.37,554.46,623.16,769.36,990.07,60.40,1.526,0,SACCADE,6.275,0.946,0.655,149.5,lissajous
736371.8936,14.4587,1099.44,593.86,96.53,45.18,106.58,1060.39,563.13,533.40,512.67,739.83,49.69,1.255,0,SACCADE,6.941,0.947,0.639,132.9,lissajous
736371.9097,14.4748,1100.41,593.97,59.83,6.99,60.24,1070.81,567.48,644.16,268.65,697.93,39.72,1.003,1,SACCADE,11.586,0.961,0.619,116.3,lissajous
736371.9260,14.4911,1100.79,593.48,23.62,-30.43,38.53,1074.18,569.91,206.91,149.66,255.36,35.55,0.898,1,DRIFT,6.628,0.034,0.607,99.7,lissajous
736371.9418,14.5068,1100.60,592.42,-11.99,-67.32,68.37,1078.79,576.76,293.02,434.53,524.09,26.85,0.678,1,DRIFT,7.665,-0.914,0.593,83.0,lissajous
736371.9576,14.5226,1099.86,590.78,-47.11,-103.47,113.69,1081.59,580.21,177.28,218.56,281.42,21.10,0.533,1,DRIFT,2.475,-0.968,0.592,132.8,lissajous
736371.9744,14.5395,1098.45,588.41,-83.41,-140.62,163.49,1084.13,582.85,150.57,156.26,217.00,15.36,0.388,1,DRIFT,1.327,-0.973,0.600,116.2,lissajous
736371.9909,14.5560,1096.47,585.47,-120.48,-178.38,215.25,1084.63,584.42,29.83,95.42,99.97,11.89,0.300,1,DRIFT,0.464,-0.958,0.615,99.6,lissajous
736372.0072,14.5723,1093.91,581.97,-156.51,-214.61,265.62,1088.08,584.94,211.74,32.15,214.17,6.54,0.165,1,DRIFT,0.806,-0.704,0.631,83.0,lissajous
736372.0240,14.5891,1090.68,577.76,-192.87,-250.93,316.49,1099.23,591.55,665.39,394.24,773.42,16.22,0.410,1,SACCADE,2.444,-0.928,0.624,83.0,lissajous
736372.0400,14.6051,1087.01,573.17,-228.76,-286.36,366.51,1099.34,596.82,6.90,328.46,328.53,26.67,0.674,1,DRIFT,0.896,-0.794,0.635,83.0,lissajous
736372.0563,14.6214,1082.72,567.96,-263.65,-320.28,414.84,1104.35,592.66,307.88,-254.93,399.72,32.84,0.830,1,DRIFT,0.964,0.003,0.642,82.9,lissajous
736372.0734,14.6385,1077.61,561.90,-299.12,-354.22,463.63,1100.31,589.35,-236.62,-193.99,305.98,35.62,0.900,1,SMOOTH_PURSUIT,0.660,0.983,0.644,83.0,lissajous
736372.0906,14.6557,1071.82,555.20,-335.72,-388.74,513.65,1100.83,592.40,30.08,176.93,179.47,47.17,1.192,0,DRIFT,0.349,-0.856,0.651,99.6,lissajous
736372.1072,14.6722,1065.69,548.24,-370.87,-421.15,561.17,1099.99,588.97,-50.43,-207.21,213.26,53.26,1.346,0,SMOOTH_PURSUIT,0.380,0.885,0.661,116.2,lissajous
736372.1234,14.6885,1059.12,540.91,-404.48,-451.46,606.15,1097.63,589.42,-145.84,27.52,148.41,61.94,1.565,0,SMOOTH_PURSUIT,0.245,0.518,0.677,132.8,lissajous
736372.1399,14.7050,1051.88,532.95,-437.90,-480.94,650.43,1092.60,586.51,-303.81,-175.88,351.04,67.28,1.700,0,SMOOTH_PURSUIT,0.540,0.953,0.691,132.7,lissajous
736372.1559,14.7210,1044.37,524.83,-470.12,-508.51,692.53,1094.57,585.64,123.01,-54.53,134.56,78.85,1.992,0,DRIFT,0.194,-0.323,0.707,132.7,lissajous
736372.1723,14.7374,1036.15,516.07,-501.81,-534.88,733.42,1092.59,581.26,-120.42,-267.50,293.36,86.23,2.178,0,SMOOTH_PURSUIT,0.400,0.946,0.721,149.3,lissajous
736372.1890,14.7541,1027.21,506.68,-533.65,-560.50,773.91,1090.37,579.15,-132.51,-126.07,182.90,96.13,2.428,0,SMOOTH_PURSUIT,0.236,0.999,0.732,149.3,lissajous
736372.2051,14.7702,1018.17,497.32,-563.97,-583.85,811.75,1087.48,574.49,-180.71,-290.60,342.20,103.73,2.620,0,SMOOTH_PURSUIT,0.422,0.978,0.747,165.9,lissajous
736372.2224,14.7875,1007.87,486.81,-594.87,-606.84,849.78,1085.04,569.72,-140.80,-275.68,309.55,113.26,2.861,0,SMOOTH_PURSUIT,0.364,0.954,0.760,165.9,lissajous
736372.2401,14.8052,996.76,475.66,-626.15,-628.86,887.43,1080.78,564.06,-239.73,-318.53,398.66,121.97,3.081,0,SMOOTH_PURSUIT,0.449,0.990,0.769,166.0,lissajous
736372.2563,14.8213,986.19,465.20,-655.02,-647.87,921.29,1072.98,554.38,-483.41,-599.91,770.44,124.45,3.143,0,SACCADE,0.836,0.994,0.770,165.9,lissajous
736372.2733,14.8384,974.58,453.89,-682.65,-664.95,952.98,1066.26,542.01,-395.09,-727.32,827.70,127.17,3.212,0,SACCADE,0.869,0.955,0.772,165.9,lissajous
736372.2906,14.8557,962.28,442.10,-710.77,-681.19,984.49,1058.62,537.23,-441.35,-276.36,520.73,135.39,3.420,0,SMOOTH_PURSUIT,0.529,0.979,0.778,182.6,lissajous
736372.3079,14.8729,949.53,430.08,-737.64,-695.12,1013.56,1049.60,524.21,-522.13,-752.73,916.09,137.39,3.470,0,SACCADE,0.904,0.978,0.778,166.0,lissajous
736372.3246,14.8897,936.75,418.25,-762.98,-706.77,1040.03,1039.25,522.12,-617.72,-124.76,630.19,145.94,3.686,0,SMOOTH_PURSUIT,0.606,0.854,0.781,182.6,lissajous
736372.3408,14.9059,924.00,406.64,-786.47,-716.12,1063.66,1032.20,513.86,-435.01,-510.04,670.35,152.33,3.847,0,SACCADE,0.630,0.992,0.782,166.0,lissajous
736372.3563,14.9214,911.49,395.44,-808.37,-723.56,1084.90,1024.62,501.72,-489.58,-784.41,924.65,155.22,3.920,0,SACCADE,0.852,0.960,0.779,182.5,lissajous
736372.3739,14.9390,896.85,382.58,-830.61,-729.75,1105.64,1012.94,490.47,-663.26,-638.02,920.31,158.48,4.003,0,SACCADE,0.832,0.999,0.775,165.9,lissajous
736372.3901,14.9552,883.09,370.73,-851.08,-733.09,1123.28,999.42,482.68,-835.62,-481.93,964.63,161.45,4.078,0,SACCADE,0.859,0.982,0.773,182.6,lissajous
736372.4060,14.9711,869.26,359.05,-869.92,-734.79,1138.72,989.67,477.46,-613.80,-328.33,696.10,168.88,4.265,0,SACCADE,0.611,0.978,0.769,182.5,lissajous
736372.4220,14.9871,855.04,347.27,-887.58,-734.61,1152.15,980.32,460.89,-583.48,-1033.87,1187.15,169.13,4.271,0,SACCADE,1.030,0.934,0.768,182.5,lissajous
736372.4378,15.0029,840.71,335.67,-904.74,-733.10,1164.47,971.36,450.95,-565.65,-628.10,845.27,174.24,4.400,0,SACCADE,0.726,0.988,0.764,165.9,lissajous
736372.4541,15.0192,825.75,323.81,-919.68,-728.72,1173.39,955.15,436.72,-996.05,-874.65,1325.57,171.74,4.337,0,SACCADE,1.130,0.999,0.759,182.5,lissajous
736372.4700,15.0351,810.88,312.30,-934.54,-723.30,1181.75,944.13,423.93,-692.36,-803.11,1060.35,173.84,4.390,0,SACCADE,0.897,0.980,0.757,165.9,lissajous
736372.4863,15.0514,795.42,300.63,-947.40,-715.36,1187.15,930.61,414.25,-829.10,-593.93,1019.88,176.59,4.459,0,SACCADE,0.859,1.000,0.754,165.8,lissajous
736372.5036,15.0687,778.85,288.45,-960.47,-705.85,1191.95,919.23,401.33,-659.50,-748.52,997.61,180.14,4.549,0,SACCADE,0.837,0.977,0.748,149.3,lissajous
736372.5205,15.0856,762.45,276.74,-971.54,-693.53,1193.68,906.10,386.50,-777.92,-878.42,1173.36,180.78,4.565,0,SACCADE,0.983,0.975,0.748,182.4,lissajous
736372.5379,15.1030,745.35,264.91,-981.85,-679.54,1194.08,892.62,384.22,-773.93,-131.28,784.98,189.53,4.786,0,SACCADE,0.657,0.906,0.744,182.5,lissajous
736372.5544,15.1194,729.04,253.98,-990.47,-663.66,1192.26,878.14,366.66,-879.52,-1066.08,1382.06,186.89,4.719,0,SACCADE,1.159,0.958,0.748,165.8,lissajous
736372.5717,15.1368,711.72,242.77,-997.31,-645.66,1188.07,864.15,353.83,-805.31,-738.42,1092.61,188.61,4.763,0,SACCADE,0.920,0.986,0.745,149.3,lissajous
736372.5879,15.1530,695.46,232.61,-1004.20,-626.95,1183.84,848.26,342.22,-981.19,-717.53,1215.56,188.05,4.748,0,SACCADE,1.027,0.997,0.742,165.8,lissajous
736372.6043,15.1694,678.92,222.67,-1007.96,-606.07,1176.13,833.29,330.23,-913.06,-730.99,1169.63,188.14,4.751,0,SACCADE,0.994,0.991,0.743,165.8,lissajous
736372.6214,15.1865,661.63,212.70,-1012.00,-583.87,1168.35,821.52,321.94,-688.64,-484.84,842.19,193.64,4.890,0,SACCADE,0.721,0.996,0.746,182.4,lissajous
736372.6383,15.2034,644.51,203.26,-1011.74,-558.01,1155.42,804.18,310.51,-1024.78,-675.86,1227.58,192.34,4.857,0,SACCADE,1.062,0.997,0.750,165.9,lissajous
736372.6551,15.2202,627.55,194.34,-1013.29,-532.65,1144.76,780.57,299.70,-1410.18,-645.77,1551.01,185.78,4.691,0,SACCADE,1.355,0.999,0.752,149.3,lissajous
736372.6714,15.2364,611.07,186.11,-1012.24,-505.64,1131.50,767.82,279.77,-783.58,-1223.80,1453.16,182.60,4.611,0,SACCADE,1.284,0.859,0.753,165.9,lissajous
736372.6882,15.2533,594.06,178.07,-1010.12,-477.31,1117.21,751.37,269.40,-976.62,-615.77,1154.53,181.90,4.593,0,SACCADE,1.033,0.993,0.754,149.4,lissajous
736372.7047,15.2698,577.45,170.68,-1007.27,-447.76,1102.31,739.29,259.38,-732.33,-607.45,951.47,184.56,4.660,0,SACCADE,0.863,0.963,0.751,165.9,lissajous
736372.7207,15.2857,561.47,164.03,-1000.56,-416.66,1083.84,720.68,249.32,-1165.39,-630.36,1324.95,180.61,4.561,0,SACCADE,1.222,0.995,0.753,165.9,lissajous
736372.7378,15.3029,544.41,157.43,-995.00,-384.95,1066.87,703.63,236.61,-994.50,-741.03,1240.22,177.82,4.490,0,SACCADE,1.162,0.963,0.767,165.9,lissajous
736372.7537,15.3188,528.69,151.83,-986.84,-351.73,1047.65,686.67,227.47,-1064.17,-573.66,1208.94,175.16,4.423,0,SACCADE,1.154,0.988,0.767,149.2,lissajous
736372.7699,15.3350,512.84,146.66,-978.77,-318.95,1029.43,670.27,218.37,-1013.50,-562.32,1159.05,172.99,4.369,0,SACCADE,1.126,0.982,0.770,165.8,lissajous
736372.7862,15.3513,497.04,142.02,-969.09,-284.83,1010.08,651.87,206.89,-1128.46,-703.72,1329.91,167.87,4.239,0,SACCADE,1.317,0.963,0.775,165.8,lissajous
736372.8033,15.3684,480.73,137.78,-956.84,-248.76,988.65,634.55,201.10,-1016.02,-339.56,1071.26,166.34,4.201,0,SACCADE,1.084,0.998,0.779,182.4,lissajous
736372.8202,15.3853,464.77,134.20,-944.77,-211.78,968.21,616.38,190.44,-1075.35,-631.16,1246.89,161.70,4.084,0,SACCADE,1.288,0.952,0.795,165.8,lissajous
736372.8363,15.4014,449.78,131.38,-930.09,-174.85,946.39,604.66,181.12,-727.32,-578.22,929.15,162.67,4.108,0,SACCADE,0.982,0.884,0.794,165.8,lissajous
736372.8528,15.4179,434.69,129.11,-915.16,-138.09,925.52,588.86,175.79,-957.71,-323.44,1010.85,161.09,4.068,0,SACCADE,1.092,0.985,0.798,165.8,lissajous
736372.8699,15.4350,419.30,127.40,-898.08,-99.75,903.60,569.74,168.02,-1115.70,-453.41,1204.31,155.83,3.936,0,SACCADE,1.333,0.962,0.802,165.8,lissajous
736372.8858,15.4509,405.30,126.41,-881.29,-61.94,883.46,558.61,168.68,-701.38,41.58,702.61,159.02,4.016,0,SACCADE,0.795,0.992,0.799,182.4,lissajous
736372.9019,15.4670,391.42,126.01,-862.76,-25.06,863.12,535.71,153.85,-1422.97,-921.59,1695.33,146.95,3.711,0,SACCADE,1.964,0.855,0.798,165.8,lissajous
736372.9179,15.4830,377.90,126.20,-843.58,12.03,843.67,521.29,151.63,-899.03,-138.07,909.57,145.64,3.678,0,SACCADE,1.078,0.986,0.805,182.4,lissajous
736372.9335,15.4986,365.03,126.96,-823.39,48.55,824.82,501.72,148.00,-1253.08,-232.32,1274.43,138.30,3.493,0,SACCADE,1.545,0.971,0.806,165.7,lissajous
736372.9506,15.5156,351.39,128.43,-802.21,86.13,806.82,490.89,141.05,-636.49,-408.72,756.42,140.08,3.538,0,SACCADE,0.938,0.779,0.804,165.7,lissajous
736372.9675,15.5326,338.22,130.54,-777.33,124.76,787.28,473.17,137.14,-1046.78,-231.14,1071.99,135.10,3.413,0,SACCADE,1.362,0.930,0.805,165.7,lissajous
736372.9837,15.5487,326.04,133.16,-753.49,162.23,770.76,453.77,130.06,-1199.88,-437.52,1277.16,127.76,3.227,0,SACCADE,1.657,0.846,0.804,165.7,lissajous
736373.0003,15.5654,313.91,136.47,-729.31,199.11,756.00,441.11,131.59,-761.06,92.03,766.61,127.29,3.215,0,SACCADE,1.014,0.989,0.804,182.2,lissajous
736373.0178,15.5829,301.59,140.63,-701.98,236.72,740.82,427.94,129.51,-750.16,-118.91,759.53,126.84,3.204,0,SACCADE,1.025,0.886,0.804,182.2,lissajous
736373.0353,15.6003,289.85,145.41,-673.85,274.79,727.72,410.32,129.77,-1011.97,15.15,1012.08,121.48,3.068,0,SACCADE,1.391,0.932,0.803,182.3,lissajous
736373.0523,15.6174,278.85,150.73,-643.66,310.88,714.80,397.42,126.33,-754.67,-201.40,781.08,121.05,3.058,0,SACCADE,1.093,0.758,0.804,182.3,lissajous
736373.0685,15.6335,268.93,156.30,-616.12,345.96,706.61,387.16,124.01,-636.66,-143.99,652.74,122.57,3.096,0,SACCADE,0.924,0.742,0.802,165.7,lissajous
736373.0859,15.6510,258.72,162.92,-584.18,378.61,696.14,375.04,128.96,-693.66,283.71,749.44,121.18,3.061,0,SACCADE,1.077,0.983,0.801,182.3,lissajous
736373.1028,15.6678,249.41,169.86,-553.45,412.51,690.27,358.28,129.07,-996.09,6.56,996.11,116.26,2.937,0,SACCADE,1.443,0.806,0.801,165.7,lissajous
736373.1205,15.6856,240.17,177.75,-520.77,444.91,684.94,342.71,131.84,-877.93,155.77,891.64,112.35,2.838,0,SACCADE,1.302,0.862,0.803,182.3,lissajous
736373.1370,15.7020,232.14,185.58,-487.45,475.42,680.90,327.16,133.98,-944.07,129.87,952.97,108.13,2.731,0,SACCADE,1.400,0.804,0.805,182.3,lissajous
736373.1530,15.7181,224.83,193.66,-455.99,504.00,679.66,321.87,134.76,-329.90,48.81,333.49,113.51,2.867,0,SMOOTH_PURSUIT,0.491,0.772,0.801,182.3,lissajous
736373.1689,15.7340,218.08,202.11,-423.70,530.06,678.59,302.04,139.65,-1244.13,307.10,1281.47,104.64,2.643,0,SACCADE,1.888,0.793,0.800,182.3,lissajous
736373.1859,15.7510,211.45,211.54,-389.72,555.17,678.30,296.58,141.33,-321.31,98.36,336.03,110.35,2.787,0,SMOOTH_PURSUIT,0.495,0.789,0.799,165.7,lissajous
736373.2016,15.7667,205.87,220.64,-356.20,579.62,680.32,283.53,144.03,-831.82,172.63,849.55,109.08,2.756,0,SACCADE,1.249,0.686,0.799,165.7,lissajous
736373.2186,15.7837,200.40,230.87,-321.75,601.85,682.46,275.05,151.66,-498.67,448.59,670.75,108.84,2.750,0,SACCADE,0.983,0.940,0.801,182.2,lissajous
736373.2355,15.8006,195.56,241.43,-285.94,624.03,686.42,269.68,157.88,-317.06,367.48,485.35,111.69,2.821,0,SMOOTH_PURSUIT,0.707,0.960,0.802,182.2,lissajous
736373.2517,15.8168,191.52,251.80,-250.05,642.53,689.47,257.01,163.39,-784.99,341.66,856.11,110.02,2.779,0,SACCADE,1.242,0.704,0.807,165.6,lissajous
736373.2680,15.8330,188.02,262.55,-215.05,660.23,694.37,248.61,173.43,-516.01,616.09,803.64,107.77,2.722,0,SACCADE,1.157,0.928,0.808,165.7,lissajous
736373.2842,15.8493,185.10,273.55,-179.46,675.86,699.28,236.85,183.79,-722.23,636.46,962.65,103.62,2.618,0,SACCADE,1.377,0.832,0.811,165.7,lissajous
736373.3019,15.8670,182.58,285.77,-142.10,690.36,704.83,232.78,185.47,-230.03,94.85,248.82,112.16,2.833,0,SMOOTH_PURSUIT,0.353,0.560,0.810,165.7,lissajous
736373.3184,15.8835,180.86,297.37,-104.24,702.58,710.27,224.07,198.82,-527.81,808.92,965.88,107.60,2.718,0,SACCADE,1.360,0.909,0.808,165.7,lissajous
736373.3346,15.8997,179.76,308.90,-68.05,713.32,716.55,218.45,208.14,-347.49,576.84,673.42,107.93,2.726,0,SACCADE,0.940,0.902,0.809,165.7,lissajous
736373.3519,15.9169,179.23,321.34,-30.83,721.38,722.04,210.54,216.50,-458.79,484.22,667.05,109.42,2.764,0,SACCADE,0.924,0.755,0.811,182.3,lissajous
736373.3677,15.9328,179.33,332.89,6.06,727.67,727.70,202.15,225.08,-528.51,540.55,755.98,110.20,2.784,0,SACCADE,1.039,0.709,0.812,165.6,lissajous
736373.3844,15.9495,180.03,345.09,42.30,732.13,733.36,197.92,234.14,-254.18,543.76,600.24,112.38,2.839,0,SMOOTH_PURSUIT,0.818,0.880,0.814,182.2,lissajous
736373.4015,15.9666,181.40,357.65,79.85,734.57,738.90,195.62,246.52,-134.20,724.07,736.40,112.04,2.830,0,SACCADE,0.997,0.958,0.815,165.7,lissajous
736373.4182,15.9833,183.35,369.91,117.33,735.04,744.35,193.28,260.37,-140.05,829.96,841.70,110.00,2.779,0,SACCADE,1.131,0.948,0.815,182.2,lissajous
736373.4347,15.9998,185.90,382.05,154.02,733.33,749.33,191.71,266.64,-94.93,378.59,390.31,115.57,2.919,0,SMOOTH_PURSUIT,0.521,0.899,0.817,165.7,lissajous
736373.4514,16.0164,189.07,394.18,190.33,729.33,753.76,187.27,278.35,-267.53,704.98,754.03,115.84,2.926,0,SACCADE,1.000,0.815,0.816,165.6,lissajous
736373.4682,16.0332,192.88,406.34,226.86,724.07,758.78,184.56,290.96,-161.29,750.55,767.68,115.68,2.922,0,SACCADE,1.012,0.870,0.817,165.6,lissajous
736373.4840,16.0491,197.05,417.74,262.64,717.77,764.31,178.85,305.08,-358.98,888.72,958.48,114.12,2.883,0,SACCADE,1.254,0.742,0.815,165.6,lissajous
736373.5005,16.0656,201.93,429.37,296.41,706.31,765.99,180.12,321.61,77.22,1003.79,1006.76,109.95,2.777,0,SACCADE,1.314,0.949,0.815,182.2,lissajous
736373.5175,16.0825,207.56,441.17,332.24,695.97,771.21,182.55,326.75,143.09,303.61,335.64,117.12,2.958,0,SMOOTH_PURSUIT,0.435,1.000,0.813,165.7,lissajous
736373.5340,16.0991,213.63,452.45,367.24,682.57,775.09,182.89,338.01,20.71,681.67,681.98,118.49,2.993,0,SACCADE,0.880,0.895,0.814,182.3,lissajous
736373.5505,16.1155,220.24,463.45,401.43,667.81,779.17,180.80,351.88,-126.71,841.94,851.42,118.33,2.989,0,SACCADE,1.093,0.771,0.813,165.7,lissajous
736373.5675,16.1326,227.67,474.54,435.31,650.42,782.65,181.77,362.56,56.45,626.20,628.74,121.02,3.057,0,SMOOTH_PURSUIT,0.803,0.878,0.810,165.7,lissajous
736373.5840,16.1490,235.38,484.94,468.76,631.53,786.49,182.25,374.59,29.29,730.53,731.12,122.47,3.094,0,SACCADE,0.930,0.826,0.814,165.7,lissajous
736373.6003,16.1654,243.58,494.94,500.82,611.22,790.19,185.71,390.80,211.51,990.60,1012.93,119.14,3.009,0,SACCADE,1.282,0.889,0.812,165.7,lissajous
736373.6168,16.1819,252.36,504.66,531.98,588.98,793.66,186.31,405.14,36.15,868.83,869.58,119.44,3.017,0,SACCADE,1.096,0.769,0.811,182.2,lissajous
736373.6339,16.1989,261.96,514.29,563.76,565.44,798.47,192.40,408.70,358.01,209.28,414.69,126.44,3.194,0,SMOOTH_PURSUIT,0.519,0.967,0.814,182.3,lissajous
736373.6505,16.2155,271.83,523.25,594.68,540.01,803.28,194.76,426.32,142.02,1061.89,1071.35,123.83,3.128,0,SACCADE,1.334,0.764,0.812,165.7,lissajous
736373.6669,16.2320,282.10,531.70,623.71,513.02,807.59,201.21,437.76,391.28,694.51,797.15,123.97,3.131,0,SACCADE,0.987,0.933,0.809,182.2,lissajous
736373.6826,16.2476,292.29,539.30,651.88,486.14,813.19,207.04,444.71,373.16,444.49,580.36,127.34,3.216,0,SMOOTH_PURSUIT,0.714,0.973,0.809,165.6,lissajous
736373.6999,16.2650,304.10,547.24,679.43,456.77,818.69,212.76,456.07,329.29,653.43,731.71,129.05,3.260,0,SACCADE,0.894,0.872,0.812,182.3,lissajous
736373.7164,16.2815,315.72,554.23,706.82,425.51,825.02,220.40,466.28,464.91,621.19,775.90,129.69,3.276,0,SACCADE,0.940,0.926,0.811,165.7,lissajous
736373.7327,16.2977,327.65,560.65,732.53,394.19,831.86,230.33,481.40,609.43,928.54,1110.67,125.50,3.170,0,SACCADE,1.335,0.879,0.809,165.7,lissajous
736373.7497,16.3148,340.58,566.81,757.84,361.22,839.52,242.39,488.63,706.97,423.72,824.22,125.51,3.170,0,SACCADE,0.982,0.995,0.809,165.7,lissajous
736373.7665,16.3316,353.69,572.29,782.50,326.76,847.99,254.72,495.72,735.30,422.77,848.17,125.14,3.161,0,SACCADE,1.000,0.992,0.809,182.4,lissajous
736373.7827,16.3478,366.72,577.02,804.82,292.06,856.17,257.09,508.44,146.77,785.98,799.56,129.31,3.266,0,SACCADE,0.934,0.508,0.810,182.4,lissajous
736373.7994,16.3645,380.56,581.32,826.74,256.88,865.73,267.96,516.27,649.45,467.73,800.35,130.04,3.285,0,SACCADE,0.924,0.948,0.811,165.8,lissajous
736373.8168,16.3819,395.34,585.14,848.22,219.59,876.19,273.02,523.24,290.25,399.90,494.14,137.10,3.463,0,SMOOTH_PURSUIT,0.564,0.771,0.812,182.5,lissajous
736373.8329,16.3980,409.29,588.08,868.19,182.41,887.15,288.25,530.82,947.89,472.02,1058.91,133.90,3.382,0,SACCADE,1.194,0.968,0.810,165.9,lissajous
736373.8490,16.4141,423.54,590.43,885.85,146.18,897.83,299.50,542.54,699.58,728.49,1010.01,132.96,3.358,0,SACCADE,1.125,0.801,0.813,182.5,lissajous
736373.8655,16.4306,438.45,592.23,902.64,109.10,909.21,309.34,547.06,595.72,273.93,655.68,136.78,3.455,0,SACCADE,0.721,0.952,0.813,182.5,lissajous
736373.8817,16.4468,453.37,593.39,919.36,71.66,922.15,324.60,556.27,939.66,567.20,1097.58,134.02,3.385,0,SACCADE,1.190,0.894,0.815,182.4,lissajous
736373.8983,16.4634,468.83,593.95,933.42,33.85,934.03,334.80,561.69,615.85,327.09,697.32,137.87,3.482,0,SACCADE,0.747,0.900,0.815,182.4,lissajous
736373.9144,16.4794,484.04,593.89,947.31,-3.78,947.32,347.30,570.27,778.60,534.31,944.30,138.77,3.505,0,SACCADE,0.997,0.822,0.815,182.3,lissajous
736373.9310,16.4961,500.06,593.20,960.01,-41.58,960.91,365.85,573.59,1112.48,199.01,1130.15,135.63,3.426,0,SACCADE,1.176,0.976,0.816,182.4,lissajous
736373.9466,16.5117,515.14,591.98,970.10,-78.61,973.28,375.84,575.21,642.25,104.24,650.65,140.31,3.544,0,SACCADE,0.669,0.971,0.815,182.3,lissajous
736373.9631,16.5282,531.30,590.08,980.32,-115.31,987.08,389.83,582.45,848.88,439.30,955.81,141.67,3.578,0,SACCADE,0.968,0.828,0.814,182.3,lissajous
736373.9793,16.5444,547.36,587.60,988.61,-152.42,1000.29,403.29,583.23,828.62,47.92,830.01,144.13,3.640,0,SACCADE,0.830,0.978,0.814,182.3,lissajous
736373.9964,16.5615,564.37,584.36,996.30,-189.85,1014.23,413.09,586.51,574.12,192.44,605.51,151.29,3.821,0,SMOOTH_PURSUIT,0.597,0.872,0.819,165.7,lissajous
736374.0129,16.5780,580.96,580.60,1002.44,-227.07,1027.84,430.72,595.05,1065.09,516.09,1183.54,150.93,3.812,0,SACCADE,1.151,0.781,0.817,182.3,lissajous
736374.0297,16.5947,597.79,576.20,1007.20,-263.28,1041.04,444.97,591.70,852.57,-200.62,875.85,153.60,3.879,0,SACCADE,0.841,1.000,0.820,165.7,lissajous
736374.0472,16.6123,615.52,570.94,1010.59,-299.79,1054.11,458.78,590.28,786.83,-80.85,790.98,157.93,3.989,0,SACCADE,0.750,0.983,0.823,182.4,lissajous
736374.0639,16.6290,632.43,565.34,1012.72,-335.46,1066.83,476.55,593.81,1064.84,211.04,1085.55,158.45,4.002,0,SACCADE,1.018,0.870,0.821,165.9,lissajous
736374.0805,16.6456,649.27,559.20,1015.12,-369.86,1080.40,490.85,593.99,862.12,10.85,862.19,162.19,4.096,0,SACCADE,0.798,0.935,0.819,165.9,lissajous
736374.0980,16.6631,666.97,552.16,1011.11,-402.14,1088.14,508.56,590.71,1010.96,-187.29,1028.16,163.04,4.118,0,SACCADE,0.945,0.981,0.817,165.9,lissajous
736374.1141,16.6792,683.26,545.16,1009.94,-434.41,1099.40,519.52,592.77,679.75,127.71,691.65,170.52,4.306,0,SACCADE,0.629,0.830,0.807,182.6,lissajous
736374.1301,16.6952,699.39,537.73,1007.07,-463.98,1108.81,537.33,588.31,1111.87,-278.21,1146.15,169.77,4.287,0,SACCADE,1.034,0.983,0.806,165.9,lissajous
736374.1455,16.7106,714.80,530.17,1002.32,-491.40,1116.30,559.33,586.94,1431.26,-89.01,1434.02,165.51,4.180,0,SACCADE,1.285,0.923,0.803,149.3,lissajous
736374.1621,16.7271,731.30,521.59,997.16,-518.51,1123.91,572.75,583.74,810.72,-193.19,833.42,170.30,4.301,0,SACCADE,0.742,0.970,0.795,149.2,lissajous
736374.1788,16.7439,747.88,512.46,989.66,-544.99,1129.80,589.91,582.59,1024.50,-69.05,1026.83,172.83,4.365,0,SACCADE,0.909,0.906,0.794,182.4,lissajous
736374.1953,16.7604,764.07,503.05,980.35,-569.67,1133.85,608.01,580.39,1096.07,-133.15,1104.13,174.17,4.398,0,SACCADE,0.974,0.919,0.795,165.7,lissajous
736374.2120,16.7770,780.23,493.18,970.83,-593.31,1137.77,620.49,573.43,749.70,-417.94,858.33,178.76,4.514,0,SACCADE,0.754,0.999,0.787,165.8,lissajous
736374.2285,16.7936,796.12,482.99,959.32,-614.97,1139.51,643.89,566.88,1412.37,-395.64,1466.74,173.82,4.389,0,SACCADE,1.287,0.956,0.785,165.8,lissajous
736374.2450,16.8101,811.73,472.52,947.00,-635.13,1140.26,657.60,559.96,832.13,-419.98,932.11,177.20,4.475,0,SACCADE,0.817,0.992,0.778,149.2,lissajous
736374.2606,16.8257,826.27,462.35,933.56,-652.85,1139.19,679.50,553.64,1406.08,-405.85,1463.48,172.84,4.365,0,SACCADE,1.285,0.946,0.774,165.8,lissajous
736374.2770,16.8421,841.36,451.37,919.32,-669.11,1137.04,693.81,545.86,871.68,-473.24,991.86,175.22,4.425,0,SACCADE,0.872,0.991,0.779,149.2,lissajous
736374.2940,16.8590,856.67,439.77,903.16,-684.21,1133.07,711.07,534.02,1018.29,-698.52,1234.85,173.45,4.380,0,SACCADE,1.090,0.999,0.780,165.7,lissajous
736374.3111,16.8761,871.81,427.85,885.19,-697.51,1126.98,726.76,529.09,917.66,-288.63,961.98,176.89,4.467,0,SACCADE,0.854,0.935,0.779,165.7,lissajous
736374.3269,16.8920,885.52,416.63,866.35,-708.24,1119.00,741.15,517.25,909.04,-747.91,1177.16,175.97,4.444,0,SACCADE,1.052,1.000,0.783,165.7,lissajous
736374.3434,16.9085,899.52,404.78,847.49,-717.53,1110.44,756.25,510.30,914.15,-421.02,1006.44,177.93,4.493,0,SACCADE,0.906,0.964,0.786,165.8,lissajous
736374.3604,16.9255,913.57,392.46,826.57,-725.02,1099.49,773.25,497.05,1000.13,-779.05,1267.75,175.01,4.420,0,SACCADE,1.153,0.998,0.784,149.2,lissajous
736374.3769,16.9420,926.82,380.43,804.31,-730.29,1086.39,787.98,492.99,894.16,-246.42,927.49,178.74,4.514,0,SACCADE,0.854,0.892,0.778,149.1,lissajous
736374.3931,16.9582,939.51,368.51,781.74,-733.69,1072.10,802.65,482.55,903.26,-642.93,1108.71,178.15,4.499,0,SACCADE,1.034,0.991,0.780,149.1,lissajous
736374.4102,16.9753,952.44,355.97,757.84,-735.29,1055.92,816.11,469.34,789.31,-774.23,1105.64,177.31,4.478,0,SACCADE,1.047,1.000,0.777,149.2,lissajous
736374.4265,16.9916,964.38,344.00,732.48,-734.50,1037.31,837.50,459.35,1312.48,-613.26,1448.69,171.47,4.330,0,SACCADE,1.397,0.939,0.787,165.7,lissajous
736374.4430,17.0081,976.08,331.88,706.41,-731.59,1016.98,851.92,448.97,870.36,-626.78,1072.56,170.66,4.310,0,SACCADE,1.055,0.984,0.787,149.2,lissajous
736374.4600,17.0251,987.59,319.56,679.41,-727.17,995.17,861.88,435.53,587.71,-792.88,986.95,171.04,4.319,0,SACCADE,0.992,0.994,0.785,165.7,lissajous
736374.4754,17.0404,997.63,308.47,652.20,-720.71,972.00,880.92,421.25,1237.74,-927.96,1546.97,162.30,4.099,0,SACCADE,1.592,0.982,0.788,165.7,lissajous
736374.4924,17.0575,1008.25,296.35,624.21,-712.47,947.23,891.63,412.62,629.61,-507.71,808.81,164.67,4.159,0,SACCADE,0.854,0.985,0.783,149.1,lissajous
736374.5094,17.0745,1018.34,284.42,593.91,-701.76,919.35,906.90,399.33,898.23,-781.50,1190.62,160.07,4.043,0,SACCADE,1.295,0.988,0.787,182.3,lissajous
736374.5262,17.0913,1027.80,272.84,562.92,-689.09,889.79,914.87,385.57,473.77,-818.85,946.03,159.57,4.030,0,SACCADE,1.063,0.987,0.790,165.7,lissajous
736374.5420,17.1071,1036.24,262.15,532.37,-675.14,859.79,931.97,374.62,1080.07,-691.37,1282.40,153.37,3.873,0,SACCADE,1.492,0.945,0.796,165.6,lissajous
736374.5584,17.1235,1044.45,251.34,501.51,-659.59,828.60,945.14,362.77,803.87,-723.05,1081.21,149.26,3.770,0,SACCADE,1.305,0.982,0.802,182.2,lissajous
736374.5751,17.1402,1052.29,240.61,469.10,-641.78,794.95,956.32,346.94,668.58,-947.00,1159.23,143.24,3.618,0,SACCADE,1.458,1.000,0.809,182.2,lissajous
736374.5917,17.1568,1059.51,230.31,435.98,-622.24,759.78,967.59,333.60,680.92,-805.65,1054.86,138.27,3.492,0,SACCADE,1.388,0.996,0.810,165.6,lissajous
736374.6084,17.1734,1066.22,220.29,402.15,-600.79,722.96,984.27,324.85,999.59,-524.48,1128.83,132.86,3.356,0,SACCADE,1.561,0.879,0.814,182.2,lissajous
736374.6253,17.1904,1072.46,210.48,368.11,-578.61,685.78,990.15,310.94,346.74,-820.90,891.13,129.88,3.281,0,SACCADE,1.299,0.986,0.817,182.3,lissajous
736374.6420,17.2071,1078.01,201.25,331.78,-551.95,643.99,1006.79,300.25,995.74,-639.47,1183.40,121.95,3.081,0,SACCADE,1.838,0.897,0.819,182.3,lissajous
736374.6581,17.2232,1082.78,192.79,297.75,-527.37,605.61,1014.42,288.89,476.01,-707.85,853.02,117.93,2.979,0,SACCADE,1.409,0.997,0.823,182.2,lissajous
736374.6743,17.2394,1087.05,184.67,263.25,-500.84,565.81,1017.36,280.68,181.32,-506.49,537.97,118.63,2.997,0,SMOOTH_PURSUIT,0.951,0.990,0.816,165.6,lissajous
736374.6906,17.2557,1090.78,176.95,227.97,-472.53,524.64,1032.35,270.85,917.25,-601.37,1096.81,110.60,2.794,0,SACCADE,2.091,0.857,0.812,182.1,lissajous
736374.7072,17.2722,1093.96,169.62,192.14,-442.84,482.73,1040.05,251.03,465.37,-1198.75,1285.91,97.63,2.466,0,SACCADE,2.664,0.999,0.806,182.1,lissajous
736374.7240,17.2891,1096.57,162.71,155.50,-411.40,439.81,1048.63,243.56,510.87,-444.10,676.91,93.99,2.375,0,BLINK,1.539,0.881,0.800,182.1,lissajous
736374.7404,17.3055,1098.52,156.48,118.86,-379.17,397.36,1053.27,237.52,282.46,-367.91,463.83,92.82,2.345,0,BLINK,1.167,0.939,0.791,165.5,lissajous
736374.7576,17.3226,1099.92,150.55,81.63,-345.48,354.99,1067.28,227.13,815.98,-605.02,1015.81,83.25,2.103,0,BLINK,2.861,0.764,0.777,149.0,lissajous
736374.7751,17.3402,1100.68,145.12,42.98,-309.38,312.35,1070.06,212.29,158.69,-845.44,860.20,73.82,1.865,0,BLINK,2.754,0.999,0.763,165.6,lissajous
736374.7916,17.3567,1100.76,140.61,5.09,-273.49,273.54,1074.64,207.70,277.70,-278.52,393.31,71.99,1.819,0,BLINK,1.438,0.721,0.749,149.0,lissajous
736374.8081,17.3732,1100.24,136.69,-31.69,-237.71,239.81,1076.25,200.13,97.43,-458.59,468.82,67.82,1.713,0,BLINK,1.955,0.942,0.735,132.5,lissajous
736374.8241,17.3892,1099.15,133.46,-67.89,-201.98,213.09,1085.04,189.13,549.95,-687.95,880.76,57.43,1.451,0,BLINK,4.133,0.541,0.713,132.5,lissajous
736374.8400,17.4051,1097.51,130.81,-103.29,-166.21,195.69,1091.17,181.33,384.41,-489.24,622.20,50.92,1.287,0,BLINK,3.179,0.342,0.696,115.9,lissajous
736374.8559,17.4210,1095.32,128.75,-138.39,-130.29,190.07,1092.82,174.52,104.63,-430.54,443.07,45.84,1.158,0,BLINK,2.331,0.494,0.686,99.3,lissajous
736374.8720,17.4371,1092.52,127.23,-173.58,-93.88,197.35,1092.07,161.82,-47.03,-788.29,789.69,34.59,0.874,1,SACCADE,4.002,0.527,0.668,148.9,lissajous
736374.8884,17.4535,1089.09,126.31,-209.18,-56.54,216.69,1100.18,161.93,494.06,6.52,494.10,37.31,0.943,1,DRIFT,2.280,-0.969,0.660,132.4,lissajous
736374.9057,17.4708,1084.84,126.00,-245.76,-17.66,246.39,1101.75,154.25,91.08,-443.79,453.04,32.93,0.832,1,DRIFT,1.839,-0.130,0.654,115.9,lissajous
736374.9216,17.4866,1080.37,126.33,-281.22,20.59,281.97,1099.62,152.97,-134.23,-80.95,156.75,32.87,0.830,1,SMOOTH_PURSUIT,0.556,0.816,0.659,99.3,lissajous
736374.9377,17.5028,1075.28,127.26,-315.51,57.51,320.71,1101.52,145.72,117.63,-448.86,464.02,32.09,0.811,1,DRIFT,1.447,-0.423,0.659,115.9,lissajous
736374.9540,17.5191,1069.57,128.80,-349.92,94.86,362.55,1098.35,142.34,-194.24,-207.18,284.00,31.81,0.804,1,SMOOTH_PURSUIT,0.783,0.469,0.666,99.3,lissajous
736374.9700,17.5351,1063.44,130.91,-382.97,131.56,404.94,1097.64,141.66,-44.74,-42.53,61.72,35.84,0.906,1,SMOOTH_PURSUIT,0.152,0.462,0.679,99.3,lissajous
736374.9872,17.5523,1056.26,133.82,-417.47,169.28,450.49,1099.16,134.48,88.34,-417.57,426.81,42.90,1.084,0,DRIFT,0.947,-0.559,0.682,82.8,lissajous
736375.0045,17.5696,1048.44,137.41,-451.69,207.56,497.09,1099.22,133.24,3.62,-71.60,71.69,50.95,1.287,0,DRIFT,0.144,-0.463,0.690,99.4,lissajous
736375.0205,17.5856,1040.70,141.31,-484.79,244.22,542.83,1094.03,128.76,-324.87,-280.70,429.34,54.79,1.384,0,SMOOTH_PURSUIT,0.791,0.382,0.685,115.9,lissajous
736375.0367,17.6017,1032.36,145.82,-516.23,279.06,586.83,1091.16,128.57,-177.33,-11.71,177.72,61.29,1.548,0,SMOOTH_PURSUIT,0.303,0.846,0.692,99.3,lissajous
736375.0537,17.6188,1023.01,151.19,-547.44,314.00,631.10,1088.94,127.12,-130.02,-84.54,155.09,70.19,1.773,0,SMOOTH_PURSUIT,0.246,0.456,0.696,115.9,lissajous
736375.0706,17.6357,1013.23,157.08,-578.94,349.02,676.00,1086.40,129.50,-150.68,140.75,206.19,78.19,1.975,0,SMOOTH_PURSUIT,0.305,0.978,0.701,115.9,lissajous
736375.0876,17.6527,1002.88,163.58,-609.30,382.80,719.57,1083.59,127.76,-165.19,-102.40,194.36,88.30,2.231,0,SMOOTH_PURSUIT,0.270,0.439,0.713,132.5,lissajous
736375.1046,17.6696,992.03,170.64,-640.58,416.67,764.17,1078.82,122.14,-281.80,-331.51,435.10,99.42,2.512,0,DRIFT,0.569,0.127,0.726,149.0,lissajous
736375.1211,17.6861,981.03,178.00,-666.33,446.12,801.88,1072.73,124.81,-368.76,161.55,402.60,106.01,2.678,0,SMOOTH_PURSUIT,0.502,0.984,0.745,149.1,lissajous
736375.1373,17.7023,969.77,185.73,-694.84,476.53,842.55,1064.42,129.86,-513.09,311.46,600.23,109.90,2.776,0,SMOOTH_PURSUIT,0.712,0.998,0.754,165.6,lissajous
736375.1537,17.7188,957.93,194.01,-720.90,504.61,879.96,1055.50,133.26,-542.93,207.41,581.20,114.93,2.903,0,SMOOTH_PURSUIT,0.660,0.970,0.769,149.1,lissajous
736375.1714,17.7365,944.69,203.46,-746.64,532.20,916.90,1045.20,137.70,-580.47,250.32,632.14,120.11,3.034,0,SMOOTH_PURSUIT,0.689,0.978,0.777,165.7,lissajous
736375.1878,17.7529,932.04,212.61,-772.06,558.77,953.05,1036.64,139.61,-522.41,116.24,535.19,127.56,3.222,0,SMOOTH_PURSUIT,0.562,0.918,0.791,165.7,lissajous
736375.2048,17.7699,918.52,222.52,-796.07,583.36,986.94,1029.78,142.68,-404.37,180.99,443.02,136.94,3.459,0,SMOOTH_PURSUIT,0.449,0.978,0.801,165.7,lissajous
736375.2206,17.7856,905.62,232.07,-817.79,605.35,1017.46,1021.06,147.72,-552.48,319.34,638.13,142.97,3.611,0,SMOOTH_PURSUIT,0.627,0.994,0.809,165.6,lissajous
736375.2371,17.8022,891.73,242.43,-838.49,625.70,1046.22,1013.08,154.37,-481.65,401.67,627.16,149.94,3.787,0,SMOOTH_PURSUIT,0.599,0.999,0.814,165.6,lissajous
736375.2539,17.8190,877.29,253.28,-858.91,645.13,1074.20,999.37,162.66,-815.64,492.79,952.95,152.04,3.840,0,SACCADE,0.887,0.995,0.810,165.6,lissajous
736375.2697,17.8348,863.42,263.74,-877.40,662.16,1099.22,989.40,175.89,-630.59,836.91,1047.88,153.59,3.879,0,SACCADE,0.953,0.961,0.807,165.6,lissajous
736375.2867,17.8518,848.22,275.25,-895.27,677.83,1122.93,978.98,186.14,-614.26,603.83,861.35,158.23,3.996,0,SACCADE,0.767,0.992,0.803,165.5,lissajous
736375.3042,17.8693,832.28,287.34,-912.86,692.41,1145.75,960.33,192.98,-1067.38,392.09,1137.12,159.06,4.017,0,SACCADE,0.992,0.956,0.797,165.5,lissajous
736375.3205,17.8855,817.19,298.79,-927.85,704.00,1164.69,951.15,199.43,-564.64,396.54,689.97,166.78,4.212,0,SACCADE,0.592,0.999,0.793,165.5,lissajous
736375.3373,17.9024,801.32,310.82,-942.37,714.24,1182.46,938.21,205.98,-768.29,388.77,861.05,172.43,4.354,0,SACCADE,0.728,0.984,0.790,165.6,lissajous
736375.3551,17.9202,784.25,323.72,-956.01,722.72,1198.45,924.96,217.33,-741.96,635.88,977.17,176.41,4.455,0,SACCADE,0.815,0.998,0.786,182.3,lissajous
736375.3711,17.9362,768.78,335.37,-967.92,728.90,1211.68,911.10,227.97,-867.65,665.36,1093.40,178.30,4.502,0,SACCADE,0.902,1.000,0.785,165.6,lissajous
736375.3868,17.9518,753.50,346.82,-977.94,732.88,1222.08,897.49,235.37,-871.01,473.53,991.40,182.08,4.598,0,SACCADE,0.811,0.989,0.778,149.0,lissajous
736375.4033,17.9684,737.16,358.99,-986.38,734.65,1229.90,882.80,248.32,-886.74,782.07,1182.34,182.92,4.619,0,SACCADE,0.961,0.997,0.771,165.6,lissajous
736375.4196,17.9847,721.00,370.94,-993.88,734.67,1235.93,870.41,258.87,-762.07,648.41,1000.59,186.77,4.716,0,SACCADE,0.810,0.998,0.767,149.1,lissajous
736375.4366,18.0017,703.97,383.42,-1001.27,733.50,1241.19,857.31,268.45,-769.98,563.36,954.06,191.65,4.839,0,SACCADE,0.769,1.000,0.760,182.2,lissajous
736375.4531,18.0182,687.35,395.47,-1005.20,728.72,1241.55,840.61,279.02,-1010.06,639.00,1195.22,192.48,4.860,0,SACCADE,0.963,0.998,0.766,165.7,lissajous
736375.4688,18.0339,671.55,406.79,-1009.88,723.83,1242.49,823.31,290.80,-1105.71,752.98,1337.75,191.01,4.823,0,SACCADE,1.077,1.000,0.766,149.1,lissajous
736375.4858,18.0509,654.28,419.01,-1011.90,715.90,1239.54,804.94,304.86,-1076.78,824.59,1356.25,189.01,4.773,0,SACCADE,1.094,0.999,0.764,149.1,lissajous
736375.5024,18.0675,637.52,430.69,-1013.15,706.19,1234.98,792.13,315.73,-773.79,656.45,1014.73,192.67,4.865,0,SACCADE,0.822,0.996,0.756,132.5,lissajous
736375.5191,18.0841,620.62,442.28,-1013.12,694.72,1228.43,779.08,325.01,-782.27,556.28,959.89,197.14,4.978,0,SACCADE,0.781,1.000,0.744,116.0,lissajous
736375.5353,18.1004,604.16,453.36,-1011.64,681.40,1219.72,759.81,337.59,-1184.51,773.31,1414.59,193.99,4.898,0,SACCADE,1.160,1.000,0.744,165.6,lissajous
736375.5525,18.1176,586.84,464.80,-1008.50,665.81,1208.46,741.33,355.19,-1076.25,1024.81,1486.12,189.43,4.783,0,SACCADE,1.230,0.984,0.753,149.1,lissajous
736375.5685,18.1336,570.78,475.17,-1004.20,648.66,1195.48,729.15,366.02,-761.55,677.44,1019.26,192.34,4.857,0,SACCADE,0.853,0.988,0.748,132.5,lissajous
736375.5860,18.1510,553.34,486.17,-998.82,629.76,1180.78,709.46,381.02,-1127.41,858.66,1417.16,188.24,4.753,0,SACCADE,1.200,0.996,0.750,149.1,lissajous
736375.6021,18.1672,537.32,496.01,-991.45,608.66,1163.38,700.35,389.65,-563.76,534.59,776.93,194.66,4.915,0,SACCADE,0.668,0.978,0.741,149.1,lissajous
736375.6185,18.1836,521.20,505.63,-983.18,586.70,1144.93,678.09,400.04,-1357.61,633.26,1498.04,189.12,4.775,0,SACCADE,1.308,0.995,0.745,149.0,lissajous
736375.6349,18.2000,505.25,514.85,-974.64,563.68,1125.91,666.13,413.00,-731.24,792.25,1078.14,190.41,4.808,0,SACCADE,0.958,0.955,0.744,132.4,lissajous
736375.6510,18.2161,489.68,523.55,-963.02,538.25,1103.23,644.34,426.23,-1347.43,818.27,1576.43,182.73,4.614,0,SACCADE,1.429,0.999,0.757,149.0,lissajous
736375.6672,18.2322,474.33,531.81,-952.40,512.81,1081.68,629.09,437.72,-946.41,713.11,1185.00,181.12,4.574,0,SACCADE,1.096,0.989,0.765,165.5,lissajous
736375.6837,18.2488,458.77,539.85,-938.74,484.79,1056.53,616.46,443.01,-762.35,319.19,826.47,185.05,4.673,0,SACCADE,0.782,0.997,0.763,148.9,lissajous
736375.7002,18.2652,443.59,547.33,-924.22,455.47,1030.36,595.39,459.60,-1281.84,1009.76,1631.79,175.33,4.428,0,SACCADE,1.584,0.978,0.769,148.9,lissajous
736375.7160,18.2811,429.18,554.08,-909.00,425.69,1003.74,579.43,469.65,-1006.85,633.62,1189.63,172.35,4.353,0,SACCADE,1.185,0.992,0.780,165.5,lissajous
736375.7322,18.2973,414.72,560.48,-892.67,395.00,976.15,567.02,476.63,-766.15,431.26,879.19,173.86,4.391,0,SACCADE,0.901,0.995,0.780,148.9,lissajous
736375.7495,18.3146,399.48,566.78,-879.36,363.80,951.64,550.31,491.72,-964.98,870.85,1299.83,168.47,4.255,0,SACCADE,1.366,0.942,0.779,165.5,lissajous
736375.7661,18.3312,385.43,572.16,-849.21,325.10,909.32,531.65,499.32,-1127.37,459.32,1217.35,163.36,4.126,0,SACCADE,1.339,1.000,0.784,149.0,lissajous
736375.7819,18.3470,372.22,576.81,-834.61,293.34,884.66,516.33,510.13,-967.70,682.84,1184.36,158.79,4.010,0,SACCADE,1.339,0.962,0.792,165.5,lissajous
736375.7987,18.3638,358.53,581.15,-813.96,258.58,854.05,499.11,517.83,-1024.08,458.25,1121.93,154.18,3.894,0,SACCADE,1.314,0.994,0.795,165.5,lissajous
736375.8153,18.3804,345.45,584.83,-790.63,221.98,821.21,483.61,528.60,-936.43,650.30,1140.09,149.17,3.768,0,SACCADE,1.388,0.945,0.798,165.5,lissajous
736375.8325,18.3976,332.25,588.01,-767.00,184.64,788.91,466.43,538.44,-998.78,572.23,1151.09,143.04,3.613,0,SACCADE,1.459,0.960,0.802,165.5,lissajous
736375.8493,18.4144,319.80,590.46,-741.56,146.37,755.87,445.90,542.46,-1222.68,239.56,1245.93,134.93,3.408,0,SACCADE,1.648,1.000,0.805,165.6,lissajous
736375.8664,18.4315,307.53,592.31,-715.34,107.78,723.42,436.41,549.17,-553.13,391.22,677.50,135.91,3.433,0,SACCADE,0.937,0.893,0.803,165.6,lissajous
736375.8830,18.4480,296.15,593.46,-688.42,69.18,691.89,415.36,555.07,-1273.37,356.79,1322.41,125.24,3.163,0,SACCADE,1.911,0.985,0.803,165.6,lissajous
736375.8985,18.4636,285.88,593.96,-661.27,32.22,662.05,405.54,557.35,-632.52,146.74,649.32,125.13,3.161,0,SMOOTH_PURSUIT,0.981,0.984,0.813,165.6,lissajous
736375.9150,18.4800,275.43,593.88,-634.33,-4.70,634.34,395.69,569.29,-597.62,724.69,939.33,122.75,3.101,0,SACCADE,1.481,0.630,0.812,165.6,lissajous
736375.9321,18.4972,265.08,593.13,-604.19,-43.43,605.75,382.06,571.15,-795.79,108.99,803.22,119.03,3.007,0,SACCADE,1.326,0.978,0.813,165.7,lissajous
736375.9488,18.5139,255.47,591.75,-573.88,-82.42,579.77,365.54,575.66,-986.31,269.20,1022.38,111.24,2.810,0,SACCADE,1.763,0.917,0.811,165.7,lissajous
736375.9653,18.5304,246.54,589.77,-542.99,-120.39,556.17,354.78,581.81,-654.14,373.92,753.47,108.53,2.742,0,SACCADE,1.355,0.740,0.809,165.6,lissajous
736375.9826,18.5476,237.71,587.03,-511.09,-158.68,535.16,342.65,583.63,-702.57,105.18,710.40,104.99,2.652,0,SACCADE,1.327,0.901,0.808,182.3,lissajous
736375.9985,18.5635,230.10,583.92,-478.57,-195.76,517.06,328.12,586.14,-913.95,157.51,927.43,98.04,2.477,0,SACCADE,1.794,0.848,0.806,165.6,lissajous
736376.0152,18.5803,222.63,580.04,-446.33,-231.88,502.97,312.48,589.44,-933.68,197.34,954.30,90.34,2.282,0,SACCADE,1.897,0.773,0.799,165.6,lissajous
736376.0309,18.5960,216.15,575.85,-413.30,-266.89,491.98,304.30,591.62,-521.71,139.14,539.95,89.55,2.262,0,SMOOTH_PURSUIT,1.097,0.672,0.797,165.5,lissajous
736376.0472,18.6123,209.92,570.93,-380.76,-301.16,485.46,295.61,593.17,-531.64,94.66,540.00,88.52,2.236,0,SMOOTH_PURSUIT,1.112,0.663,0.793,165.5,lissajous
736376.0646,18.6297,203.92,565.10,-345.73,-336.24,482.27,278.85,595.74,-966.13,148.26,977.44,80.95,2.045,0,SACCADE,2.027,0.603,0.785,165.5,lissajous
736376.0817,18.6468,198.64,558.76,-309.37,-371.02,483.08,270.90,591.75,-464.93,-233.83,520.42,79.44,2.007,0,SMOOTH_PURSUIT,1.077,0.917,0.785,165.5,lissajous
736376.0978,18.6628,194.23,552.26,-274.11,-403.80,488.05,261.35,590.83,-593.86,-57.07,596.60,77.41,1.956,0,SMOOTH_PURSUIT,1.222,0.638,0.785,165.5,lissajous
736376.1138,18.6789,190.39,545.30,-239.47,-434.28,495.93,249.62,587.57,-732.54,-203.32,760.23,72.76,1.838,0,SACCADE,1.533,0.699,0.785,165.4,lissajous
736376.1307,18.6958,186.95,537.47,-203.40,-463.71,506.36,240.97,589.10,-511.54,90.55,519.50,74.73,1.888,0,DRIFT,1.026,0.236,0.784,148.9,lissajous
736376.1477,18.7128,184.11,529.04,-166.41,-493.94,521.22,234.85,586.88,-358.89,-130.32,381.81,76.94,1.944,0,SMOOTH_PURSUIT,0.733,0.624,0.790,165.5,lissajous
736376.1635,18.7285,182.07,520.84,-130.27,-521.32,537.35,225.09,582.80,-620.70,-259.22,672.65,75.43,1.906,0,SACCADE,1.252,0.598,0.794,165.4,lissajous
736376.1809,18.7460,180.44,511.29,-93.49,-547.32,555.25,220.30,580.54,-274.64,-129.55,303.66,79.91,2.019,0,SMOOTH_PURSUIT,0.547,0.573,0.803,148.9,lissajous
736376.1978,18.7629,179.50,501.61,-55.38,-573.17,575.84,211.12,579.12,-543.74,-84.37,550.24,83.71,2.115,0,DRIFT,0.956,0.248,0.805,165.5,lissajous
736376.2136,18.7787,179.20,492.17,-18.95,-596.07,596.37,208.42,571.87,-170.12,-457.76,488.35,84.89,2.144,0,SMOOTH_PURSUIT,0.819,0.948,0.809,148.9,lissajous
736376.2299,18.7950,179.48,482.12,16.86,-616.96,617.19,202.76,566.80,-347.40,-310.85,466.17,87.83,2.219,0,SMOOTH_PURSUIT,0.755,0.646,0.815,165.4,lissajous
736376.2474,18.8125,180.43,470.97,54.47,-637.37,639.69,200.49,559.87,-129.76,-396.34,417.04,91.14,2.302,0,SMOOTH_PURSUIT,0.652,0.920,0.821,165.5,lissajous
736376.2645,18.8296,182.02,459.75,92.93,-656.49,663.03,193.02,549.41,-437.19,-611.85,752.00,90.33,2.282,0,SACCADE,1.134,0.724,0.821,149.0,lissajous
736376.2807,18.8458,184.12,448.86,129.76,-672.63,685.03,193.05,542.38,1.87,-434.65,434.65,93.94,2.373,0,SMOOTH_PURSUIT,0.635,0.983,0.824,165.6,lissajous
736376.2980,18.8630,186.99,437.00,166.59,-687.18,707.08,188.30,535.91,-275.00,-374.64,464.74,98.92,2.499,0,SMOOTH_PURSUIT,0.657,0.644,0.836,165.5,lissajous
736376.3142,18.8793,190.29,425.65,203.35,-700.24,729.17,183.00,528.57,-326.75,-452.80,558.39,103.18,2.606,0,SMOOTH_PURSUIT,0.766,0.616,0.841,165.5,lissajous
736376.3301,18.8952,194.08,414.35,238.29,-710.68,749.57,180.85,517.85,-135.61,-673.76,687.28,104.35,2.636,0,SACCADE,0.917,0.867,0.846,165.5,lissajous
736376.3464,18.9115,198.53,402.61,272.88,-718.86,768.91,181.12,507.55,16.90,-631.34,631.56,106.37,2.687,0,SMOOTH_PURSUIT,0.821,0.944,0.846,148.9,lissajous
736376.3630,18.9280,203.63,390.60,308.02,-725.95,788.60,182.21,500.53,65.53,-423.87,428.90,112.00,2.829,0,SMOOTH_PURSUIT,0.544,0.969,0.849,165.5,lissajous
736376.3794,18.9445,209.28,378.56,342.89,-731.00,807.42,181.80,488.41,-24.71,-736.30,736.72,113.23,2.860,0,SACCADE,0.912,0.891,0.852,165.5,lissajous
736376.3961,18.9612,215.59,366.29,377.50,-734.13,825.50,181.24,475.68,-33.19,-760.97,761.69,114.66,2.896,0,SACCADE,0.923,0.869,0.852,165.5,lissajous
736376.4117,18.9768,221.99,354.82,410.40,-734.68,841.54,181.35,462.86,6.83,-822.06,822.09,115.43,2.916,0,SACCADE,0.977,0.877,0.852,165.4,lissajous
736376.4285,18.9936,229.43,342.50,443.59,-734.63,858.17,182.66,453.45,78.34,-561.17,566.61,120.40,3.041,0,SMOOTH_PURSUIT,0.660,0.919,0.859,165.4,lissajous
736376.4456,19.0107,237.58,330.01,476.84,-731.11,872.86,185.37,447.87,158.24,-326.45,362.78,128.90,3.256,0,SMOOTH_PURSUIT,0.416,0.992,0.859,165.4,lissajous
736376.4613,19.0264,245.59,318.58,508.66,-726.14,886.57,189.86,431.76,285.29,-1023.02,1062.06,126.16,3.187,0,SACCADE,1.198,0.943,0.854,165.4,lissajous
736376.4781,19.0432,254.63,306.52,539.91,-719.84,899.82,189.57,416.65,-17.41,-902.23,902.40,127.91,3.231,0,SACCADE,1.003,0.788,0.855,165.4,lissajous
736376.4940,19.0590,263.68,295.23,570.30,-711.24,911.65,193.35,404.44,237.94,-768.64,804.63,129.91,3.281,0,SACCADE,0.883,0.930,0.855,165.4,lissajous
736376.5103,19.0754,273.47,283.79,599.64,-700.99,922.48,196.89,396.43,217.43,-491.12,537.10,136.20,3.440,0,SMOOTH_PURSUIT,0.582,0.958,0.859,165.3,lissajous
736376.5272,19.0923,284.11,272.15,629.00,-688.37,932.47,198.99,384.46,123.91,-707.72,718.48,140.92,3.559,0,SACCADE,0.771,0.844,0.859,165.4,lissajous
736376.5428,19.1078,294.33,261.65,657.09,-674.46,941.63,207.75,377.45,562.86,-450.18,720.74,144.59,3.652,0,SACCADE,0.765,0.992,0.858,165.3,lissajous
736376.5594,19.1245,305.75,250.66,683.88,-658.63,949.47,216.23,360.74,508.07,-1001.80,1123.27,141.88,3.584,0,SACCADE,1.183,0.944,0.858,165.3,lissajous
736376.5764,19.1415,317.79,239.81,711.19,-640.60,957.17,227.54,348.02,667.55,-750.67,1004.56,140.91,3.559,0,SACCADE,1.050,0.994,0.857,165.3,lissajous
736376.5940,19.1590,330.75,228.92,737.42,-619.58,963.16,233.01,335.63,311.81,-705.46,771.30,144.70,3.655,0,SACCADE,0.801,0.898,0.857,165.4,lissajous
736376.6101,19.1752,343.09,219.25,763.54,-598.53,970.17,240.90,327.28,487.55,-516.58,710.32,148.71,3.756,0,SACCADE,0.732,0.989,0.856,165.4,lissajous
736376.6262,19.1913,355.72,210.00,786.33,-575.87,974.65,253.00,313.40,753.70,-864.03,1146.57,145.75,3.681,0,SACCADE,1.176,0.976,0.859,165.3,lissajous
736376.6425,19.2076,368.94,200.98,808.25,-551.64,978.56,258.87,300.39,358.78,-795.95,873.07,148.31,3.746,0,SACCADE,0.892,0.853,0.858,165.3,lissajous
736376.6591,19.2241,382.66,192.28,830.50,-526.31,983.22,273.00,287.86,854.82,-757.83,1142.38,145.47,3.674,0,SACCADE,1.162,0.987,0.858,165.3,lissajous
736376.6748,19.2399,396.07,184.41,849.85,-499.14,985.58,279.17,278.46,391.08,-595.97,712.83,150.04,3.790,0,SACCADE,0.723,0.896,0.858,165.3,lissajous
736376.6918,19.2569,410.80,176.43,869.97,-471.25,989.40,288.84,271.01,571.36,-439.70,720.96,154.34,3.898,0,SACCADE,0.729,0.987,0.856,165.3,lissajous
736376.7083,19.2734,425.45,169.15,887.95,-440.67,991.29,300.77,257.19,723.03,-837.38,1106.34,152.63,3.855,0,SACCADE,1.116,0.922,0.856,165.3,lissajous
736376.7249,19.2900,440.51,162.35,905.25,-409.53,993.57,309.57,245.82,528.78,-684.40,864.88,155.28,3.922,0,SACCADE,0.870,0.883,0.857,165.3,lissajous
736376.7415,19.3065,455.76,156.10,921.42,-377.24,995.65,321.78,234.37,737.91,-691.42,1011.23,155.16,3.919,0,SACCADE,1.016,0.934,0.857,165.3,lissajous
736376.7592,19.3242,472.34,150.03,936.22,-342.58,996.93,332.83,230.47,623.75,-219.87,661.37,161.04,4.067,0,SACCADE,0.663,1.000,0.854,165.3,lissajous
736376.7751,19.3402,487.52,145.12,950.34,-307.88,998.97,349.89,217.33,1068.15,-822.66,1348.22,155.43,3.925,0,SACCADE,1.350,0.942,0.852,165.3,lissajous
736376.7911,19.3562,502.87,140.74,961.94,-273.97,1000.19,363.91,203.34,878.81,-877.18,1241.68,152.40,3.849,0,SACCADE,1.241,0.874,0.851,165.3,lissajous
736376.8075,19.3726,518.85,136.82,972.65,-238.92,1001.56,375.14,194.40,683.65,-544.23,873.82,154.81,3.910,0,SACCADE,0.872,0.908,0.854,165.2,lissajous
736376.8247,19.3898,535.69,133.36,982.21,-201.90,1002.75,388.05,188.94,752.65,-318.09,817.11,157.76,3.984,0,SACCADE,0.815,0.981,0.854,165.3,lissajous
736376.8415,19.4066,552.36,130.60,991.40,-164.04,1004.88,404.05,180.75,951.90,-487.28,1069.37,156.55,3.954,0,SACCADE,1.064,0.953,0.854,165.3,lissajous
736376.8591,19.4242,569.98,128.39,998.30,-124.97,1006.10,418.64,179.02,826.25,-98.18,832.07,159.58,4.030,0,SACCADE,0.827,1.000,0.854,165.4,lissajous
736376.8753,19.4403,586.17,127.00,1003.92,-86.37,1007.63,437.96,168.61,1197.57,-645.31,1360.37,153.95,3.888,0,SACCADE,1.350,0.918,0.854,165.4,lissajous
736376.8928,19.4578,603.81,126.16,1008.51,-47.74,1009.64,450.16,160.22,697.77,-479.44,846.60,157.38,3.975,0,SACCADE,0.839,0.850,0.853,165.4,lissajous
736376.9088,19.4739,620.03,126.02,1011.25,-9.06,1011.29,469.09,151.93,1180.59,-517.10,1288.87,153.14,3.868,0,SACCADE,1.274,0.920,0.853,165.4,lissajous
736376.9255,19.4906,637.01,126.50,1013.78,28.82,1014.19,478.13,149.79,539.73,-128.03,554.70,160.57,4.055,0,SMOOTH_PURSUIT,0.547,0.966,0.848,165.4,lissajous
736376.9423,19.5074,653.99,127.63,1012.73,67.39,1014.97,495.43,140.65,1031.37,-544.57,1166.31,159.10,4.018,0,SACCADE,1.149,0.851,0.851,165.5,lissajous
736376.9589,19.5239,670.74,129.38,1012.08,105.61,1017.57,509.75,140.74,865.22,5.38,865.24,161.39,4.076,0,SACCADE,0.850,0.995,0.848,165.5,lissajous
736376.9750,19.5401,687.03,131.68,1009.75,142.82,1019.80,526.16,135.77,1017.38,-307.97,1062.97,160.92,4.064,0,SACCADE,1.042,0.907,0.844,149.0,lissajous
736376.9911,19.5562,703.21,134.56,1006.01,179.09,1021.83,541.10,135.10,928.87,-41.88,929.82,162.11,4.094,0,SACCADE,0.910,0.976,0.846,165.5,lissajous
736377.0071,19.5722,719.23,138.00,1001.32,214.81,1024.10,561.16,131.62,1254.20,-217.30,1272.88,158.19,3.995,0,SACCADE,1.243,0.928,0.847,165.4,lissajous
736377.0225,19.5876,734.57,141.84,994.99,249.16,1025.72,573.69,126.17,812.49,-353.83,886.20,161.64,4.082,0,SACCADE,0.864,0.792,0.845,165.4,lissajous
736377.0395,19.6046,751.40,146.68,987.78,284.14,1027.83,592.81,127.36,1122.63,69.99,1124.81,159.76,4.035,0,SACCADE,1.094,0.976,0.847,165.3,lissajous
736377.0566,19.6217,768.08,152.14,977.94,319.80,1028.90,610.88,126.25,1058.83,-65.28,1060.84,159.32,4.024,0,SACCADE,1.031,0.930,0.844,148.8,lissajous
736377.0734,19.6385,784.35,158.10,968.05,354.72,1031.00,629.01,127.72,1078.94,87.76,1082.51,158.28,3.998,0,SACCADE,1.050,0.964,0.842,165.4,lissajous
736377.0907,19.6558,800.88,164.82,956.01,388.62,1031.98,647.23,127.60,1054.00,-7.19,1054.03,158.09,3.993,0,SACCADE,1.021,0.924,0.839,148.8,lissajous
736377.1077,19.6728,816.94,172.01,943.12,421.89,1033.19,659.58,131.61,724.60,235.62,761.95,162.47,4.103,0,SACCADE,0.737,0.994,0.834,165.4,lissajous
736377.1246,19.6897,832.63,179.67,928.14,453.17,1032.86,678.74,130.41,1133.96,-71.00,1136.18,161.58,4.081,0,SACCADE,1.100,0.869,0.832,165.4,lissajous
736377.1407,19.7057,847.30,187.42,914.11,483.21,1033.97,693.14,133.01,897.14,161.95,911.64,163.48,4.129,0,SACCADE,0.882,0.953,0.838,165.5,lissajous
736377.1571,19.7222,862.00,195.78,895.68,509.67,1030.54,706.03,135.90,785.56,176.29,805.10,167.07,4.219,0,SACCADE,0.781,0.956,0.833,165.5,lissajous
736377.1739,19.7390,876.79,204.82,878.60,537.00,1029.71,727.85,138.45,1295.76,151.59,1304.60,163.06,4.118,0,SACCADE,1.267,0.908,0.834,165.5,lissajous
736377.1902,19.7553,890.83,214.01,859.45,562.28,1027.04,746.21,140.49,1124.35,124.75,1131.25,162.23,4.097,0,SACCADE,1.101,0.892,0.831,148.9,lissajous
736377.2075,19.7726,905.33,224.15,839.41,586.69,1024.11,762.07,143.47,917.71,172.58,933.80,164.42,4.152,0,SACCADE,0.912,0.911,0.832,165.5,lissajous
736377.2246,19.7897,919.28,234.55,817.27,609.64,1019.60,773.50,150.24,669.92,396.50,778.47,168.40,4.253,0,SACCADE,0.763,0.994,0.835,165.5,lissajous
736377.2412,19.8062,932.45,245.00,794.62,630.51,1014.38,791.66,156.62,1095.75,384.97,1161.41,166.23,4.198,0,SACCADE,1.145,0.945,0.834,165.5,lissajous
736377.2571,19.8222,944.74,255.33,771.67,648.98,1008.29,811.59,166.14,1251.81,598.09,1387.35,160.26,4.047,0,SACCADE,1.376,0.968,0.837,149.0,lissajous
736377.2742,19.8393,957.53,266.74,747.50,666.18,1001.27,824.55,173.92,757.22,454.52,883.16,162.16,4.095,0,SACCADE,0.882,0.983,0.831,165.6,lissajous
736377.2914,19.8565,969.94,278.47,721.23,682.06,992.67,839.27,181.29,855.38,428.35,956.64,162.84,4.113,0,SACCADE,0.964,0.957,0.834,165.6,lissajous
736377.3076,19.8727,981.19,289.74,694.21,695.17,982.44,855.38,192.19,994.21,672.49,1200.28,159.19,4.021,0,SACCADE,1.222,0.982,0.831,149.0,lissajous
736377.3247,19.8898,992.58,301.81,666.63,706.56,971.41,871.23,199.13,927.11,405.80,1012.04,158.97,4.015,0,SACCADE,1.042,0.920,0.831,165.6,lissajous
736377.3415,19.9066,1003.30,313.84,638.50,717.12,960.18,882.93,210.37,697.50,669.88,967.08,158.73,4.009,0,SACCADE,1.007,0.997,0.829,165.6,lissajous
736377.3579,19.9230,1013.28,325.72,608.48,723.70,945.51,895.94,218.51,793.05,496.10,935.43,158.94,4.014,0,SACCADE,0.989,0.952,0.833,165.6,lissajous
736377.3741,19.9392,1022.67,337.55,579.43,729.66,931.75,910.46,226.59,895.85,498.78,1025.34,157.80,3.985,0,SACCADE,1.100,0.924,0.830,149.0,lissajous
736377.3898,19.9549,1031.32,349.08,549.90,733.23,916.52,923.30,242.72,816.01,1025.34,1310.42,151.60,3.829,0,SACCADE,1.430,1.000,0.829,165.6,lissajous
736377.4058,19.9708,1039.60,360.78,519.75,734.67,899.93,938.74,250.07,968.96,461.43,1073.22,149.77,3.783,0,SACCADE,1.193,0.872,0.829,165.5,lissajous
736377.4218,19.9869,1047.44,372.56,489.13,734.90,882.79,950.64,259.24,742.60,572.20,937.48,149.04,3.764,0,SACCADE,1.062,0.947,0.836,165.5,lissajous
736377.4375,20.0026,1054.63,384.06,457.81,732.85,864.10,963.43,270.84,815.13,739.27,1100.44,145.38,3.672,0,SACCADE,1.274,0.962,0.836,165.4,lissajous
736377.4548,20.0199,1061.98,396.68,424.66,728.78,843.48,975.00,288.67,668.36,1030.19,1228.01,138.67,3.503,0,SACCADE,1.456,0.999,0.837,165.5,lissajous
736377.4712,20.0362,1068.37,408.51,390.46,723.01,821.71,983.16,295.10,498.93,392.58,634.86,141.85,3.583,0,SMOOTH_PURSUIT,0.773,0.918,0.841,165.5,lissajous
736377.4868,20.0519,1073.95,419.69,357.10,714.98,799.20,994.53,309.42,726.44,915.12,1168.40,135.90,3.433,0,SACCADE,1.462,0.978,0.843,182.0,lissajous
736377.5030,20.0681,1079.19,431.11,323.81,705.81,776.54,1007.14,315.15,779.60,354.54,856.43,136.52,3.448,0,SACCADE,1.103,0.756,0.847,165.4,lissajous
736377.5187,20.0837,1083.74,442.00,289.77,694.14,752.19,1020.36,328.40,842.99,844.90,1193.52,130.08,3.286,0,SACCADE,1.587,0.925,0.846,165.3,lissajous
736377.5348,20.0998,1087.87,453.02,256.65,683.94,730.51,1022.62,341.21,139.79,795.28,807.47,129.46,3.270,0,SACCADE,1.105,0.983,0.848,165.3,lissajous
736377.5514,20.1165,1091.53,464.07,219.68,664.61,699.98,1038.20,356.76,937.22,935.00,1323.86,119.83,3.027,0,SACCADE,1.891,0.893,0.846,165.4,lissajous
736377.5687,20.1337,1094.69,475.28,183.48,649.54,674.96,1039.34,369.12,65.90,716.05,719.07,119.72,3.024,0,SACCADE,1.065,0.983,0.845,165.4,lissajous
736377.5860,20.1511,1097.21,486.20,145.32,629.42,645.98,1044.94,374.33,322.96,300.70,441.28,123.47,3.119,0,SMOOTH_PURSUIT,0.683,0.829,0.841,165.4,lissajous
736377.6021,20.1671,1098.95,495.97,108.41,608.69,618.27,1057.22,394.08,764.51,1229.70,1447.97,110.10,2.781,0,SACCADE,2.342,0.929,0.835,165.4,lissajous
736377.6181,20.1831,1100.12,505.37,72.86,587.39,591.89,1063.07,401.99,364.99,494.08,614.28,109.82,2.774,0,SMOOTH_PURSUIT,1.038,0.871,0.828,165.3,lissajous
736377.6341,20.1991,1100.72,514.40,37.26,564.38,565.61,1070.29,411.96,451.71,623.31,769.78,106.86,2.699,0,SACCADE,1.361,0.847,0.825,181.8,lissajous
736377.6508,20.2159,1100.73,523.45,0.74,539.34,539.34,1069.53,426.20,-45.48,848.65,849.87,102.13,2.580,0,SACCADE,1.576,0.998,0.824,165.3,lissajous
736377.6669,20.2320,1100.15,531.70,-35.88,512.91,514.17,1080.47,438.54,679.95,766.63,1024.72,95.22,2.406,0,SACCADE,1.993,0.700,0.819,165.3,lissajous
736377.6833,20.2484,1098.97,539.67,-72.05,485.38,490.70,1084.90,446.63,270.39,492.96,562.24,94.10,2.377,0,SMOOTH_PURSUIT,1.146,0.797,0.812,181.9,lissajous
736377.6997,20.2647,1097.20,547.12,-108.44,456.65,469.34,1089.54,460.32,284.58,839.62,886.54,87.13,2.201,0,SACCADE,1.889,0.847,0.814,165.3,lissajous
736377.7158,20.2809,1094.88,553.98,-144.07,425.97,449.68,1095.98,468.38,399.41,500.27,640.15,85.61,2.163,0,SMOOTH_PURSUIT,1.424,0.540,0.807,148.8,lissajous
736377.7321,20.2972,1091.93,560.45,-179.90,395.23,434.25,1096.99,478.75,61.29,632.84,635.80,81.86,2.068,0,SMOOTH_PURSUIT,1.464,0.866,0.802,148.8,lissajous
736377.7489,20.3140,1088.31,566.54,-216.17,362.55,422.11,1096.74,492.79,-14.78,837.13,837.26,74.23,1.875,0,SACCADE,1.984,0.868,0.792,148.7,lissajous
736377.7651,20.3302,1084.23,571.86,-251.86,328.90,414.25,1101.43,501.25,289.46,522.52,597.34,72.68,1.836,0,SMOOTH_PURSUIT,1.442,0.400,0.782,132.2,lissajous
736377.7818,20.3469,1079.44,576.77,-287.19,294.57,411.40,1099.80,514.35,-97.72,785.29,791.35,65.66,1.659,0,SACCADE,1.924,0.797,0.769,115.6,lissajous
736377.7994,20.3644,1073.75,581.30,-323.54,257.91,413.76,1098.33,519.03,-83.17,266.62,279.29,66.95,1.691,0,SMOOTH_PURSUIT,0.675,0.828,0.764,132.2,lissajous
736377.8161,20.3812,1067.73,585.00,-359.37,220.33,421.54,1096.71,529.78,-97.11,641.22,648.54,62.36,1.575,0,SMOOTH_PURSUIT,1.538,0.644,0.751,115.7,lissajous
736377.8323,20.3974,1061.35,587.98,-393.74,183.88,434.56,1095.81,538.91,-55.02,563.12,565.80,59.97,1.515,0,SMOOTH_PURSUIT,1.302,0.509,0.741,115.7,lissajous
736377.8495,20.4146,1053.96,590.50,-430.09,146.97,454.51,1091.87,542.79,-229.65,225.72,322.01,60.94,1.540,0,SMOOTH_PURSUIT,0.708,0.902,0.734,99.2,lissajous
736377.8654,20.4305,1046.67,592.22,-458.34,107.95,470.88,1092.56,547.22,43.67,278.69,282.09,64.28,1.624,0,DRIFT,0.599,0.076,0.726,115.8,lissajous
736377.8818,20.4469,1038.58,593.40,-492.63,71.62,497.81,1093.76,555.50,72.63,503.98,509.19,66.94,1.691,0,DRIFT,1.023,0.001,0.719,99.2,lissajous
736377.8977,20.4628,1030.26,593.94,-523.73,34.42,524.86,1092.90,563.17,-53.92,483.20,486.20,69.79,1.763,0,DRIFT,0.926,0.176,0.712,115.7,lissajous
736377.9143,20.4794,1021.08,593.89,-554.25,-3.03,554.26,1087.42,563.90,-330.51,44.20,333.46,72.81,1.839,0,SMOOTH_PURSUIT,0.602,0.990,0.715,99.2,lissajous
736377.9308,20.4959,1011.42,593.21,-584.64,-41.20,586.09,1084.86,571.29,-155.23,447.33,473.49,76.64,1.936,0,DRIFT,0.808,0.261,0.707,99.2,lissajous
736377.9480,20.5131,1000.84,591.84,-615.20,-80.02,620.38,1079.68,575.75,-300.82,259.47,397.26,80.47,2.033,0,SMOOTH_PURSUIT,0.640,0.667,0.703,99.2,lissajous
736377.9645,20.5296,990.21,589.88,-644.44,-118.53,655.25,1074.50,586.38,-314.47,644.35,716.99,84.36,2.131,0,SACCADE,1.094,0.269,0.702,99.3,lissajous
736377.9808,20.5459,979.23,587.34,-672.29,-155.77,690.10,1064.34,584.65,-622.12,-105.69,631.04,85.15,2.151,0,SMOOTH_PURSUIT,0.914,0.998,0.700,132.3,lissajous
736377.9981,20.5632,967.12,583.99,-700.20,-193.58,726.47,1059.53,587.66,-277.63,174.16,327.73,92.49,2.336,0,SMOOTH_PURSUIT,0.451,0.675,0.719,132.3,lissajous
736378.0146,20.5796,955.20,580.20,-725.96,-230.57,761.69,1048.79,587.72,-653.81,3.44,653.82,93.90,2.372,0,SACCADE,0.858,0.951,0.724,148.9,lissajous
736378.0319,20.5970,942.12,575.56,-752.64,-267.58,798.79,1043.24,592.91,-319.67,298.98,437.69,102.60,2.592,0,SMOOTH_PURSUIT,0.548,0.459,0.737,132.4,lissajous
736378.0487,20.6137,929.11,570.47,-777.15,-303.73,834.39,1035.68,592.69,-451.85,-12.93,452.03,108.86,2.750,0,SMOOTH_PURSUIT,0.542,0.941,0.750,132.4,lissajous
736378.0655,20.6306,915.60,564.76,-800.37,-338.51,869.01,1029.27,590.84,-379.36,-109.53,394.86,116.63,2.946,0,SMOOTH_PURSUIT,0.454,0.993,0.762,148.9,lissajous
736378.0821,20.6472,901.99,558.59,-823.04,-372.44,903.38,1018.59,586.97,-645.53,-234.22,686.71,120.01,3.031,0,SACCADE,0.760,0.997,0.775,165.4,lissajous
736378.0976,20.6627,888.90,552.33,-843.27,-403.83,934.98,1006.25,588.36,-795.60,89.71,800.64,122.76,3.101,0,SACCADE,0.856,0.848,0.782,165.4,lissajous
736378.1147,20.6797,874.18,544.91,-862.80,-434.69,966.12,993.92,589.64,-722.76,74.91,726.63,127.82,3.229,0,SACCADE,0.752,0.842,0.789,165.4,lissajous
736378.1305,20.6956,860.19,537.54,-881.62,-464.84,996.66,982.73,586.57,-705.34,-193.27,731.34,131.98,3.334,0,SACCADE,0.734,0.976,0.792,165.4,lissajous
736378.1475,20.7125,844.96,529.18,-899.55,-493.81,1026.18,972.64,586.29,-595.99,-16.53,596.22,139.87,3.533,0,SMOOTH_PURSUIT,0.581,0.890,0.795,165.4,lissajous
736378.1643,20.7294,829.56,520.40,-915.19,-521.39,1053.29,957.36,582.32,-907.65,-235.82,937.79,142.01,3.587,0,SACCADE,0.890,0.965,0.794,165.4,lissajous
736378.1808,20.7459,814.16,511.34,-931.03,-548.10,1080.38,951.20,579.14,-372.68,-192.73,419.56,152.89,3.861,0,SMOOTH_PURSUIT,0.388,0.998,0.793,165.4,lissajous
736378.1971,20.7621,798.83,502.05,-944.66,-572.47,1104.58,938.67,578.23,-771.66,-55.71,773.67,159.25,4.022,0,SACCADE,0.700,0.890,0.794,165.3,lissajous
736378.2129,20.7780,783.65,492.61,-957.75,-595.44,1127.76,925.53,575.78,-828.98,-154.50,843.25,164.47,4.154,0,SACCADE,0.748,0.932,0.792,165.3,lissajous
736378.2299,20.7949,767.25,482.17,-968.07,-616.21,1147.55,909.06,565.90,-972.11,-583.09,1133.58,164.69,4.159,0,SACCADE,0.988,1.000,0.786,165.3,lissajous
736378.2457,20.8108,751.74,472.08,-979.16,-636.63,1167.93,895.23,555.29,-873.45,-669.87,1100.75,165.87,4.189,0,SACCADE,0.942,0.997,0.782,165.3,lissajous
736378.2620,20.8271,735.65,461.42,-986.92,-653.80,1183.83,884.32,551.36,-668.91,-241.31,711.11,173.76,4.388,0,SACCADE,0.601,0.972,0.777,165.3,lissajous
736378.2786,20.8437,719.15,450.30,-995.32,-670.78,1200.25,867.77,542.19,-998.44,-552.89,1141.30,174.73,4.413,0,SACCADE,0.951,0.996,0.770,148.8,lissajous
736378.2955,20.8606,702.20,438.70,-1000.62,-684.94,1212.59,848.51,529.94,-1137.42,-723.62,1348.09,172.42,4.354,0,SACCADE,1.112,0.999,0.764,148.7,lissajous
736378.3116,20.8767,686.01,427.47,-1007.48,-699.09,1226.27,837.49,523.09,-685.28,-425.93,806.86,179.14,4.524,0,SACCADE,0.658,0.999,0.753,132.2,lissajous
736378.3279,20.8930,669.55,415.91,-1008.59,-708.12,1232.35,817.47,518.99,-1227.47,-251.28,1252.92,180.29,4.553,0,SACCADE,1.017,0.917,0.744,132.2,lissajous
736378.3442,20.9093,653.04,404.20,-1012.80,-718.44,1241.74,804.52,504.07,-793.71,-915.40,1211.58,181.44,4.582,0,SACCADE,0.976,0.971,0.744,165.1,lissajous
736378.3607,20.9257,636.37,392.27,-1013.23,-725.15,1245.98,792.37,500.57,-739.20,-212.61,769.17,189.90,4.795,0,SACCADE,0.617,0.942,0.736,148.7,lissajous
736378.3774,20.9425,619.36,380.01,-1013.03,-730.50,1248.94,776.53,489.95,-943.33,-632.59,1135.79,191.80,4.843,0,SACCADE,0.909,0.999,0.731,132.2,lissajous
736378.3940,20.9591,602.64,367.87,-1010.82,-733.41,1248.86,762.64,471.84,-839.15,-1094.55,1379.20,190.82,4.818,0,SACCADE,1.104,0.959,0.725,115.7,lissajous
736378.4094,20.9745,587.06,356.52,-1008.98,-735.43,1248.56,741.53,465.25,-1367.86,-426.65,1432.86,188.90,4.770,0,SACCADE,1.148,0.947,0.719,148.7,lissajous
736378.4258,20.9909,570.58,344.47,-1003.82,-734.08,1243.60,729.31,453.22,-744.55,-733.21,1044.97,192.40,4.858,0,SACCADE,0.840,0.989,0.715,165.2,lissajous
736378.4419,21.0069,554.58,332.74,-998.94,-732.01,1238.43,709.31,446.64,-1248.30,-410.38,1314.03,192.13,4.851,0,SACCADE,1.061,0.951,0.721,148.6,lissajous
736378.4582,21.0233,538.38,320.86,-992.52,-727.84,1230.79,691.52,434.40,-1089.63,-749.93,1322.76,190.64,4.814,0,SACCADE,1.075,1.000,0.726,132.1,lissajous
736378.4744,21.0394,522.45,309.19,-984.10,-721.25,1220.10,678.79,425.07,-786.89,-576.43,975.43,194.60,4.914,0,SACCADE,0.799,1.000,0.720,115.6,lissajous
736378.4914,21.0565,505.85,297.04,-974.74,-712.97,1207.66,659.01,412.95,-1161.22,-711.48,1361.85,192.07,4.850,0,SACCADE,1.128,0.997,0.721,132.1,lissajous
736378.5085,21.0736,489.33,285.00,-963.82,-702.47,1192.65,646.18,394.91,-748.21,-1052.66,1291.48,191.53,4.836,0,SACCADE,1.083,0.948,0.717,115.6,lissajous
736378.5254,21.0905,473.30,273.38,-951.24,-689.76,1175.00,625.51,382.84,-1227.02,-716.32,1420.81,187.48,4.734,0,SACCADE,1.209,0.995,0.728,148.7,lissajous
736378.5429,21.1080,456.86,261.54,-937.85,-675.38,1155.73,610.82,372.99,-837.81,-561.82,1008.75,190.06,4.799,0,SACCADE,0.873,0.999,0.733,132.2,lissajous
736378.5596,21.1247,441.47,250.55,-921.91,-658.21,1132.76,595.20,356.41,-935.82,-993.14,1364.58,186.65,4.713,0,SACCADE,1.205,0.981,0.732,115.7,lissajous
736378.5758,21.1409,426.82,240.20,-906.50,-640.74,1110.08,578.11,349.12,-1057.58,-451.14,1149.78,186.42,4.707,0,SACCADE,1.036,0.978,0.737,148.7,lissajous
736378.5924,21.1575,412.04,229.87,-889.79,-621.48,1085.34,556.92,342.92,-1274.91,-373.37,1328.45,183.77,4.641,0,SACCADE,1.224,0.948,0.742,132.2,lissajous
736378.6093,21.1744,397.29,219.71,-870.61,-599.46,1057.03,546.26,325.42,-629.10,-1032.64,1209.18,182.67,4.613,0,SACCADE,1.144,0.913,0.749,132.2,lissajous
736378.6269,21.1920,382.31,209.58,-851.19,-576.13,1027.83,532.42,316.08,-786.72,-530.96,949.13,184.05,4.648,0,SACCADE,0.923,1.000,0.746,132.2,lissajous
736378.6431,21.2082,368.90,200.68,-829.99,-550.98,996.23,513.35,306.33,-1180.33,-603.37,1325.60,178.97,4.519,0,SACCADE,1.331,0.994,0.760,148.8,lissajous
736378.6592,21.2242,355.91,192.23,-808.13,-525.18,963.79,497.53,288.95,-983.93,-1081.23,1461.91,171.50,4.331,0,SACCADE,1.517,0.967,0.767,148.8,lissajous
736378.6751,21.2402,343.36,184.27,-787.19,-499.35,932.21,479.89,281.52,-1106.66,-465.75,1200.68,167.63,4.233,0,SACCADE,1.288,0.986,0.770,148.7,lissajous
736378.6912,21.2563,331.09,176.70,-763.44,-471.10,897.09,464.84,267.75,-936.64,-857.10,1269.61,161.80,4.086,0,SACCADE,1.415,0.982,0.789,165.2,lissajous
736378.7073,21.2723,319.18,169.58,-740.15,-442.46,862.32,449.52,259.71,-951.92,-499.71,1075.11,158.47,4.002,0,SACCADE,1.247,0.998,0.794,148.7,lissajous
736378.7248,21.2898,306.69,162.40,-713.60,-410.58,823.29,438.18,245.36,-647.90,-819.81,1044.92,155.48,3.927,0,SACCADE,1.269,0.929,0.796,165.3,lissajous
736378.7410,21.3061,295.57,156.28,-686.45,-377.75,783.52,418.34,238.47,-1224.98,-425.60,1296.80,147.74,3.731,0,SACCADE,1.655,0.986,0.804,165.3,lissajous
736378.7569,21.3219,285.08,150.78,-659.87,-345.57,744.88,403.92,218.86,-906.72,-1233.16,1530.62,136.96,3.459,0,SACCADE,2.055,0.899,0.809,165.2,lissajous
736378.7741,21.3392,274.18,145.41,-631.31,-311.27,703.87,390.19,217.63,-795.47,-71.62,798.68,136.65,3.451,0,SACCADE,1.135,0.933,0.808,165.3,lissajous
736378.7908,21.3559,264.14,140.81,-601.06,-275.23,661.07,373.47,204.98,-1001.32,-757.56,1255.61,126.76,3.202,0,SACCADE,1.899,0.976,0.810,165.3,lissajous
736378.8069,21.3719,254.98,136.97,-571.88,-240.09,620.24,362.28,198.41,-698.08,-409.60,809.38,123.65,3.123,0,SACCADE,1.305,0.991,0.808,165.3,lissajous
736378.8233,21.3884,246.08,133.61,-541.28,-204.20,578.51,350.36,187.45,-724.50,-666.32,984.32,117.37,2.965,0,SACCADE,1.701,0.928,0.808,165.2,lissajous
736378.8403,21.4054,237.39,130.76,-509.38,-166.78,535.98,335.76,183.61,-857.00,-225.48,886.16,111.66,2.821,0,SACCADE,1.653,0.998,0.808,165.3,lissajous
736378.8574,21.4225,229.29,128.58,-476.28,-128.27,493.25,327.08,175.48,-509.29,-477.55,698.16,108.46,2.740,0,SACCADE,1.415,0.882,0.800,165.2,lissajous
736378.8742,21.4393,221.84,127.07,-442.75,-89.64,451.73,312.21,165.67,-884.00,-583.16,1059.03,98.27,2.483,0,SACCADE,2.344,0.927,0.797,181.8,lissajous
736378.8913,21.4564,214.85,126.21,-408.31,-50.60,411.43,299.75,158.94,-728.24,-393.19,827.61,90.99,2.299,0,SACCADE,2.012,0.932,0.792,165.3,lissajous
736378.9078,21.4729,208.68,126.01,-373.52,-11.83,373.71,287.65,158.31,-733.02,-37.95,734.01,85.32,2.155,0,SACCADE,1.964,1.000,0.780,148.8,lissajous
736378.9244,21.4895,203.05,126.45,-339.40,26.40,340.43,280.72,151.39,-417.28,-416.75,589.74,81.58,2.061,0,SMOOTH_PURSUIT,1.732,0.651,0.768,165.3,lissajous
736378.9412,21.5063,197.94,127.54,-303.94,64.89,310.79,268.33,150.09,-736.68,-77.69,740.77,73.92,1.867,0,SACCADE,2.384,0.951,0.760,165.3,lissajous
736378.9584,21.5235,193.33,129.33,-267.55,103.90,287.02,260.61,143.81,-448.78,-364.76,578.32,68.82,1.739,0,SMOOTH_PURSUIT,2.015,0.495,0.751,148.8,lissajous
736378.9751,21.5401,189.49,131.70,-231.05,142.42,271.42,251.54,138.63,-545.44,-311.32,628.03,62.44,1.577,0,SMOOTH_PURSUIT,2.314,0.479,0.739,148.8,lissajous
736378.9914,21.5565,186.31,134.63,-195.14,179.53,265.16,240.54,130.71,-673.75,-485.42,830.41,54.38,1.374,0,SACCADE,3.132,0.201,0.725,132.3,lissajous
736379.0084,21.5734,183.62,138.30,-158.65,216.57,268.46,232.45,136.83,-477.22,361.06,598.42,48.86,1.234,0,SMOOTH_PURSUIT,2.229,0.958,0.717,148.8,lissajous
736379.0255,21.5905,181.54,142.64,-121.02,253.75,281.13,228.64,129.50,-222.41,-428.10,482.42,48.90,1.235,0,DRIFT,1.716,-0.603,0.715,132.4,lissajous
736379.0427,21.6078,180.11,147.65,-82.97,290.70,302.31,219.17,129.66,-549.34,9.53,549.43,43.00,1.086,0,DRIFT,1.817,0.291,0.710,115.8,lissajous
736379.0585,21.6236,179.38,152.80,-46.20,325.21,328.48,211.11,124.85,-509.65,-304.25,593.56,42.28,1.068,0,DRIFT,1.807,-0.387,0.704,132.3,lissajous
736379.0760,21.6411,179.22,159.07,-9.16,359.48,359.59,208.22,127.61,-165.59,157.82,228.75,42.79,1.081,0,SMOOTH_PURSUIT,0.636,0.708,0.711,115.8,lissajous
736379.0915,21.6565,179.65,165.14,27.53,391.79,392.75,201.40,127.57,-440.97,-2.83,440.98,43.41,1.097,0,DRIFT,1.123,-0.076,0.714,115.8,lissajous
736379.1082,21.6733,180.71,172.20,63.36,422.81,427.53,201.08,129.39,-19.20,109.30,110.97,47.41,1.198,0,SMOOTH_PURSUIT,0.260,0.948,0.723,115.8,lissajous
736379.1247,21.6897,182.36,179.68,100.25,453.73,464.67,197.83,135.65,-196.72,379.89,427.80,46.67,1.179,0,SMOOTH_PURSUIT,0.921,0.768,0.733,132.3,lissajous
736379.1413,21.7064,184.65,187.75,136.94,483.15,502.19,190.40,133.18,-445.34,-148.47,469.44,54.87,1.386,0,DRIFT,0.935,-0.563,0.741,115.8,lissajous
736379.1581,21.7232,187.56,196.33,173.91,511.97,540.70,186.26,137.42,-246.95,253.01,353.54,58.93,1.489,0,SMOOTH_PURSUIT,0.654,0.453,0.747,132.4,lissajous
736379.1738,21.7389,190.84,204.75,209.05,537.22,576.46,182.69,139.81,-227.99,152.49,274.29,65.45,1.654,0,DRIFT,0.476,0.217,0.763,132.3,lissajous
736379.1908,21.7558,194.99,214.30,244.65,562.68,613.57,182.34,142.16,-20.19,138.84,140.30,73.23,1.850,0,SMOOTH_PURSUIT,0.229,0.850,0.777,132.3,lissajous
736379.2076,21.7727,199.74,224.22,281.25,587.40,651.26,180.21,145.80,-126.47,215.36,249.75,80.81,2.042,0,SMOOTH_PURSUIT,0.383,0.559,0.789,132.3,lissajous
736379.2240,21.7891,204.93,234.21,316.53,609.37,686.67,181.87,157.66,101.40,723.15,730.23,79.95,2.020,0,BLINK,1.063,0.943,0.793,148.9,lissajous
736379.2408,21.8059,210.81,244.76,351.46,630.06,721.46,182.79,162.07,54.69,263.52,269.14,87.30,2.206,0,BLINK,0.373,0.954,0.807,148.8,lissajous
736379.2575,21.8226,217.29,255.63,386.17,649.01,755.21,183.16,168.57,22.27,387.60,388.24,93.51,2.362,0,BLINK,0.514,0.887,0.816,148.8,lissajous
736379.2753,21.8404,224.77,267.47,421.59,666.99,789.06,183.10,176.04,-3.59,421.15,421.17,100.48,2.538,0,BLINK,0.534,0.841,0.824,148.9,lissajous
736379.2924,21.8574,232.56,279.12,456.26,682.46,820.93,184.23,181.56,66.32,322.88,329.62,108.88,2.750,0,BLINK,0.402,0.926,0.834,165.4,lissajous
736379.3096,21.8747,241.00,291.11,489.94,696.02,851.16,188.09,191.16,224.27,557.59,601.00,113.09,2.857,0,BLINK,0.706,0.973,0.841,165.5,lissajous
736379.3270,21.8920,250.10,303.42,523.89,708.57,881.21,191.81,198.39,214.26,415.95,467.89,120.12,3.034,0,BLINK,0.531,0.987,0.846,165.6,lissajous
736379.3429,21.9080,258.95,314.87,554.82,717.24,906.78,193.37,207.63,97.67,579.02,587.20,125.70,3.175,0,BLINK,0.648,0.882,0.849,165.6,lissajous
736379.3594,21.9245,268.59,326.81,584.66,724.41,930.91,196.01,216.29,160.28,525.76,549.65,132.21,3.340,0,SMOOTH_PURSUIT,0.590,0.927,0.855,165.5,lissajous
736379.3761,21.9412,278.87,339.02,615.13,730.63,955.09,200.88,229.86,291.40,811.55,862.28,134.16,3.389,0,SACCADE,0.903,0.938,0.854,165.6,lissajous
736379.3927,21.9578,289.54,351.18,643.71,733.50,975.91,205.67,237.52,288.70,462.16,544.92,141.25,3.568,0,SMOOTH_PURSUIT,0.558,0.987,0.856,182.1,lissajous
736379.4095,21.9745,300.87,363.57,675.36,738.58,1000.80,212.90,254.00,431.12,982.45,1072.88,140.51,3.549,0,SACCADE,1.072,0.947,0.852,165.6,lissajous
736379.4262,21.9913,312.51,375.79,695.69,730.36,1008.66,221.29,263.44,501.21,564.00,754.52,144.72,3.655,0,SACCADE,0.748,0.999,0.853,182.2,lissajous
736379.4427,22.0078,324.52,387.90,726.24,732.24,1031.31,225.24,272.72,238.73,561.72,610.35,152.06,3.840,0,SMOOTH_PURSUIT,0.592,0.929,0.857,165.6,lissajous
736379.4598,22.0249,337.38,400.34,751.42,727.11,1045.62,238.12,284.95,752.35,714.33,1037.45,152.21,3.844,0,SACCADE,0.992,1.000,0.855,182.2,lissajous
736379.4763,22.0414,350.17,412.22,776.07,720.50,1058.96,247.77,296.41,585.57,695.39,909.10,154.59,3.904,0,SACCADE,0.858,0.992,0.853,165.6,lissajous
736379.4931,22.0582,363.61,424.18,799.53,712.03,1070.62,254.60,307.05,406.54,632.84,752.17,160.01,4.041,0,SACCADE,0.703,0.963,0.851,182.3,lissajous
736379.5100,22.0750,377.45,435.99,822.10,701.45,1080.69,262.40,317.40,463.37,615.03,770.05,165.23,4.173,0,SACCADE,0.713,0.976,0.853,182.3,lissajous
736379.5259,22.0910,390.87,446.97,842.69,689.01,1088.51,275.02,333.84,792.52,1032.31,1301.44,161.92,4.089,0,SACCADE,1.196,0.974,0.849,165.7,lissajous
736379.5420,22.1071,404.77,457.86,861.88,675.16,1094.84,280.42,346.47,334.45,782.93,851.38,166.95,4.216,0,SACCADE,0.778,0.876,0.847,165.7,lissajous
736379.5583,22.1233,419.06,468.56,880.15,659.44,1099.78,297.32,359.75,1040.79,817.59,1323.52,163.29,4.124,0,SACCADE,1.203,1.000,0.846,165.7,lissajous
736379.5754,22.1404,434.43,479.54,898.30,641.82,1104.03,304.22,369.88,403.81,592.49,717.01,170.23,4.299,0,SACCADE,0.649,0.939,0.842,182.3,lissajous
736379.5924,22.1575,450.01,490.13,915.12,621.58,1106.25,319.52,387.37,898.38,1027.31,1364.72,166.09,4.195,0,SACCADE,1.234,0.968,0.842,165.7,lissajous
736379.6090,22.1741,465.47,500.09,931.06,600.31,1107.81,336.40,395.90,1016.87,513.83,1139.32,165.87,4.189,0,SACCADE,1.028,0.995,0.839,165.7,lissajous
736379.6258,22.1908,481.30,509.76,944.37,576.76,1106.57,344.96,401.55,510.33,336.79,611.45,174.07,4.396,0,SMOOTH_PURSUIT,0.553,0.999,0.830,165.7,lissajous
736379.6415,22.2066,496.38,518.47,957.35,553.06,1105.62,357.68,416.33,807.77,938.39,1238.17,172.25,4.350,0,SACCADE,1.120,0.944,0.831,165.7,lissajous
736379.6583,22.2234,512.68,527.35,968.58,527.52,1102.92,370.29,426.14,749.44,582.86,949.42,174.69,4.412,0,SACCADE,0.861,0.987,0.833,165.7,lissajous
736379.6747,22.2398,528.70,535.53,978.78,500.11,1099.14,385.19,440.54,910.29,879.97,1266.09,172.10,4.346,0,SACCADE,1.152,0.956,0.833,165.7,lissajous
736379.6904,22.2555,544.21,542.96,987.39,472.32,1094.54,400.52,449.29,975.68,557.05,1123.50,171.52,4.332,0,SACCADE,1.026,0.997,0.836,165.7,lissajous
736379.7077,22.2728,561.45,550.62,994.82,442.38,1088.75,408.53,461.85,462.11,724.96,859.72,176.82,4.465,0,SACCADE,0.790,0.834,0.831,149.1,lissajous
736379.7238,22.2889,577.52,557.22,1001.49,411.15,1082.60,430.15,473.71,1347.41,738.81,1536.67,169.38,4.278,0,SACCADE,1.419,0.994,0.832,165.7,lissajous
736379.7403,22.3054,594.17,563.50,1006.28,379.37,1075.41,440.31,480.24,613.52,395.06,729.71,174.94,4.418,0,SACCADE,0.679,0.978,0.827,182.3,lissajous
736379.7575,22.3226,611.49,569.42,1009.94,345.51,1067.40,457.45,489.06,999.70,513.90,1124.05,173.74,4.388,0,SACCADE,1.053,0.989,0.831,165.7,lissajous
736379.7741,22.3392,628.33,574.59,1013.18,310.90,1059.81,477.07,505.67,1180.68,999.57,1546.98,166.22,4.198,0,SACCADE,1.460,0.919,0.834,165.7,lissajous
736379.7896,22.3547,644.02,578.87,1012.29,276.38,1049.35,493.99,506.83,1091.54,74.85,1094.10,166.43,4.203,0,SACCADE,1.043,0.980,0.839,165.7,lissajous
736379.8063,22.3714,660.92,582.91,1012.86,241.87,1041.34,502.60,520.91,516.10,844.13,989.40,170.02,4.294,0,SACCADE,0.950,0.706,0.839,165.7,lissajous
736379.8233,22.3884,678.14,586.40,1012.08,204.98,1032.63,519.28,533.96,980.32,766.86,1244.64,167.29,4.225,0,SACCADE,1.205,0.894,0.841,165.7,lissajous
736379.8405,22.4056,695.48,589.26,1007.20,166.43,1020.86,534.53,536.72,885.91,159.98,900.24,169.31,4.276,0,SACCADE,0.882,1.000,0.838,165.7,lissajous
736379.8569,22.4219,711.88,591.36,1003.52,128.64,1011.73,549.64,547.04,924.36,631.95,1119.73,168.18,4.247,0,SACCADE,1.107,0.891,0.841,165.6,lissajous
736379.8739,22.4390,728.90,592.91,997.83,90.53,1001.93,564.21,548.59,854.13,90.55,858.92,170.55,4.307,0,SACCADE,0.857,1.000,0.843,165.7,lissajous
736379.8909,22.4559,745.68,593.78,990.47,51.44,991.80,587.67,556.84,1384.15,486.83,1467.27,162.28,4.098,0,SACCADE,1.479,0.959,0.843,165.6,lissajous
736379.9071,22.4722,761.66,593.99,981.46,13.12,981.55,602.96,565.19,939.54,513.37,1070.64,161.29,4.073,0,SACCADE,1.091,0.884,0.847,165.7,lissajous
736379.9237,22.4888,777.80,593.58,972.49,-24.82,972.81,622.85,566.51,1198.83,79.50,1201.46,157.29,3.972,0,SACCADE,1.235,0.996,0.851,182.2,lissajous
736379.9412,22.5062,794.54,592.47,961.23,-64.04,963.36,637.00,578.65,812.08,696.34,1069.75,158.15,3.994,0,SACCADE,1.110,0.714,0.855,165.7,lissajous
736379.9566,22.5217,809.22,590.89,948.56,-101.75,954.00,653.46,577.96,1063.31,-44.48,1064.24,156.30,3.948,0,SACCADE,1.116,0.998,0.854,165.6,lissajous
736379.9733,22.5384,824.82,588.58,935.81,-138.43,945.99,670.82,584.77,1041.87,408.62,1119.13,154.05,3.891,0,SACCADE,1.183,0.868,0.858,182.2,lissajous
736379.9902,22.5553,840.35,585.61,920.35,-176.17,937.06,691.28,586.05,1212.57,76.24,1214.97,149.07,3.765,0,SACCADE,1.297,0.968,0.860,165.7,lissajous
736380.0066,22.5717,855.23,582.10,904.56,-213.34,929.38,705.92,584.15,889.58,-115.69,897.07,149.33,3.772,0,SACCADE,0.965,0.995,0.859,165.7,lissajous
736380.0232,22.5883,869.93,577.97,887.19,-249.48,921.60,723.20,586.85,1043.31,163.24,1056.01,147.00,3.713,0,SACCADE,1.146,0.909,0.862,182.3,lissajous
736380.0387,22.6038,883.41,573.56,869.19,-283.92,914.38,738.53,590.85,988.19,257.50,1021.19,145.91,3.685,0,SACCADE,1.117,0.842,0.863,182.3,lissajous
736380.0555,22.6206,897.67,568.23,850.18,-317.91,907.67,758.55,594.40,1193.51,212.00,1212.19,141.56,3.576,0,SACCADE,1.335,0.861,0.864,165.7,lissajous
736380.0726,22.6377,911.88,562.19,829.43,-352.89,901.38,769.26,598.49,625.33,238.21,669.17,147.17,3.717,0,SACCADE,0.742,0.721,0.860,165.7,lissajous
736380.0892,22.6543,925.28,555.77,806.97,-386.42,894.72,785.12,592.03,955.15,-388.70,1031.21,144.77,3.657,0,SACCADE,1.153,0.998,0.857,182.2,lissajous
736380.1057,22.6708,938.24,548.85,784.14,-418.42,888.79,800.53,592.08,932.14,2.93,932.14,144.34,3.646,0,SACCADE,1.049,0.881,0.858,182.2,lissajous
736380.1220,22.6871,950.61,541.55,760.66,-449.07,883.33,815.93,589.38,947.39,-166.23,961.87,142.92,3.610,0,SACCADE,1.089,0.936,0.860,165.6,lissajous
736380.1381,22.7032,962.48,533.84,736.24,-478.03,877.82,827.35,586.50,707.93,-178.38,730.06,145.03,3.663,0,SACCADE,0.832,0.946,0.855,165.6,lissajous
736380.1540,22.7191,973.80,525.80,711.79,-505.89,873.25,847.89,584.43,1291.76,-130.26,1298.31,138.89,3.508,0,SACCADE,1.487,0.869,0.854,182.1,lissajous
736380.1697,22.7348,984.52,517.49,685.52,-531.11,867.19,865.26,580.69,1110.33,-239.13,1135.79,134.98,3.409,0,SACCADE,1.310,0.902,0.858,182.1,lissajous
736380.1872,22.7523,996.09,507.70,659.24,-558.03,863.71,873.58,579.35,474.18,-75.96,480.22,141.93,3.585,0,SMOOTH_PURSUIT,0.556,0.856,0.854,165.6,lissajous
736380.2038,22.7688,1006.47,498.09,627.60,-580.84,855.14,893.12,573.92,1181.74,-328.82,1226.64,136.37,3.445,0,SACCADE,1.434,0.889,0.852,165.5,lissajous
736380.2205,22.7856,1016.52,487.95,599.43,-604.73,851.48,907.40,567.59,851.60,-377.27,931.43,135.09,3.412,0,SACCADE,1.094,0.931,0.848,165.5,lissajous
736380.2375,22.8026,1026.15,477.35,568.35,-625.58,845.21,921.99,559.50,861.32,-477.47,984.81,132.65,3.351,0,SACCADE,1.165,0.947,0.849,182.1,lissajous
736380.2543,22.8194,1035.19,466.49,537.32,-645.70,840.03,931.88,553.72,587.71,-343.86,680.91,135.21,3.415,0,SACCADE,0.811,0.940,0.853,165.6,lissajous
736380.2719,22.8370,1044.07,454.81,504.21,-663.52,833.36,942.87,547.98,624.41,-325.88,704.33,137.55,3.474,0,SACCADE,0.845,0.905,0.850,165.6,lissajous
736380.2878,22.8529,1051.58,443.99,471.42,-679.20,826.77,953.97,540.72,696.42,-455.97,832.41,137.42,3.471,0,SACCADE,1.007,0.927,0.850,182.1,lissajous
736380.3036,22.8687,1058.52,433.07,439.76,-692.17,820.05,967.58,533.22,862.71,-474.95,984.81,135.28,3.417,0,SACCADE,1.201,0.877,0.852,165.5,lissajous
736380.3199,22.8849,1065.14,421.63,407.65,-704.19,813.68,979.57,520.85,737.95,-761.33,1060.28,131.03,3.310,0,SACCADE,1.303,0.970,0.851,182.0,lissajous
736380.3363,22.9014,1071.30,409.86,373.73,-713.64,805.58,987.24,510.31,465.45,-639.54,790.98,130.98,3.308,0,SACCADE,0.982,0.989,0.851,165.5,lissajous
736380.3534,22.9185,1077.10,397.51,338.93,-722.34,797.90,996.56,501.26,544.76,-529.15,759.45,131.34,3.318,0,SACCADE,0.952,0.935,0.849,182.1,lissajous
736380.3698,22.9348,1082.05,385.62,303.81,-729.08,789.84,1016.71,492.60,1235.28,-531.02,1344.59,125.36,3.167,0,SACCADE,1.702,0.718,0.845,165.5,lissajous
736380.3868,22.9519,1086.62,373.12,267.53,-731.76,779.13,1022.00,484.36,309.84,-482.26,573.22,128.65,3.250,0,SMOOTH_PURSUIT,0.736,0.976,0.846,182.1,lissajous
736380.4035,22.9686,1090.48,360.86,231.26,-734.42,769.97,1033.39,472.72,682.66,-697.19,975.76,125.59,3.172,0,SACCADE,1.267,0.892,0.848,182.2,lissajous
736380.4199,22.9850,1093.68,348.84,195.46,-735.18,760.71,1039.65,459.56,382.47,-805.50,891.70,123.20,3.112,0,SACCADE,1.172,0.983,0.847,165.6,lissajous
736380.4358,23.0009,1096.23,337.16,159.98,-733.19,750.44,1047.31,451.58,481.07,-500.73,694.37,124.44,3.143,0,SACCADE,0.925,0.852,0.847,182.2,lissajous
736380.4522,23.0173,1098.26,325.22,124.31,-729.31,739.83,1052.47,442.34,315.34,-564.35,646.48,125.75,3.176,0,SMOOTH_PURSUIT,0.874,0.943,0.849,182.2,lissajous
736380.4680,23.0331,1099.66,313.78,88.69,-724.02,729.43,1055.34,426.01,181.46,-1033.31,1049.12,120.67,3.048,0,SACCADE,1.438,0.999,0.849,182.1,lissajous
736380.4847,23.0498,1100.54,301.78,52.50,-716.51,718.43,1064.55,411.00,549.83,-895.88,1051.15,115.00,2.905,0,SACCADE,1.463,0.888,0.850,182.2,lissajous
736380.5006,23.0656,1100.80,290.58,16.23,-707.23,707.41,1069.94,406.25,340.34,-300.16,453.79,119.72,3.024,0,SMOOTH_PURSUIT,0.641,0.678,0.846,165.6,lissajous
736380.5172,23.0822,1100.47,279.03,-19.89,-695.79,696.08,1078.37,390.44,507.98,-952.64,1079.61,113.58,2.869,0,SACCADE,1.551,0.869,0.846,182.2,lissajous
736380.5332,23.0983,1099.57,268.08,-56.24,-683.21,685.52,1081.04,384.79,166.58,-352.40,389.79,118.17,2.985,0,SMOOTH_PURSUIT,0.569,0.866,0.842,165.7,lissajous
736380.5488,23.1139,1098.14,257.65,-91.34,-668.47,674.69,1085.63,372.71,294.10,-774.03,828.02,115.74,2.924,0,SACCADE,1.227,0.878,0.844,165.6,lissajous
736380.5658,23.1309,1095.98,246.56,-127.48,-652.18,664.52,1092.57,354.62,408.14,-1064.15,1139.74,108.11,2.731,0,SACCADE,1.715,0.848,0.841,182.1,lissajous
736380.5820,23.1471,1093.31,236.28,-164.11,-633.59,654.50,1093.24,344.79,41.25,-605.89,607.29,108.51,2.741,0,SMOOTH_PURSUIT,0.928,0.949,0.843,165.5,lissajous
736380.5978,23.1629,1090.17,226.59,-199.29,-614.37,645.88,1094.95,330.54,108.53,-903.12,909.62,104.06,2.629,0,SACCADE,1.408,0.908,0.848,182.1,lissajous
736380.6143,23.1793,1086.31,216.83,-234.18,-592.58,637.17,1094.76,321.06,-11.48,-575.63,575.74,104.57,2.642,0,SMOOTH_PURSUIT,0.904,0.937,0.848,165.5,lissajous
736380.6313,23.1964,1081.70,207.12,-270.54,-569.36,630.37,1103.32,308.16,501.80,-756.89,908.13,103.32,2.610,0,SACCADE,1.441,0.516,0.842,149.0,lissajous
736380.6486,23.2137,1076.39,197.74,-307.10,-543.21,624.01,1099.04,299.68,-247.70,-490.32,549.34,104.43,2.638,0,SMOOTH_PURSUIT,0.880,0.999,0.836,165.6,lissajous
736380.6654,23.2305,1070.63,189.07,-343.10,-516.03,619.68,1096.54,284.93,-148.68,-878.41,890.91,99.30,2.509,0,SACCADE,1.438,0.913,0.832,165.7,lissajous
736380.6833,23.2484,1063.84,180.35,-379.44,-487.00,617.36,1097.74,276.66,67.07,-461.87,466.71,102.10,2.579,0,SMOOTH_PURSUIT,0.756,0.692,0.828,149.2,lissajous
736380.7008,23.2659,1056.57,172.39,-415.11,-454.93,615.86,1092.89,262.70,-276.97,-798.04,844.74,97.34,2.459,0,SACCADE,1.372,0.919,0.809,165.8,lissajous
736380.7172,23.2823,1049.18,165.42,-449.59,-423.88,617.91,1098.75,252.23,355.97,-636.31,729.11,99.97,2.525,0,SACCADE,1.180,0.243,0.805,149.3,lissajous
736380.7342,23.2993,1040.99,158.77,-483.03,-392.14,622.17,1097.47,240.23,-75.64,-708.06,712.09,99.12,2.504,0,SACCADE,1.145,0.709,0.800,149.3,lissajous
736380.7503,23.3154,1032.69,152.98,-514.76,-359.01,627.59,1093.42,235.83,-250.59,-273.06,370.62,102.72,2.595,0,SMOOTH_PURSUIT,0.591,0.976,0.792,149.3,lissajous
736380.7673,23.3324,1023.42,147.46,-546.14,-325.16,635.60,1088.43,222.26,-293.94,-799.05,851.40,99.11,2.504,0,SACCADE,1.340,0.777,0.786,149.3,lissajous
736380.7834,23.3485,1014.13,142.79,-576.94,-290.57,645.98,1085.88,212.65,-158.38,-597.06,617.71,100.15,2.530,0,SMOOTH_PURSUIT,0.956,0.664,0.791,165.8,lissajous
736380.8006,23.3657,1003.70,138.41,-606.96,-254.85,658.30,1081.85,203.16,-234.93,-551.96,599.87,101.49,2.564,0,SMOOTH_PURSUIT,0.911,0.717,0.792,165.8,lissajous
736380.8171,23.3822,993.16,134.80,-636.37,-217.89,672.64,1077.97,195.11,-234.39,-486.33,539.87,104.06,2.629,0,SMOOTH_PURSUIT,0.803,0.703,0.792,149.2,lissajous
736380.8336,23.3986,982.24,131.82,-664.83,-181.35,689.12,1074.72,187.68,-197.59,-452.16,493.45,108.04,2.729,0,SMOOTH_PURSUIT,0.716,0.627,0.793,165.8,lissajous
736380.8505,23.4156,970.52,129.38,-692.63,-143.83,707.41,1066.94,177.40,-459.75,-608.05,762.30,107.71,2.721,0,SACCADE,1.078,0.753,0.796,149.3,lissajous
736380.8675,23.4326,958.25,127.59,-719.47,-105.11,727.11,1053.04,170.87,-814.64,-382.66,900.04,104.21,2.632,0,SACCADE,1.238,0.957,0.791,149.3,lissajous
736380.8843,23.4494,945.72,126.48,-745.68,-66.30,748.62,1047.72,160.71,-316.96,-604.43,682.49,107.59,2.718,0,SACCADE,0.912,0.541,0.789,149.3,lissajous
736380.9016,23.4667,932.42,126.01,-770.93,-27.07,771.41,1040.98,158.76,-390.57,-113.01,406.59,113.39,2.864,0,SMOOTH_PURSUIT,0.527,0.970,0.793,182.6,lissajous
736380.9179,23.4830,919.46,126.20,-794.53,11.69,794.61,1027.93,154.66,-800.13,-251.63,838.77,112.14,2.833,0,SACCADE,1.056,0.949,0.797,165.9,lissajous
736380.9342,23.4993,906.17,127.00,-816.40,49.27,817.89,1015.43,146.87,-767.77,-478.22,904.53,111.05,2.805,0,SACCADE,1.106,0.815,0.801,165.9,lissajous
736380.9502,23.5153,892.74,128.39,-837.49,86.43,841.93,1006.04,139.47,-585.99,-461.58,745.95,113.83,2.875,0,SACCADE,0.886,0.718,0.802,165.9,lissajous
736380.9680,23.5331,877.45,130.62,-857.86,125.09,866.94,1000.85,135.67,-290.97,-213.20,360.72,123.50,3.120,0,SMOOTH_PURSUIT,0.416,0.713,0.804,182.6,lissajous
736380.9839,23.5490,863.54,133.21,-876.93,163.16,891.98,991.34,133.54,-599.31,-134.29,614.17,127.80,3.228,0,SMOOTH_PURSUIT,0.689,0.919,0.812,165.9,lissajous
736381.0010,23.5661,848.24,136.63,-895.63,200.20,917.73,977.72,130.60,-797.18,-171.96,815.52,129.63,3.274,0,SACCADE,0.889,0.908,0.810,165.9,lissajous
736381.0176,23.5827,833.11,140.56,-912.11,237.20,942.45,965.77,128.54,-720.78,-124.41,731.44,133.20,3.365,0,SACCADE,0.776,0.911,0.815,165.9,lissajous
736381.0352,23.6003,816.73,145.40,-929.79,274.76,969.54,956.59,127.08,-521.15,-83.17,527.74,141.05,3.563,0,SMOOTH_PURSUIT,0.544,0.902,0.820,182.5,lissajous
736381.0512,23.6163,801.67,150.35,-940.17,309.12,989.69,940.96,127.92,-975.50,52.82,976.93,141.08,3.563,0,SACCADE,0.987,0.965,0.823,182.5,lissajous
736381.0683,23.6334,785.32,156.24,-955.51,344.13,1015.59,929.19,126.66,-687.83,-74.06,691.80,146.88,3.710,0,SACCADE,0.681,0.899,0.824,182.5,lissajous
736381.0854,23.6505,768.83,162.69,-967.20,378.35,1038.57,919.26,127.86,-582.11,70.70,586.39,154.42,3.900,0,SMOOTH_PURSUIT,0.565,0.968,0.821,182.6,lissajous
736381.1030,23.6681,751.60,169.95,-978.51,412.30,1061.83,903.81,129.79,-877.60,109.50,884.41,157.42,3.976,0,SACCADE,0.833,0.963,0.818,166.0,lissajous
736381.1190,23.6841,735.68,177.11,-990.89,445.44,1086.41,884.50,126.11,-1201.96,-228.80,1223.54,157.32,3.973,0,SACCADE,1.126,0.819,0.813,182.6,lissajous
736381.1352,23.7003,719.69,184.71,-991.01,471.09,1097.28,870.71,131.32,-855.15,322.65,913.99,160.17,4.045,0,SACCADE,0.833,0.997,0.812,166.0,lissajous
736381.1510,23.7161,703.87,192.62,-1001.13,500.56,1119.30,858.14,135.21,-794.94,246.08,832.16,164.61,4.157,0,SACCADE,0.743,0.987,0.805,165.9,lissajous
736381.1668,23.7318,688.00,200.93,-1005.67,526.48,1135.15,838.48,138.70,-1245.65,221.48,1265.19,162.84,4.113,0,SACCADE,1.115,0.953,0.807,182.5,lissajous
736381.1835,23.7486,671.10,210.17,-1009.87,552.22,1150.99,819.80,140.74,-1116.76,121.92,1123.40,164.11,4.144,0,SACCADE,0.976,0.924,0.804,165.9,lissajous
736381.2003,23.7654,654.03,219.90,-1013.88,577.91,1167.02,805.32,143.43,-859.77,159.31,874.41,169.52,4.281,0,SACCADE,0.749,0.944,0.798,166.0,lissajous
736381.2177,23.7828,636.49,230.30,-1011.52,599.48,1175.82,793.26,147.86,-695.72,255.94,741.30,177.12,4.473,0,SACCADE,0.630,0.983,0.790,149.4,lissajous
736381.2345,23.7995,619.49,240.74,-1012.87,622.28,1188.75,776.79,154.08,-981.34,370.48,1048.95,179.59,4.535,0,SACCADE,0.882,0.982,0.780,149.4,lissajous
736381.2513,23.8164,602.44,251.56,-1011.18,642.05,1197.80,758.79,160.53,-1067.40,382.41,1133.83,180.92,4.569,0,SACCADE,0.947,0.976,0.774,166.1,lissajous
736381.2681,23.8331,585.57,262.61,-1008.31,660.14,1205.19,742.30,171.17,-985.92,636.10,1173.31,181.45,4.582,0,SACCADE,0.974,1.000,0.771,149.5,lissajous
736381.2842,23.8493,569.35,273.53,-1003.88,675.89,1210.21,727.96,178.74,-886.85,468.56,1003.02,184.78,4.666,0,SACCADE,0.829,0.994,0.766,149.4,lissajous
736381.3019,23.8669,551.75,285.70,-997.77,690.04,1213.14,712.95,190.09,-850.93,643.48,1066.84,187.43,4.733,0,SACCADE,0.879,0.999,0.763,166.1,lissajous
736381.3176,23.8826,536.17,296.75,-991.48,702.88,1215.35,697.12,195.83,-1007.83,365.29,1071.99,189.97,4.797,0,SACCADE,0.882,0.964,0.761,149.5,lissajous
736381.3341,23.8992,519.87,308.56,-983.10,712.75,1214.29,679.76,205.08,-1047.44,557.73,1186.68,190.45,4.809,0,SACCADE,0.977,0.990,0.755,149.5,lissajous
736381.3507,23.9157,503.80,320.47,-973.04,720.83,1210.95,661.63,213.77,-1096.90,525.76,1216.39,190.52,4.811,0,SACCADE,1.004,0.982,0.750,149.5,lissajous
736381.3670,23.9321,488.08,332.35,-962.56,727.49,1206.55,645.51,225.54,-987.19,721.06,1222.49,190.25,4.804,0,SACCADE,1.013,1.000,0.746,166.1,lissajous
736381.3825,23.9476,473.34,343.69,-950.34,731.45,1199.24,625.01,237.83,-1322.45,792.77,1541.87,184.96,4.671,0,SACCADE,1.286,0.993,0.752,149.4,lissajous
736381.3991,23.9641,457.82,355.85,-937.81,734.29,1191.08,613.64,247.63,-686.83,591.68,906.54,189.72,4.791,0,SACCADE,0.761,0.999,0.746,132.9,lissajous
736381.4161,23.9812,442.09,368.37,-923.37,735.26,1180.34,592.52,255.24,-1239.57,446.96,1317.69,188.23,4.753,0,SACCADE,1.116,0.947,0.748,149.5,lissajous
736381.4322,23.9973,427.49,380.18,-906.86,733.38,1166.29,572.91,266.34,-1218.01,689.32,1399.54,184.69,4.664,0,SACCADE,1.200,0.986,0.749,149.5,lissajous
736381.4482,24.0132,413.26,391.85,-891.23,730.88,1152.60,561.33,281.86,-725.72,971.84,1212.91,184.45,4.658,0,SACCADE,1.052,0.971,0.756,166.1,lissajous
736381.4638,24.0289,399.58,403.21,-873.22,725.37,1135.20,549.78,289.30,-737.20,475.19,877.08,188.51,4.760,0,SACCADE,0.773,0.993,0.752,149.5,lissajous
736381.4800,24.0451,385.72,414.86,-854.58,718.46,1116.47,529.97,304.28,-1221.56,923.68,1531.47,181.76,4.590,0,SACCADE,1.372,0.999,0.755,149.4,lissajous
736381.4967,24.0618,371.83,426.68,-834.80,709.91,1095.84,512.06,316.51,-1076.49,735.47,1303.74,178.32,4.503,0,SACCADE,1.190,0.994,0.756,132.8,lissajous
736381.5133,24.0784,358.32,438.29,-813.07,698.83,1072.12,497.87,322.11,-853.56,336.40,917.46,181.59,4.586,0,SACCADE,0.856,0.945,0.754,149.4,lissajous
736381.5299,24.0949,345.22,449.66,-790.58,686.11,1046.78,480.89,339.76,-1025.42,1065.42,1478.71,174.59,4.409,0,SACCADE,1.413,0.996,0.756,149.3,lissajous
736381.5468,24.1119,332.24,461.03,-766.53,671.14,1018.82,462.78,352.11,-1068.88,729.37,1294.02,170.01,4.293,0,SACCADE,1.270,0.993,0.766,166.0,lissajous
736381.5629,24.1280,320.28,471.57,-742.23,654.94,989.88,453.58,361.06,-571.47,555.68,797.10,173.15,4.373,0,SACCADE,0.805,0.999,0.762,149.4,lissajous
736381.5794,24.1444,308.47,482.06,-717.35,637.26,959.52,437.71,372.99,-963.91,724.91,1206.08,169.11,4.271,0,SACCADE,1.257,0.997,0.766,149.3,lissajous
736381.5967,24.1618,296.52,492.75,-689.34,616.08,924.52,421.98,387.98,-906.92,864.57,1252.99,163.45,4.128,0,SACCADE,1.355,0.999,0.769,166.0,lissajous
736381.6137,24.1788,285.25,502.87,-661.25,593.98,888.86,402.71,392.62,-1130.83,272.17,1163.12,161.09,4.068,0,SACCADE,1.309,0.880,0.772,149.3,lissajous
736381.6307,24.1958,274.55,512.52,-632.48,570.37,851.68,387.21,409.13,-915.75,974.89,1337.54,152.92,3.862,0,SACCADE,1.570,0.997,0.781,166.0,lissajous
736381.6469,24.2119,264.79,521.35,-602.42,544.73,812.18,379.36,422.32,-484.83,814.88,948.20,151.43,3.825,0,SACCADE,1.167,0.956,0.788,166.0,lissajous
736381.6633,24.2284,255.35,529.89,-573.23,519.13,773.36,364.55,432.78,-899.11,634.80,1100.62,146.14,3.691,0,SACCADE,1.423,0.993,0.794,182.6,lissajous
736381.6807,24.2458,245.94,538.42,-541.82,490.81,731.07,353.85,440.11,-615.83,422.14,746.63,145.98,3.687,0,SACCADE,1.021,0.991,0.794,166.1,lissajous
736381.6977,24.2628,237.27,546.26,-508.85,460.35,686.18,331.47,452.73,-1313.14,740.77,1507.67,132.75,3.353,0,SACCADE,2.197,0.976,0.795,182.8,lissajous
736381.7154,24.2805,228.89,553.82,-475.14,428.53,639.84,327.37,466.35,-232.82,772.36,806.69,131.72,3.327,0,SACCADE,1.261,0.856,0.792,166.1,lissajous
736381.7322,24.2973,221.46,560.49,-440.89,395.58,592.34,315.49,476.33,-704.33,592.10,920.14,126.19,3.188,0,SACCADE,1.553,0.999,0.794,166.2,lissajous
736381.7499,24.3149,214.29,566.87,-406.75,362.14,544.60,306.95,485.46,-484.60,517.90,709.27,123.35,3.116,0,SACCADE,1.302,0.996,0.796,166.3,lissajous
736381.7670,24.3321,207.97,572.44,-369.35,325.23,492.13,288.77,502.28,-1062.85,983.22,1447.89,107.01,2.703,0,SACCADE,2.942,1.000,0.787,166.3,lissajous
736381.7839,24.3489,202.32,577.34,-334.71,290.38,443.11,276.45,512.99,-729.63,633.97,966.58,98.17,2.480,0,SACCADE,2.181,1.000,0.782,182.9,lissajous
736381.8007,24.3657,197.29,581.62,-299.19,254.36,392.70,271.37,521.54,-302.25,509.00,591.98,95.38,2.409,0,SMOOTH_PURSUIT,1.507,0.946,0.774,183.0,lissajous
736381.8172,24.3823,192.94,585.21,-263.38,217.81,341.78,256.84,525.93,-879.42,265.61,918.66,87.17,2.202,0,SACCADE,2.688,0.922,0.763,166.3,lissajous
736381.8339,24.3990,189.13,588.24,-228.04,181.34,291.36,257.13,538.66,17.27,762.76,762.95,84.15,2.126,0,SACCADE,2.619,0.605,0.751,166.3,lissajous
736381.8510,24.4160,185.89,590.67,-190.11,142.45,237.56,240.06,541.64,-999.72,174.61,1014.86,73.07,1.846,0,SACCADE,4.272,0.892,0.732,149.7,lissajous
736381.8675,24.4326,183.34,592.41,-153.83,104.66,186.06,236.72,554.17,-201.17,756.37,782.67,65.67,1.659,0,SACCADE,4.207,0.756,0.716,166.3,lissajous
736381.8836,24.4487,181.45,593.49,-117.65,67.15,135.46,229.66,559.70,-439.97,344.26,558.65,58.87,1.487,0,SMOOTH_PURSUIT,4.124,0.989,0.701,166.2,lissajous
736381.9003,24.4653,180.09,593.98,-81.46,29.49,86.64,215.40,557.52,-854.47,-130.83,864.43,50.76,1.282,0,SACCADE,9.978,0.878,0.682,149.6,lissajous
736381.9166,24.4817,179.36,593.84,-44.67,-8.67,45.51,212.79,565.57,-159.53,492.16,517.37,43.78,1.106,0,DRIFT,11.369,0.122,0.666,133.0,lissajous
736381.9333,24.4983,179.23,593.06,-7.94,-46.69,47.36,205.14,571.05,-459.71,329.08,565.35,34.00,0.859,1,DRIFT,11.937,-0.438,0.648,116.4,lissajous
736381.9496,24.5147,179.70,591.67,28.85,-84.72,89.50,202.28,573.55,-174.69,152.84,232.11,28.96,0.732,1,DRIFT,2.593,-0.866,0.641,99.7,lissajous
736381.9660,24.5311,180.77,589.67,65.27,-122.09,138.44,200.95,580.12,-81.38,401.62,409.78,22.33,0.564,1,DRIFT,2.960,-0.958,0.635,83.1,lissajous
736381.9823,24.5474,182.42,587.08,101.51,-159.06,188.69,187.25,583.26,-840.38,192.53,862.15,6.15,0.155,1,SACCADE,4.569,-0.713,0.614,99.7,lissajous
736381.9987,24.5638,184.68,583.87,137.74,-195.78,239.37,192.99,584.98,350.19,104.85,365.55,8.39,0.212,1,DRIFT,1.527,0.317,0.616,83.1,lissajous
736382.0149,24.5800,187.50,580.11,173.64,-231.80,289.62,187.31,586.32,-350.41,82.38,359.96,6.21,0.157,1,DRIFT,1.243,-0.767,0.616,99.6,lissajous
736382.0316,24.5967,191.00,575.64,209.66,-267.54,339.90,183.51,587.50,-227.21,70.64,237.94,14.02,0.354,1,DRIFT,0.700,-0.823,0.630,99.6,lissajous
736382.0478,24.6129,194.97,570.75,245.36,-302.53,389.52,180.88,590.71,-163.08,198.26,256.71,24.43,0.617,1,DRIFT,0.659,-1.000,0.639,99.6,lissajous
736382.0650,24.6300,199.79,564.96,281.18,-337.13,439.00,180.45,594.22,-24.84,204.85,206.35,35.08,0.886,1,DRIFT,0.470,-0.839,0.652,99.6,lissajous
736382.0816,24.6467,205.07,558.78,317.29,-371.47,488.54,182.73,595.92,136.93,102.17,170.84,43.35,1.095,0,DRIFT,0.350,0.066,0.660,132.9,lissajous
736382.0984,24.6635,211.00,551.98,352.30,-404.08,536.09,179.39,591.01,-198.41,-292.18,353.18,50.22,1.269,0,DRIFT,0.659,0.254,0.680,116.3,lissajous
736382.1150,24.6801,217.42,544.75,387.16,-435.96,583.05,182.06,592.31,161.04,78.48,179.15,59.27,1.497,0,DRIFT,0.307,0.269,0.689,116.3,lissajous
736382.1310,24.6960,224.12,537.33,420.18,-465.38,627.00,182.89,590.83,51.89,-92.73,106.26,67.55,1.706,0,SMOOTH_PURSUIT,0.169,0.975,0.703,132.9,lissajous
736382.1472,24.7123,231.50,529.29,452.89,-493.90,670.10,185.78,587.14,177.65,-226.57,287.92,73.74,1.863,0,SMOOTH_PURSUIT,0.430,0.997,0.715,149.5,lissajous
736382.1644,24.7295,239.85,520.31,485.87,-521.75,712.95,189.35,583.38,207.46,-218.54,301.33,80.80,2.041,0,SMOOTH_PURSUIT,0.423,1.000,0.730,149.5,lissajous
736382.1812,24.7463,248.55,511.11,518.51,-548.39,754.71,190.50,580.34,68.62,-181.61,194.14,90.34,2.282,0,SMOOTH_PURSUIT,0.257,0.923,0.750,149.5,lissajous
736382.1980,24.7631,257.77,501.50,550.39,-573.53,794.90,192.28,578.83,106.35,-89.74,139.16,101.34,2.560,0,SMOOTH_PURSUIT,0.175,0.994,0.768,166.1,lissajous
736382.2139,24.7789,267.02,492.01,581.91,-597.72,834.20,195.24,574.93,185.89,-245.92,308.27,109.67,2.770,0,SMOOTH_PURSUIT,0.370,0.992,0.777,182.7,lissajous
736382.2300,24.7951,276.86,482.04,608.45,-616.18,865.96,197.21,567.60,121.90,-452.69,468.82,116.90,2.953,0,SMOOTH_PURSUIT,0.541,0.870,0.792,182.7,lissajous
736382.2466,24.8117,287.44,471.48,637.79,-636.50,901.06,204.70,560.41,451.36,-433.86,626.07,121.47,3.068,0,SMOOTH_PURSUIT,0.695,1.000,0.800,182.7,lissajous
736382.2630,24.8280,298.32,460.78,666.43,-655.18,934.55,209.22,551.34,276.79,-554.75,619.97,127.05,3.209,0,SMOOTH_PURSUIT,0.663,0.946,0.808,182.6,lissajous
736382.2787,24.8438,309.22,450.23,692.51,-670.74,964.09,222.12,545.80,820.70,-352.82,893.32,129.30,3.266,0,SACCADE,0.927,0.935,0.813,182.5,lissajous
736382.2953,24.8604,321.18,438.82,718.71,-685.44,993.16,227.91,535.55,347.91,-615.53,707.05,134.37,3.394,0,SACCADE,0.712,0.957,0.816,182.5,lissajous
736382.3121,24.8772,333.64,427.13,744.73,-698.68,1021.16,235.50,519.54,453.27,-956.88,1058.81,134.80,3.405,0,SACCADE,1.037,0.931,0.814,182.4,lissajous
736382.3278,24.8929,345.73,415.98,767.93,-708.67,1044.96,245.29,517.74,622.00,-113.89,632.34,142.98,3.611,0,SMOOTH_PURSUIT,0.605,0.845,0.815,182.4,lissajous
736382.3440,24.9091,358.56,404.34,791.52,-718.27,1068.84,255.38,506.56,622.67,-690.33,929.66,145.24,3.668,0,SACCADE,0.870,0.995,0.815,182.4,lissajous
736382.3601,24.9252,371.63,392.68,812.78,-724.70,1088.94,257.87,500.61,154.95,-369.82,400.97,156.80,3.960,0,SMOOTH_PURSUIT,0.368,0.902,0.808,182.4,lissajous
736382.3762,24.9412,385.02,380.96,834.00,-730.21,1108.50,267.97,490.03,628.67,-658.75,910.59,159.99,4.041,0,SACCADE,0.821,0.996,0.810,182.3,lissajous
736382.3928,24.9579,399.26,368.73,854.54,-733.89,1126.43,279.38,477.17,685.06,-771.80,1031.99,161.65,4.082,0,SACCADE,0.916,0.991,0.805,165.7,lissajous
736382.4091,24.9741,413.56,356.70,880.02,-740.57,1150.17,293.82,465.26,888.82,-733.01,1152.08,161.62,4.082,0,SACCADE,1.002,1.000,0.801,165.7,lissajous
736382.4249,24.9900,427.55,345.16,883.65,-728.46,1145.21,302.46,457.96,545.34,-460.86,714.00,168.44,4.254,0,SACCADE,0.623,1.000,0.795,198.8,lissajous
736382.4413,25.0064,442.48,333.11,908.05,-732.57,1166.71,316.64,444.70,862.26,-806.27,1180.49,168.19,4.248,0,SACCADE,1.012,0.997,0.797,182.2,lissajous
736382.4583,25.0234,458.11,320.79,923.52,-727.75,1175.80,327.05,434.97,614.99,-575.12,842.01,173.82,4.390,0,SACCADE,0.716,0.996,0.792,165.7,lissajous
736382.4752,25.0403,474.04,308.56,938.36,-721.15,1183.46,340.81,420.24,810.78,-867.76,1187.59,173.85,4.390,0,SACCADE,1.003,0.987,0.788,182.3,lissajous
736382.4918,25.0569,489.81,296.75,951.12,-712.12,1188.17,351.80,417.27,663.03,-179.32,686.85,183.23,4.627,0,SACCADE,0.578,0.929,0.781,165.7,lissajous
736382.5078,25.0728,505.22,285.52,966.32,-704.44,1195.83,358.70,398.70,432.48,-1164.73,1242.43,185.14,4.675,0,SACCADE,1.039,0.834,0.776,165.6,lissajous
736382.5236,25.0887,520.59,274.61,971.25,-688.87,1190.74,373.68,386.93,946.70,-743.55,1203.79,184.92,4.670,0,SACCADE,1.011,0.999,0.780,182.2,lissajous
736382.5410,25.1060,537.67,262.86,983.57,-676.83,1193.94,395.88,375.72,1278.39,-645.55,1432.13,181.22,4.576,0,SACCADE,1.199,0.991,0.780,165.7,lissajous
736382.5566,25.1217,553.17,252.53,992.11,-661.30,1192.30,410.54,363.42,938.60,-787.34,1225.10,180.66,4.562,0,SACCADE,1.028,0.994,0.779,182.2,lissajous
736382.5728,25.1378,569.31,242.12,997.80,-643.78,1187.46,419.56,347.58,557.18,-979.28,1126.69,183.16,4.625,0,SACCADE,0.949,0.887,0.781,165.6,lissajous
736382.5883,25.1533,584.88,232.41,1004.23,-626.02,1183.38,434.40,340.34,957.17,-467.08,1065.06,185.18,4.676,0,SACCADE,0.900,0.995,0.783,165.5,lissajous
736382.6053,25.1703,602.02,222.12,1007.95,-605.14,1175.65,453.39,333.15,1116.83,-422.77,1194.17,185.52,4.685,0,SACCADE,1.016,0.984,0.781,149.0,lissajous
736382.6215,25.1865,618.41,212.68,1011.67,-582.96,1167.61,466.89,316.61,833.53,-1021.25,1318.23,183.73,4.640,0,SACCADE,1.129,0.935,0.780,165.5,lissajous
736382.6380,25.2031,635.17,203.43,1012.57,-558.69,1156.47,478.34,307.25,691.83,-565.17,893.33,188.08,4.749,0,SACCADE,0.772,0.984,0.780,165.6,lissajous
736382.6547,25.2198,652.11,194.51,1013.24,-533.14,1144.94,492.65,294.14,855.66,-784.12,1160.60,188.02,4.748,0,SACCADE,1.014,0.967,0.779,182.1,lissajous
736382.6709,25.2360,668.45,186.34,1012.74,-506.55,1132.36,514.26,280.90,1339.28,-820.78,1570.78,180.88,4.568,0,SACCADE,1.387,0.996,0.786,165.5,lissajous
736382.6870,25.2521,684.77,178.61,1009.96,-478.60,1117.62,533.09,274.07,1165.27,-422.68,1239.56,179.22,4.526,0,SACCADE,1.109,0.996,0.789,182.1,lissajous
736382.7032,25.2682,700.99,171.36,1006.51,-449.74,1102.43,546.64,253.67,841.05,-1265.23,1519.26,174.93,4.418,0,SACCADE,1.378,0.845,0.795,165.5,lissajous
736382.7189,25.2840,716.77,164.74,1001.94,-420.14,1086.47,557.61,248.30,696.17,-340.96,775.18,179.77,4.540,0,SACCADE,0.713,0.998,0.794,148.9,lissajous
736382.7360,25.3011,733.81,158.09,996.15,-388.59,1069.27,580.39,239.26,1332.14,-528.66,1433.21,173.57,4.383,0,SACCADE,1.340,1.000,0.796,165.5,lissajous
736382.7524,25.3175,750.04,152.26,987.88,-354.94,1049.70,597.48,233.21,1039.80,-368.53,1103.17,172.71,4.362,0,SACCADE,1.051,1.000,0.796,165.5,lissajous
736382.7691,25.3342,766.37,146.91,979.18,-321.06,1030.47,607.51,221.70,601.80,-690.00,915.57,175.59,4.434,0,SACCADE,0.888,0.859,0.803,165.5,lissajous
736382.7848,25.3498,781.54,142.41,969.78,-287.24,1011.42,625.38,210.42,1142.40,-721.12,1350.96,170.32,4.301,0,SACCADE,1.336,0.962,0.807,165.5,lissajous
736382.8012,25.3663,797.32,138.26,958.09,-252.57,990.82,646.44,198.42,1279.22,-729.13,1472.42,162.42,4.102,0,SACCADE,1.486,0.966,0.810,165.5,lissajous
736382.8183,25.3834,813.48,134.56,945.58,-215.94,969.92,663.41,190.37,992.65,-470.95,1098.71,160.11,4.044,0,SACCADE,1.133,0.976,0.812,182.0,lissajous
736382.8350,25.4000,829.00,131.59,932.07,-178.53,949.02,675.68,179.56,736.94,-648.65,981.75,160.65,4.057,0,SACCADE,1.034,0.862,0.814,165.4,lissajous
736382.8515,25.4166,844.20,129.25,916.53,-141.00,927.31,691.50,173.77,954.04,-349.27,1015.97,159.05,4.017,0,SACCADE,1.096,0.980,0.815,165.5,lissajous
736382.8684,25.4335,859.37,127.52,899.81,-102.90,905.67,712.43,165.22,1241.27,-507.07,1340.85,151.70,3.831,0,SACCADE,1.481,0.963,0.818,165.4,lissajous
736382.8860,25.4511,874.85,126.40,881.25,-63.40,883.52,724.53,163.36,688.32,-105.95,696.42,154.80,3.910,0,SACCADE,0.788,0.997,0.821,182.0,lissajous
736382.9020,25.4671,888.70,126.01,862.99,-24.70,863.34,738.29,152.00,857.54,-707.76,1111.89,152.64,3.855,0,SACCADE,1.288,0.789,0.823,165.5,lissajous
736382.9182,25.4832,902.30,126.21,843.02,12.46,843.11,760.13,151.48,1354.49,-32.66,1354.88,144.39,3.647,0,SACCADE,1.607,0.999,0.827,182.0,lissajous
736382.9342,25.4993,915.55,127.01,824.26,49.74,825.76,774.97,146.28,922.30,-323.49,977.39,141.90,3.584,0,SACCADE,1.184,0.922,0.829,181.9,lissajous
736382.9512,25.5163,929.13,128.50,799.16,87.48,803.94,787.91,139.93,762.19,-373.63,848.85,141.68,3.578,0,SACCADE,1.056,0.845,0.830,182.0,lissajous
736382.9675,25.5325,941.76,130.53,777.46,125.56,787.54,803.69,138.49,971.17,-88.34,975.18,138.30,3.493,0,SACCADE,1.238,0.969,0.830,165.4,lissajous
736382.9846,25.5497,954.66,133.33,753.57,163.43,771.09,825.31,135.73,1263.23,-161.50,1273.52,129.37,3.268,0,SACCADE,1.652,0.943,0.831,182.0,lissajous
736383.0014,25.5665,966.90,136.72,727.26,201.30,754.61,834.59,132.77,551.26,-175.67,578.58,132.37,3.343,0,SMOOTH_PURSUIT,0.767,0.837,0.829,182.0,lissajous
736383.0183,25.5834,978.74,140.75,700.71,238.50,740.19,853.40,131.29,1112.81,-87.68,1116.26,125.70,3.175,0,SACCADE,1.508,0.918,0.828,182.0,lissajous
736383.0356,25.6007,990.35,145.50,672.42,275.31,726.60,869.58,131.63,937.18,19.45,937.38,121.57,3.071,0,SACCADE,1.290,0.933,0.828,182.1,lissajous
736383.0524,25.6175,1001.16,150.74,644.09,311.58,715.50,884.52,133.62,890.16,118.75,898.05,117.89,2.978,0,SACCADE,1.255,0.950,0.829,182.1,lissajous
736383.0690,25.6340,1011.36,156.47,614.71,345.93,705.36,895.86,126.62,683.98,-422.17,803.78,119.29,3.013,0,SACCADE,1.140,0.484,0.830,182.1,lissajous
736383.0850,25.6501,1020.75,162.55,585.14,378.50,696.88,911.53,124.63,976.33,-124.17,984.20,115.61,2.920,0,SACCADE,1.412,0.764,0.831,182.1,lissajous
736383.1016,25.6667,1029.96,169.35,555.68,410.67,690.96,924.05,128.41,755.15,228.45,788.95,113.55,2.868,0,SACCADE,1.142,0.942,0.830,182.1,lissajous
736383.1177,25.6828,1038.42,176.47,524.27,441.01,685.09,932.89,132.72,547.64,266.76,609.16,114.24,2.886,0,SMOOTH_PURSUIT,0.889,0.970,0.828,182.1,lissajous
736383.1347,25.6998,1046.80,184.49,492.90,471.53,682.12,948.20,131.12,900.31,-94.48,905.26,112.12,2.832,0,SACCADE,1.327,0.647,0.827,182.1,lissajous
736383.1513,25.7164,1054.43,192.80,459.56,500.37,679.39,965.01,135.39,1012.72,257.51,1044.94,106.26,2.684,0,SACCADE,1.538,0.837,0.829,182.2,lissajous
736383.1679,25.7330,1061.50,201.55,426.07,527.45,678.04,970.67,134.70,341.03,-41.82,343.58,112.78,2.849,0,SMOOTH_PURSUIT,0.507,0.529,0.827,182.2,lissajous
736383.1834,25.7485,1067.61,210.13,393.62,552.90,678.70,982.49,138.36,761.94,235.94,797.63,111.34,2.812,0,SACCADE,1.175,0.795,0.829,182.1,lissajous
736383.2009,25.7660,1073.89,220.21,359.72,577.61,680.47,991.58,140.15,520.66,102.86,530.73,114.82,2.900,0,SMOOTH_PURSUIT,0.780,0.683,0.831,182.1,lissajous
736383.2173,25.7823,1079.19,230.04,323.73,600.09,681.85,1006.71,148.10,923.80,485.36,1043.54,109.40,2.763,0,SACCADE,1.530,0.830,0.829,182.1,lissajous
736383.2337,25.7988,1083.95,240.27,289.68,622.77,686.85,1013.21,156.41,395.49,506.03,642.24,109.71,2.771,0,SMOOTH_PURSUIT,0.935,0.974,0.829,182.1,lissajous
736383.2504,25.8155,1088.17,250.95,253.21,640.21,688.47,1026.53,164.66,798.71,494.13,939.21,106.05,2.679,0,SACCADE,1.364,0.802,0.828,182.1,lissajous
736383.2673,25.8324,1091.85,262.11,217.17,659.20,694.05,1039.54,170.65,768.18,353.99,845.82,105.36,2.662,0,SACCADE,1.219,0.682,0.829,182.0,lissajous
736383.2845,25.8496,1094.95,273.74,179.91,675.75,699.29,1045.04,177.32,319.65,387.64,502.44,108.57,2.743,0,SMOOTH_PURSUIT,0.718,0.909,0.829,182.1,lissajous
736383.3011,25.8662,1097.32,285.20,142.71,690.12,704.72,1043.26,186.26,-107.00,538.14,548.67,112.74,2.848,0,SMOOTH_PURSUIT,0.779,0.921,0.830,182.2,lissajous
736383.3173,25.8823,1099.04,296.53,106.55,702.57,710.60,1059.28,198.55,992.89,762.14,1251.68,105.74,2.671,0,SACCADE,1.761,0.721,0.823,182.2,lissajous
736383.3343,25.8994,1100.22,308.67,69.66,712.31,715.71,1060.35,209.13,62.95,621.04,624.22,107.22,2.709,0,SMOOTH_PURSUIT,0.872,1.000,0.824,182.2,lissajous
736383.3513,25.9164,1100.76,320.94,31.79,720.85,721.56,1069.51,217.55,538.36,494.68,731.12,108.00,2.728,0,SACCADE,1.013,0.708,0.824,182.2,lissajous
736383.3677,25.9328,1100.67,332.87,-5.43,727.97,727.99,1078.78,227.68,565.28,617.40,837.09,107.45,2.714,0,SACCADE,1.150,0.732,0.829,182.2,lissajous
736383.3833,25.9484,1100.03,344.30,-41.07,731.68,732.83,1081.10,233.97,148.57,402.92,429.44,111.94,2.828,0,SMOOTH_PURSUIT,0.586,0.917,0.832,182.1,lissajous
736383.4002,25.9652,1098.73,356.66,-77.16,734.39,738.43,1082.02,246.29,54.81,731.86,733.91,111.63,2.820,0,SACCADE,0.994,0.984,0.832,182.1,lissajous
736383.4159,25.9810,1096.95,368.24,-113.32,735.08,743.76,1088.79,255.04,429.47,555.45,702.11,113.50,2.867,0,SACCADE,0.944,0.689,0.833,182.1,lissajous
736383.4328,25.9979,1094.42,380.66,-149.47,733.92,748.98,1090.43,264.54,97.11,561.92,570.25,116.18,2.935,0,SMOOTH_PURSUIT,0.761,0.932,0.833,182.1,lissajous
736383.4495,26.0146,1091.31,392.83,-186.23,729.87,753.25,1089.48,275.35,-57.42,647.96,650.50,117.49,2.968,0,SACCADE,0.864,0.987,0.835,182.2,lissajous
736383.4664,26.0315,1087.55,405.06,-223.03,725.14,758.67,1097.67,290.71,485.53,910.76,1032.10,114.80,2.900,0,SACCADE,1.360,0.705,0.832,165.7,lissajous
736383.4826,26.0476,1083.37,416.67,-258.78,717.68,762.91,1098.88,303.56,74.81,794.01,797.53,114.17,2.884,0,SACCADE,1.045,0.905,0.834,182.2,lissajous
736383.4994,26.0645,1078.41,428.60,-294.07,708.16,766.80,1103.97,314.36,302.34,641.28,708.97,117.06,2.957,0,SACCADE,0.925,0.672,0.836,165.7,lissajous
736383.5155,26.0806,1073.12,439.80,-328.75,696.61,770.29,1102.15,322.63,-113.06,514.02,526.31,120.72,3.049,0,SMOOTH_PURSUIT,0.683,0.975,0.836,182.2,lissajous
736383.5320,26.0970,1067.14,451.08,-363.11,684.33,774.70,1101.65,336.73,-30.54,855.95,856.49,119.44,3.017,0,BLINK,1.106,0.900,0.840,182.2,lissajous
736383.5481,26.1132,1060.72,461.91,-396.74,669.51,778.23,1101.05,351.47,-36.68,911.20,911.94,117.57,2.970,0,BLINK,1.172,0.880,0.839,182.3,lissajous
736383.5643,26.1293,1053.79,472.46,-429.74,653.45,782.09,1097.10,362.39,-244.62,676.36,719.23,118.29,2.988,0,BLINK,0.920,0.973,0.839,165.7,lissajous
736383.5806,26.1457,1046.24,482.84,-462.24,635.42,785.76,1097.27,369.65,9.91,444.73,444.84,124.16,3.136,0,BLINK,0.566,0.795,0.838,182.2,lissajous
736383.5977,26.1628,1037.78,493.35,-495.06,615.13,789.60,1090.61,382.89,-389.68,775.03,867.48,122.44,3.093,0,BLINK,1.099,0.978,0.836,182.3,lissajous
736383.6147,26.1797,1028.82,503.41,-527.85,592.75,793.71,1087.48,397.55,-184.33,863.44,882.89,121.03,3.057,0,BLINK,1.112,0.869,0.833,165.7,lissajous
736383.6309,26.1960,1019.75,512.64,-558.66,568.86,797.31,1085.99,415.00,-91.96,1075.54,1079.46,117.98,2.980,0,BLINK,1.354,0.771,0.831,165.7,lissajous
736383.6465,26.2115,1010.60,521.12,-588.05,545.16,801.87,1084.64,424.27,-86.56,595.50,601.76,121.91,3.079,0,BLINK,0.750,0.778,0.830,165.6,lissajous
736383.6632,26.2282,1000.30,529.80,-617.04,519.59,806.67,1080.64,431.48,-239.73,432.09,494.14,126.96,3.207,0,BLINK,0.613,0.934,0.827,182.2,lissajous
736383.6793,26.2444,989.87,537.75,-646.04,492.36,812.27,1073.65,443.99,-432.91,774.50,887.28,125.74,3.176,0,BLINK,1.092,0.917,0.832,182.1,lissajous
736383.6965,26.2616,978.29,545.70,-673.55,462.61,817.11,1068.06,453.11,-325.02,530.31,621.99,128.97,3.258,0,SMOOTH_PURSUIT,0.761,0.913,0.830,182.1,lissajous
736383.7126,26.2777,966.98,552.68,-701.65,432.64,824.31,1058.24,464.68,-609.25,717.51,941.28,126.78,3.202,0,SACCADE,1.142,0.951,0.828,165.5,lissajous
736383.7292,26.2942,954.95,559.31,-726.96,401.26,830.35,1051.74,479.50,-392.71,896.08,978.36,125.45,3.169,0,SACCADE,1.178,0.794,0.826,182.0,lissajous
736383.7457,26.3108,942.51,565.41,-752.08,368.69,837.59,1045.04,487.79,-404.93,501.27,644.39,128.60,3.248,0,SMOOTH_PURSUIT,0.769,0.907,0.832,182.0,lissajous
736383.7623,26.3274,929.61,570.98,-776.10,334.98,845.31,1034.34,498.79,-643.47,661.63,922.93,127.21,3.213,0,SACCADE,1.092,0.924,0.831,182.0,lissajous
736383.7800,26.3451,915.48,576.27,-800.57,299.48,854.75,1022.91,510.23,-647.61,647.91,916.07,126.11,3.185,0,SACCADE,1.072,0.910,0.830,165.6,lissajous
736383.7962,26.3613,902.14,580.54,-822.80,263.25,863.89,1017.76,520.38,-317.70,625.93,701.94,130.34,3.292,0,SACCADE,0.813,0.703,0.826,165.5,lissajous
736383.8123,26.3774,888.53,584.22,-843.38,228.08,873.67,1005.24,523.25,-775.89,177.96,796.04,131.68,3.326,0,SACCADE,0.911,0.999,0.829,182.0,lissajous
736383.8301,26.3952,873.15,587.61,-864.36,190.66,885.14,1000.20,537.04,-283.17,775.16,825.27,136.75,3.454,0,SACCADE,0.932,0.537,0.831,182.1,lissajous
736383.8463,26.4114,858.88,590.07,-882.38,152.31,895.43,988.03,543.22,-752.67,382.30,844.19,137.39,3.470,0,SACCADE,0.943,0.956,0.829,165.5,lissajous
736383.8634,26.4285,843.43,592.04,-900.49,114.58,907.75,973.16,547.39,-867.18,242.96,900.57,137.19,3.465,0,SACCADE,0.992,0.989,0.830,182.1,lissajous
736383.8808,26.4459,827.46,593.34,-917.94,75.06,921.00,956.69,558.89,-946.10,661.13,1154.21,133.75,3.378,0,SACCADE,1.253,0.864,0.827,182.1,lissajous
736383.8973,26.4624,812.12,593.94,-932.77,36.07,933.47,949.66,565.66,-427.81,411.54,593.62,140.41,3.547,0,SMOOTH_PURSUIT,0.636,0.747,0.829,182.1,lissajous
736383.9143,26.4794,795.98,593.89,-947.17,-2.57,947.17,934.95,568.78,-863.42,182.92,882.58,141.22,3.567,0,SACCADE,0.932,0.978,0.829,182.1,lissajous
736383.9313,26.4964,779.69,593.18,-959.52,-41.82,960.43,924.55,571.28,-612.51,147.21,629.95,146.50,3.700,0,SMOOTH_PURSUIT,0.656,0.961,0.828,182.1,lissajous
736383.9482,26.5132,763.32,591.82,-971.28,-80.76,974.63,910.21,577.31,-850.79,357.81,922.96,147.60,3.728,0,SACCADE,0.947,0.887,0.828,182.2,lissajous
736383.9646,26.5297,747.17,589.86,-981.05,-118.86,988.23,896.87,586.08,-810.38,532.94,969.91,149.75,3.782,0,SACCADE,0.981,0.763,0.833,182.1,lissajous
736383.9816,26.5466,730.41,587.21,-989.41,-156.69,1001.74,875.04,587.84,-1288.42,103.94,1292.60,144.63,3.653,0,SACCADE,1.290,0.972,0.829,182.2,lissajous
736383.9978,26.5628,714.25,584.07,-997.19,-193.94,1015.87,864.89,591.55,-625.96,229.19,666.60,150.83,3.809,0,SACCADE,0.656,0.856,0.826,182.1,lissajous
736384.0152,26.5803,696.75,580.04,-1003.05,-231.10,1029.33,852.46,589.17,-712.96,-136.57,725.92,155.97,3.939,0,SACCADE,0.705,0.999,0.825,182.2,lissajous
736384.0318,26.5969,680.04,575.59,-1007.43,-267.97,1042.46,831.96,591.69,-1235.81,151.57,1245.07,152.77,3.858,0,SACCADE,1.194,0.928,0.827,182.1,lissajous
736384.0479,26.6130,663.75,570.71,-1010.76,-302.80,1055.14,817.35,591.09,-906.53,-36.94,907.28,154.94,3.913,0,SACCADE,0.860,0.969,0.825,182.1,lissajous
736384.0635,26.6286,647.97,565.48,-1012.94,-335.86,1067.17,807.03,592.09,-662.24,64.05,665.33,161.27,4.073,0,SACCADE,0.623,0.914,0.821,182.0,lissajous
736384.0807,26.6458,630.54,559.13,-1012.94,-368.86,1078.01,791.11,592.75,-925.45,38.26,926.24,164.05,4.143,0,SACCADE,0.859,0.925,0.819,165.5,lissajous
736384.0976,26.6627,613.39,552.31,-1012.94,-402.70,1090.05,764.93,589.41,-1545.89,-197.17,1558.42,156.01,3.940,0,SACCADE,1.430,0.969,0.812,182.0,lissajous
736384.1142,26.6792,596.70,545.14,-1010.12,-434.18,1099.49,752.76,590.36,-736.28,57.81,738.55,162.48,4.104,0,SACCADE,0.672,0.885,0.810,182.0,lissajous
736384.1298,26.6949,580.91,537.87,-1007.36,-463.88,1109.03,736.51,588.41,-1036.91,-124.56,1044.37,163.60,4.132,0,SACCADE,0.942,0.952,0.808,182.0,lissajous
736384.1466,26.7116,564.14,529.63,-1002.25,-492.09,1116.54,721.09,583.29,-921.17,-305.88,970.63,165.88,4.189,0,SACCADE,0.869,0.991,0.805,165.5,lissajous
736384.1637,26.7288,547.02,520.69,-996.19,-520.54,1123.99,704.26,581.67,-980.03,-94.66,984.59,168.64,4.259,0,SACCADE,0.876,0.927,0.803,165.6,lissajous
736384.1801,26.7451,530.89,511.76,-988.59,-547.07,1129.86,688.20,578.95,-984.40,-166.20,998.33,171.05,4.320,0,SACCADE,0.884,0.943,0.799,165.6,lissajous
736384.1969,26.7619,514.44,502.16,-979.86,-571.85,1134.52,672.56,578.03,-931.07,-54.99,932.69,175.38,4.429,0,SACCADE,0.822,0.892,0.794,165.6,lissajous
736384.2139,26.7789,497.94,492.03,-969.46,-595.47,1137.74,660.59,571.68,-703.58,-373.41,796.53,181.10,4.573,0,SACCADE,0.700,0.998,0.784,182.1,lissajous
736384.2303,26.7954,482.22,481.90,-958.18,-617.38,1139.85,638.94,565.61,-1318.90,-369.63,1369.72,177.68,4.487,0,SACCADE,1.202,0.956,0.783,165.5,lissajous
736384.2476,26.8127,465.78,470.81,-946.73,-638.67,1142.02,618.87,560.86,-1155.95,-273.65,1187.90,177.61,4.485,0,SACCADE,1.040,0.936,0.778,165.5,lissajous
736384.2644,26.8295,450.23,459.85,-929.57,-655.39,1137.38,603.74,550.27,-904.77,-633.11,1104.28,178.16,4.499,0,SACCADE,0.971,1.000,0.773,149.0,lissajous
736384.2805,26.8456,435.43,448.97,-915.87,-672.57,1136.29,588.90,545.74,-918.22,-280.22,960.02,181.43,4.581,0,SACCADE,0.845,0.944,0.771,182.1,lissajous
736384.2972,26.8623,420.42,437.52,-899.65,-686.99,1131.96,565.29,534.34,-1415.18,-683.62,1571.65,174.25,4.400,0,SACCADE,1.388,0.980,0.772,165.5,lissajous
736384.3129,26.8779,406.61,426.57,-882.74,-699.58,1126.34,559.42,527.64,-375.33,-428.47,569.62,183.21,4.626,0,SMOOTH_PURSUIT,0.506,0.984,0.756,148.9,lissajous
736384.3300,26.8951,391.80,414.40,-863.99,-710.13,1118.38,535.25,515.23,-1410.35,-723.76,1585.22,175.34,4.428,0,SACCADE,1.417,0.977,0.751,182.1,lissajous
736384.3463,26.9114,378.05,402.68,-843.22,-718.53,1107.84,524.23,509.67,-675.51,-340.92,756.66,181.15,4.574,0,SACCADE,0.683,0.972,0.748,165.5,lissajous
736384.3634,26.9285,364.00,390.28,-822.77,-726.14,1097.37,510.48,499.43,-805.13,-599.70,1003.92,182.68,4.613,0,SACCADE,0.915,0.997,0.744,149.0,lissajous
736384.3797,26.9448,350.96,378.37,-800.37,-731.02,1083.96,487.07,487.50,-1437.31,-731.89,1612.92,174.46,4.406,0,SACCADE,1.488,0.964,0.749,182.1,lissajous
736384.3968,26.9618,337.69,365.83,-776.79,-733.78,1068.57,479.47,479.61,-444.32,-462.04,641.01,181.79,4.591,0,SMOOTH_PURSUIT,0.600,0.999,0.742,165.6,lissajous
736384.4132,26.9783,325.32,353.75,-752.85,-735.29,1052.35,462.16,466.49,-1053.78,-798.86,1322.35,177.30,4.477,0,SACCADE,1.257,0.992,0.745,165.6,lissajous
736384.4301,26.9952,313.04,341.36,-727.20,-733.96,1033.21,448.19,456.27,-827.50,-605.26,1025.23,177.40,4.480,0,SACCADE,0.992,0.987,0.746,165.6,lissajous
736384.4459,27.0110,301.91,329.76,-701.32,-730.98,1013.01,426.68,447.40,-1355.66,-558.76,1466.30,171.48,4.331,0,SACCADE,1.447,0.915,0.749,165.6,lissajous
736384.4615,27.0266,291.37,318.42,-675.80,-726.51,992.23,414.23,434.21,-797.72,-845.34,1162.31,168.83,4.264,0,SACCADE,1.171,1.000,0.747,182.2,lissajous
736384.4779,27.0430,280.75,306.65,-648.80,-719.88,969.10,400.00,424.60,-869.96,-587.77,1049.91,167.72,4.236,0,SACCADE,1.083,0.971,0.757,165.6,lissajous
736384.4951,27.0601,270.13,294.46,-619.48,-710.80,942.86,380.93,409.54,-1112.34,-877.89,1417.04,159.75,4.034,0,SACCADE,1.503,0.983,0.766,182.2,lissajous
736384.5109,27.0760,260.77,283.35,-589.98,-700.17,915.60,369.44,399.33,-724.01,-643.98,968.97,158.93,4.014,0,SACCADE,1.058,0.990,0.767,165.6,lissajous
736384.5279,27.0929,251.29,271.70,-560.00,-687.85,886.98,353.45,385.66,-944.36,-806.88,1242.12,153.04,3.865,0,SACCADE,1.400,0.984,0.772,182.2,lissajous
736384.5449,27.1100,242.28,260.22,-528.28,-673.34,855.84,345.02,371.75,-494.21,-815.17,953.28,151.64,3.830,0,SACCADE,1.114,0.993,0.777,182.2,lissajous
736384.5608,27.1259,234.40,249.80,-496.30,-656.74,823.18,333.70,355.93,-713.37,-997.25,1226.13,145.34,3.671,0,SACCADE,1.490,1.000,0.782,182.2,lissajous
736384.5767,27.1418,226.98,239.59,-465.19,-639.57,790.86,319.56,347.84,-885.85,-507.08,1020.71,142.44,3.598,0,SACCADE,1.291,0.912,0.784,165.6,lissajous
736384.5930,27.1580,219.96,229.53,-433.05,-620.45,756.63,312.08,338.21,-461.46,-593.75,751.99,142.47,3.598,0,SACCADE,0.994,0.999,0.782,182.1,lissajous
736384.6088,27.1739,213.60,220.01,-400.33,-599.59,720.95,297.22,330.47,-935.07,-487.80,1054.66,138.54,3.499,0,SACCADE,1.463,0.877,0.785,182.0,lissajous
736384.6249,27.1900,207.70,210.74,-367.56,-577.76,684.77,286.14,312.22,-691.16,-1137.93,1331.38,128.26,3.240,0,SACCADE,1.944,1.000,0.790,182.0,lissajous
736384.6422,27.2073,201.93,201.15,-332.72,-553.23,645.58,280.57,305.30,-321.01,-399.09,512.18,130.50,3.296,0,SMOOTH_PURSUIT,0.793,0.991,0.782,182.0,lissajous
736384.6579,27.2230,197.27,192.89,-297.72,-527.31,605.55,266.34,293.85,-908.49,-731.11,1166.14,122.32,3.090,0,SACCADE,1.926,0.929,0.783,182.0,lissajous
736384.6743,27.2394,192.95,184.67,-263.31,-500.72,565.73,260.64,277.00,-347.53,-1025.75,1083.02,114.49,2.892,0,SACCADE,1.914,0.988,0.782,181.9,lissajous
736384.6914,27.2565,189.05,176.58,-227.12,-471.87,523.68,250.14,264.09,-612.49,-753.22,970.82,106.72,2.696,0,SACCADE,1.854,0.973,0.785,165.4,lissajous
736384.7083,27.2734,185.85,169.14,-189.97,-440.93,480.11,239.59,253.60,-625.25,-621.52,881.60,100.11,2.529,0,SACCADE,1.836,0.928,0.782,181.9,lissajous
736384.7249,27.2900,183.30,162.32,-153.27,-409.64,437.38,239.68,250.66,5.57,-177.11,177.19,104.80,2.647,0,SMOOTH_PURSUIT,0.405,0.925,0.767,165.3,lissajous
736384.7410,27.3061,181.42,156.28,-117.06,-377.38,395.12,224.78,240.58,-929.79,-628.84,1122.47,94.80,2.395,0,SACCADE,2.841,0.780,0.755,165.3,lissajous
736384.7565,27.3216,180.15,150.91,-82.24,-346.23,355.87,218.12,221.06,-430.14,-1259.68,1331.09,79.76,2.015,0,SACCADE,3.740,0.995,0.746,165.2,lissajous
736384.7732,27.3383,179.37,145.68,-46.31,-312.53,315.94,211.95,214.16,-368.41,-412.16,552.81,75.84,1.916,0,SMOOTH_PURSUIT,1.750,0.835,0.732,148.6,lissajous
736384.7895,27.3546,179.22,141.16,-9.56,-277.66,277.83,199.54,208.09,-761.70,-372.78,848.03,69.95,1.767,0,SACCADE,3.052,0.470,0.721,181.6,lissajous
736384.8066,27.3716,179.69,137.03,27.64,-241.95,243.52,196.93,199.59,-153.04,-498.20,521.17,64.89,1.639,0,SMOOTH_PURSUIT,2.140,0.916,0.713,165.2,lissajous
736384.8233,27.3884,180.78,133.61,65.18,-204.30,214.45,198.59,191.92,99.31,-457.91,468.56,60.97,1.540,0,SMOOTH_PURSUIT,2.185,0.995,0.701,148.6,lissajous
736384.8399,27.4050,182.48,130.82,102.30,-167.26,196.06,194.62,187.87,-238.82,-243.11,340.79,58.33,1.474,0,DRIFT,1.738,0.243,0.690,132.1,lissajous
736384.8564,27.4214,184.76,128.69,138.84,-129.87,190.12,186.29,177.36,-507.66,-639.95,816.86,48.70,1.230,0,SACCADE,4.297,0.081,0.672,132.1,lissajous
736384.8734,27.4385,187.76,127.13,175.74,-91.70,198.23,187.91,168.03,95.33,-547.36,555.60,40.90,1.033,1,SMOOTH_PURSUIT,2.803,0.608,0.660,132.1,lissajous
736384.8905,27.4556,191.40,126.23,212.98,-52.42,219.34,188.30,161.08,22.97,-406.16,406.81,34.99,0.884,1,DRIFT,1.855,0.293,0.652,115.6,lissajous
736384.9077,27.4728,195.70,126.01,250.19,-12.90,250.53,178.51,154.88,-570.16,-360.89,674.78,33.60,0.849,1,SACCADE,2.693,-0.816,0.639,99.2,lissajous
736384.9242,27.4893,200.43,126.44,286.42,25.99,287.60,180.60,146.17,126.65,-528.11,543.08,27.97,0.707,1,DRIFT,1.888,0.144,0.628,82.6,lissajous
736384.9408,27.5059,205.78,127.51,321.64,64.19,327.98,181.67,143.66,64.47,-150.48,163.71,29.02,0.733,1,DRIFT,0.499,0.206,0.634,99.2,lissajous
736384.9564,27.5215,211.32,129.08,355.68,101.22,369.80,182.37,141.59,45.33,-132.96,140.48,31.53,0.797,1,DRIFT,0.380,0.051,0.638,82.6,lissajous
736384.9735,27.5385,217.94,131.44,389.00,138.20,412.82,179.09,136.62,-192.72,-291.77,349.68,39.20,0.990,1,DRIFT,0.847,-0.799,0.633,82.6,lissajous
736384.9906,27.5557,225.21,134.47,424.30,176.89,459.70,181.69,135.04,151.96,-92.60,177.95,43.52,1.100,0,SMOOTH_PURSUIT,0.387,0.588,0.641,99.2,lissajous
736385.0068,27.5719,232.66,137.95,457.66,214.00,505.22,186.61,134.82,302.28,-13.52,302.59,46.15,1.166,0,SMOOTH_PURSUIT,0.599,0.886,0.642,99.2,lissajous
736385.0235,27.5886,240.82,142.12,490.05,250.06,550.16,187.82,132.17,72.48,-159.08,174.81,53.93,1.362,0,DRIFT,0.318,-0.044,0.645,99.2,lissajous
736385.0405,27.6056,249.70,146.98,522.23,286.07,595.45,188.05,129.01,13.62,-185.81,186.31,64.21,1.622,0,DRIFT,0.313,-0.415,0.655,115.7,lissajous
736385.0584,27.6234,259.61,152.74,555.42,322.84,642.43,191.36,130.50,185.22,83.85,203.32,71.79,1.814,0,SMOOTH_PURSUIT,0.316,0.995,0.663,115.8,lissajous
736385.0758,27.6408,269.84,158.99,588.00,359.00,688.93,194.48,128.53,179.22,-113.70,212.24,81.29,2.054,0,SMOOTH_PURSUIT,0.308,0.442,0.669,115.8,lissajous
736385.0924,27.6575,280.15,165.53,618.15,392.58,732.28,198.31,124.35,230.19,-250.55,340.24,91.62,2.314,0,DRIFT,0.465,0.176,0.678,132.3,lissajous
736385.1090,27.6741,290.86,172.56,647.37,424.66,774.22,205.43,128.34,430.14,241.13,493.11,96.20,2.430,0,SMOOTH_PURSUIT,0.637,0.998,0.691,148.9,lissajous
736385.1253,27.6904,301.91,180.01,674.91,454.94,813.93,213.81,131.14,512.08,171.00,539.88,100.74,2.545,0,SMOOTH_PURSUIT,0.663,0.964,0.710,148.9,lissajous
736385.1429,27.7079,314.22,188.50,702.47,484.92,853.59,216.41,130.14,148.43,-57.16,159.06,113.90,2.877,0,SMOOTH_PURSUIT,0.186,0.564,0.729,165.5,lissajous
736385.1598,27.7249,326.62,197.24,730.31,514.58,893.39,228.91,137.00,736.31,404.26,839.99,114.78,2.899,0,SACCADE,0.940,0.994,0.733,165.5,lissajous
736385.1763,27.7414,339.07,206.16,756.09,541.77,930.16,235.94,138.41,426.87,85.90,435.43,123.39,3.117,0,SMOOTH_PURSUIT,0.468,0.912,0.748,165.5,lissajous
736385.1932,27.7583,352.21,215.71,778.52,565.75,962.37,247.40,140.48,679.06,122.34,689.99,129.01,3.259,0,SACCADE,0.717,0.900,0.759,165.5,lissajous
736385.2089,27.7740,364.85,225.00,802.10,589.63,995.50,259.95,142.96,796.07,157.63,811.52,133.17,3.364,0,SACCADE,0.815,0.905,0.765,165.5,lissajous
736385.2247,27.7897,377.78,234.60,823.29,610.78,1025.12,270.06,149.96,643.84,445.22,782.78,137.00,3.460,0,SACCADE,0.764,0.999,0.768,165.4,lissajous
736385.2416,27.8067,392.05,245.27,843.60,630.67,1053.28,277.52,155.47,440.67,326.17,548.25,145.54,3.676,0,SMOOTH_PURSUIT,0.521,1.000,0.769,165.5,lissajous
736385.2581,27.8232,406.37,256.04,865.31,650.85,1082.76,288.43,164.73,659.61,559.18,864.74,149.15,3.767,0,SACCADE,0.799,0.998,0.769,165.5,lissajous
736385.2747,27.8398,421.01,267.09,881.33,665.82,1104.57,292.27,176.88,231.36,731.67,767.38,157.20,3.970,0,SACCADE,0.695,0.815,0.765,165.5,lissajous
736385.2912,27.8563,435.87,278.36,900.17,681.99,1129.34,305.77,184.10,817.08,437.44,926.81,160.66,4.057,0,SACCADE,0.821,0.988,0.764,165.5,lissajous
736385.3082,27.8732,451.39,290.12,916.59,695.39,1150.52,319.68,195.74,821.98,687.90,1071.85,162.03,4.092,0,SACCADE,0.932,0.999,0.760,182.1,lissajous
736385.3243,27.8894,466.41,301.52,932.17,707.18,1170.06,332.72,200.39,809.07,288.66,859.02,167.63,4.233,0,SACCADE,0.734,0.953,0.760,165.6,lissajous
736385.3414,27.9065,482.61,313.79,945.38,716.19,1186.03,347.94,210.01,888.22,561.30,1050.71,170.02,4.294,0,SACCADE,0.886,0.996,0.753,149.0,lissajous
736385.3585,27.9236,498.96,326.15,958.80,724.30,1201.63,363.41,218.19,907.25,479.29,1026.07,173.29,4.376,0,SACCADE,0.854,0.987,0.751,165.7,lissajous
736385.3755,27.9406,515.50,338.59,970.45,730.01,1214.36,376.07,223.08,743.02,287.16,796.58,181.05,4.572,0,SACCADE,0.656,0.962,0.742,149.1,lissajous
736385.3926,27.9577,532.27,351.13,980.14,733.17,1224.02,385.96,242.33,577.82,1125.38,1265.05,182.32,4.604,0,SACCADE,1.034,0.899,0.733,132.6,lissajous
736385.4102,27.9753,549.69,364.07,990.01,735.30,1233.20,400.74,250.38,839.76,457.35,956.22,187.38,4.732,0,SACCADE,0.775,0.990,0.727,165.9,lissajous
736385.4270,27.9921,566.42,376.40,996.76,734.06,1237.89,411.68,263.50,651.74,781.53,1017.62,191.55,4.837,0,SACCADE,0.822,0.971,0.723,149.3,lissajous
736385.4434,28.0085,582.85,388.38,1003.69,732.15,1242.35,430.30,273.10,1137.51,586.04,1279.60,191.21,4.828,0,SACCADE,1.030,0.988,0.720,149.3,lissajous
736385.4604,28.0254,599.95,400.71,1006.73,726.33,1241.40,442.37,280.96,711.07,463.12,848.59,197.91,4.997,0,SACCADE,0.684,0.999,0.715,165.8,lissajous
736385.4775,28.0426,617.27,413.05,1011.18,720.30,1241.50,460.41,299.47,1052.89,1080.22,1508.46,193.67,4.890,0,SACCADE,1.215,0.984,0.716,149.3,lissajous
736385.4943,28.0594,634.29,425.00,1012.86,711.29,1237.67,471.56,306.95,663.63,445.34,799.21,201.04,5.076,0,SACCADE,0.646,1.000,0.708,149.3,lissajous
736385.5111,28.0762,651.36,436.81,1013.14,700.37,1231.66,485.82,316.86,845.84,587.68,1029.96,204.44,5.162,0,SACCADE,0.836,1.000,0.703,132.8,lissajous
736385.5268,28.0918,667.18,447.56,1012.52,688.28,1224.30,509.97,325.17,1546.45,532.15,1635.45,199.23,5.031,0,SACCADE,1.336,0.965,0.702,116.1,lissajous
736385.5429,28.1080,683.46,458.43,1010.30,674.47,1214.75,525.74,340.84,978.45,972.91,1379.82,196.73,4.967,0,SACCADE,1.136,0.981,0.703,165.9,lissajous
736385.5595,28.1246,700.18,469.36,1006.72,658.48,1202.95,539.57,357.61,833.08,1009.45,1308.83,195.66,4.940,0,SACCADE,1.088,0.955,0.708,149.3,lissajous
736385.5763,28.1414,717.02,480.13,1002.27,640.71,1189.56,553.41,374.95,823.76,1032.33,1320.71,194.49,4.911,0,SACCADE,1.110,0.947,0.708,132.8,lissajous
736385.5930,28.1580,733.62,490.48,995.65,620.63,1173.24,572.28,385.39,1131.52,625.69,1292.99,192.54,4.862,0,SACCADE,1.102,0.999,0.712,166.0,lissajous
736385.6092,28.1743,749.68,500.22,988.14,599.41,1155.73,592.33,398.09,1233.05,781.03,1459.60,187.60,4.737,0,SACCADE,1.263,1.000,0.722,149.4,lissajous
736385.6261,28.1912,766.24,509.96,979.58,576.60,1136.68,609.38,409.14,1008.95,654.30,1202.54,186.47,4.709,0,SACCADE,1.058,0.999,0.721,132.8,lissajous
736385.6421,28.2072,781.74,518.79,970.05,552.57,1116.39,625.78,416.17,1026.25,439.93,1116.57,186.70,4.714,0,SACCADE,1.000,0.994,0.718,132.8,lissajous
736385.6577,28.2228,796.71,527.03,959.53,527.97,1095.20,639.66,430.56,889.73,922.18,1281.42,184.31,4.654,0,SACCADE,1.170,0.955,0.727,165.9,lissajous
736385.6742,28.2393,812.33,535.30,945.47,500.47,1069.76,663.14,438.08,1422.03,455.42,1493.18,178.06,4.497,0,SACCADE,1.396,0.984,0.737,166.0,lissajous
736385.6916,28.2567,828.52,543.49,932.40,471.73,1044.94,675.34,447.48,702.21,541.35,886.66,180.78,4.565,0,SACCADE,0.849,0.982,0.742,149.4,lissajous
736385.7086,28.2737,844.15,551.00,916.57,440.51,1016.93,686.86,463.40,675.88,933.03,1152.11,180.04,4.546,0,SACCADE,1.133,0.880,0.746,166.1,lissajous
736385.7253,28.2904,859.16,557.82,900.77,409.12,989.32,708.58,471.85,1303.28,507.71,1398.68,173.39,4.379,0,SACCADE,1.414,0.998,0.757,149.5,lissajous
736385.7426,28.3077,874.42,564.32,881.54,375.40,958.14,723.49,486.91,861.27,869.45,1223.82,169.62,4.284,0,SACCADE,1.277,0.926,0.761,149.5,lissajous
736385.7591,28.3242,888.65,569.95,862.44,341.38,927.54,739.14,497.72,948.43,655.36,1152.83,166.04,4.193,0,SACCADE,1.243,0.974,0.762,166.1,lissajous
736385.7754,28.3405,902.38,574.96,843.06,307.57,897.42,758.24,506.71,1172.98,552.03,1296.39,159.48,4.028,0,SACCADE,1.445,0.996,0.772,166.1,lissajous
736385.7917,28.3568,915.80,579.41,822.50,273.03,866.63,770.86,514.18,773.31,457.51,898.51,158.94,4.014,0,SACCADE,1.037,0.977,0.779,166.1,lissajous
736385.8085,28.3736,929.27,583.40,800.75,237.25,835.16,788.39,521.24,1042.64,419.81,1123.99,153.98,3.889,0,SACCADE,1.346,0.996,0.780,166.1,lissajous
736385.8256,28.3907,942.52,586.81,776.75,199.82,802.04,807.53,528.36,1121.91,417.30,1197.01,147.10,3.715,0,SACCADE,1.492,0.995,0.786,166.1,lissajous
736385.8423,28.4074,955.08,589.52,751.92,162.01,769.17,819.05,538.91,689.46,631.69,935.09,145.14,3.666,0,SACCADE,1.216,0.863,0.785,166.2,lissajous
736385.8600,28.4250,967.90,591.69,726.06,123.15,736.43,840.75,549.31,1229.24,589.31,1363.20,134.02,3.385,0,SACCADE,1.851,0.961,0.791,166.2,lissajous
736385.8763,28.4414,979.32,593.07,699.71,84.34,704.78,849.38,551.03,528.07,105.04,538.41,136.58,3.450,0,SMOOTH_PURSUIT,0.764,0.997,0.784,166.1,lissajous
736385.8922,28.4573,990.04,593.82,671.36,47.03,673.00,861.47,560.42,757.42,588.27,959.04,132.84,3.355,0,SACCADE,1.425,0.831,0.785,166.1,lissajous
736385.9093,28.4743,1001.01,593.98,644.39,9.08,644.45,881.02,565.44,1148.69,294.49,1185.84,123.34,3.115,0,SACCADE,1.840,0.972,0.788,166.2,lissajous
736385.9260,28.4911,1011.30,593.48,615.02,-29.87,615.75,895.20,571.19,847.39,344.11,914.60,118.22,2.986,0,SACCADE,1.485,0.907,0.787,166.2,lissajous
736385.9420,28.5071,1020.69,592.39,585.60,-67.61,589.49,909.09,575.54,866.81,271.26,908.26,112.86,2.851,0,SACCADE,1.541,0.914,0.784,166.2,lissajous
736385.9578,28.5229,1029.47,590.75,556.59,-104.14,566.25,919.68,579.90,671.06,276.11,725.64,110.32,2.787,0,SACCADE,1.281,0.839,0.781,166.1,lissajous
736385.9740,28.5391,1037.98,588.48,526.05,-140.41,544.47,931.85,583.51,752.32,223.18,784.73,106.24,2.684,0,SACCADE,1.441,0.853,0.783,166.1,lissajous
736385.9899,28.5550,1045.87,585.66,495.44,-176.68,526.00,945.13,585.88,833.40,148.87,846.59,100.74,2.545,0,SACCADE,1.610,0.868,0.778,166.0,lissajous
736386.0067,28.5718,1053.64,582.09,463.30,-213.10,509.96,966.56,586.44,1277.22,33.18,1277.65,87.19,2.203,0,SACCADE,2.505,0.897,0.770,166.0,lissajous
736386.0231,28.5881,1060.68,578.00,430.01,-249.36,497.08,979.52,584.76,791.59,-102.36,798.18,81.44,2.058,0,SACCADE,1.606,0.922,0.766,182.6,lissajous
736386.0386,28.6037,1066.88,573.59,397.59,-283.76,488.47,983.48,593.41,253.88,555.26,610.55,85.72,2.166,0,DRIFT,1.250,-0.190,0.765,165.9,lissajous
736386.0562,28.6213,1073.25,568.00,363.40,-318.60,483.28,992.03,593.93,487.95,29.98,488.87,85.26,2.154,0,SMOOTH_PURSUIT,1.012,0.710,0.761,166.0,lissajous
736386.0722,28.6373,1078.51,562.34,328.28,-353.07,482.11,1003.98,597.32,745.57,211.38,774.96,82.33,2.080,0,SACCADE,1.607,0.455,0.760,166.0,lissajous
736386.0882,28.6533,1083.23,556.16,294.30,-385.11,484.69,1014.35,594.58,646.72,-171.16,668.99,78.86,1.992,0,SACCADE,1.380,0.790,0.759,165.9,lissajous
736386.1052,28.6703,1087.62,549.10,259.06,-417.20,491.09,1025.41,589.81,652.41,-281.40,710.51,74.35,1.878,0,SACCADE,1.447,0.821,0.756,166.0,lissajous
736386.1208,28.6858,1091.10,542.13,223.66,-447.20,500.01,1034.26,590.94,568.68,72.27,573.26,74.92,1.893,0,DRIFT,1.146,0.331,0.756,182.5,lissajous
736386.1374,28.7025,1094.24,534.20,188.59,-476.30,512.28,1039.35,586.59,305.47,-260.68,401.58,75.88,1.917,0,SMOOTH_PURSUIT,0.784,0.884,0.762,165.9,lissajous
736386.1545,28.7196,1096.84,525.54,151.48,-505.33,527.54,1049.93,581.89,617.61,-274.71,675.95,73.32,1.852,0,SACCADE,1.281,0.652,0.766,165.9,lissajous
736386.1712,28.7363,1098.74,516.67,114.20,-533.00,545.09,1053.58,579.79,218.96,-126.17,252.71,77.61,1.961,0,SMOOTH_PURSUIT,0.464,0.670,0.769,166.0,lissajous
736386.1881,28.7531,1100.04,507.24,77.02,-558.94,564.22,1059.17,580.46,330.99,39.95,333.40,83.86,2.119,0,DRIFT,0.591,0.017,0.776,166.0,lissajous
736386.2047,28.7698,1100.70,497.55,39.73,-583.03,584.38,1067.48,578.46,500.49,-120.29,514.74,87.47,2.210,0,DRIFT,0.881,0.299,0.779,149.4,lissajous
736386.2206,28.7857,1100.75,487.90,3.48,-605.33,605.34,1071.15,571.33,229.88,-447.74,503.30,88.53,2.236,0,SMOOTH_PURSUIT,0.831,0.892,0.782,165.9,lissajous
736386.2372,28.8022,1100.21,477.55,-32.70,-625.78,626.64,1084.10,561.53,783.34,-592.80,982.36,85.51,2.160,0,SACCADE,1.568,0.561,0.777,165.9,lissajous
736386.2526,28.8177,1099.16,467.57,-68.34,-644.45,648.06,1085.06,554.32,61.96,-465.46,469.56,87.88,2.220,0,SMOOTH_PURSUIT,0.725,0.972,0.781,149.3,lissajous
736386.2689,28.8340,1097.47,456.83,-103.69,-662.05,670.12,1085.87,544.39,50.31,-611.47,613.54,88.33,2.231,0,SMOOTH_PURSUIT,0.916,0.972,0.785,165.8,lissajous
736386.2854,28.8505,1095.17,445.68,-139.47,-675.46,689.71,1094.00,542.86,492.38,-92.90,501.07,97.19,2.455,0,DRIFT,0.726,-0.017,0.793,165.8,lissajous
736386.3026,28.8677,1092.12,433.75,-176.95,-691.35,713.64,1095.40,530.82,81.03,-697.83,702.52,97.12,2.454,0,SACCADE,0.984,0.934,0.799,165.9,lissajous
736386.3196,28.8847,1088.48,421.80,-214.34,-703.58,735.51,1094.57,520.14,-48.80,-628.65,630.54,98.53,2.489,0,SMOOTH_PURSUIT,0.857,0.976,0.802,165.9,lissajous
736386.3360,28.9011,1084.37,410.10,-250.45,-713.55,756.23,1096.48,511.58,116.44,-522.12,534.95,102.20,2.582,0,SMOOTH_PURSUIT,0.707,0.849,0.804,165.8,lissajous
736386.3521,28.9172,1079.78,398.50,-285.48,-721.98,776.37,1098.43,503.70,121.55,-490.68,505.51,106.84,2.699,0,SMOOTH_PURSUIT,0.651,0.814,0.808,165.8,lissajous
736386.3676,28.9327,1074.81,387.17,-319.49,-728.79,795.74,1097.75,497.10,-44.03,-424.22,426.50,112.30,2.837,0,SMOOTH_PURSUIT,0.536,0.952,0.811,165.7,lissajous
736386.3842,28.9493,1068.97,375.05,-352.38,-731.15,811.63,1094.66,484.93,-186.04,-733.99,757.20,112.85,2.851,0,SACCADE,0.933,0.980,0.816,165.8,lissajous
736386.3998,28.9648,1062.97,363.63,-385.81,-733.89,829.12,1094.43,475.74,-14.98,-591.03,591.22,116.44,2.941,0,SMOOTH_PURSUIT,0.713,0.897,0.818,165.7,lissajous
736386.4158,28.9809,1056.25,351.82,-418.49,-735.10,845.88,1098.06,462.24,225.79,-840.13,869.94,118.07,2.982,0,SACCADE,1.028,0.711,0.816,165.7,lissajous
736386.4332,28.9983,1048.39,339.07,-452.27,-733.91,862.07,1095.29,453.60,-159.47,-497.35,522.29,123.76,3.126,0,SMOOTH_PURSUIT,0.606,0.971,0.821,165.8,lissajous
736386.4488,29.0138,1040.86,327.71,-484.34,-729.87,875.96,1092.76,440.23,-162.61,-859.42,874.67,123.91,3.130,0,SACCADE,0.999,0.921,0.820,165.7,lissajous
736386.4649,29.0299,1032.56,316.03,-515.28,-725.20,889.63,1088.40,432.89,-270.77,-455.33,529.76,129.51,3.271,0,SMOOTH_PURSUIT,0.595,0.997,0.822,165.7,lissajous
736386.4815,29.0465,1023.49,304.11,-546.40,-718.21,902.43,1085.26,416.75,-188.98,-972.65,990.84,128.46,3.245,0,SACCADE,1.098,0.897,0.820,165.7,lissajous
736386.4979,29.0630,1013.99,292.45,-577.15,-709.22,914.38,1083.34,404.59,-116.83,-738.94,748.12,131.85,3.330,0,SACCADE,0.818,0.865,0.819,165.7,lissajous
736386.5135,29.0786,1004.56,281.58,-605.73,-698.12,924.28,1080.15,396.60,-204.87,-513.61,552.96,137.63,3.476,0,SMOOTH_PURSUIT,0.598,0.944,0.820,165.6,lissajous
736386.5306,29.0957,993.69,269.84,-634.70,-685.62,934.30,1073.35,378.93,-396.97,-1031.44,1105.19,135.08,3.412,0,SACCADE,1.183,0.929,0.817,165.7,lissajous
736386.5472,29.1122,982.69,258.72,-664.21,-671.34,944.39,1063.83,367.36,-574.63,-698.73,904.67,135.60,3.425,0,SACCADE,0.958,0.996,0.817,165.7,lissajous
736386.5632,29.1283,971.61,248.22,-690.42,-654.24,951.16,1059.43,357.19,-274.17,-633.93,690.68,139.95,3.535,0,SACCADE,0.726,0.919,0.817,165.7,lissajous
736386.5809,29.1460,958.89,236.95,-717.66,-635.73,958.74,1052.02,343.05,-418.12,-797.52,900.48,141.18,3.566,0,SACCADE,0.939,0.935,0.820,165.7,lissajous
736386.5973,29.1624,946.70,226.87,-743.79,-614.90,965.05,1046.64,330.39,-328.46,-772.67,839.58,143.88,3.634,0,SACCADE,0.870,0.888,0.819,165.7,lissajous
736386.6141,29.1792,933.80,216.91,-768.54,-593.23,970.87,1036.71,321.72,-591.42,-516.31,785.09,146.89,3.710,0,SACCADE,0.809,0.998,0.819,165.7,lissajous
736386.6300,29.1951,921.22,207.85,-791.86,-570.26,975.83,1028.25,316.48,-532.21,-329.59,626.00,152.50,3.852,0,SMOOTH_PURSUIT,0.642,0.998,0.817,165.7,lissajous
736386.6464,29.2114,907.90,198.92,-814.33,-546.41,980.66,1018.78,295.83,-579.41,-1262.84,1389.42,147.26,3.719,0,SACCADE,1.417,0.853,0.814,165.7,lissajous
736386.6639,29.2290,893.27,189.83,-834.71,-518.46,982.62,1011.74,287.00,-401.26,-503.57,643.89,153.23,3.870,0,SMOOTH_PURSUIT,0.655,0.942,0.814,165.8,lissajous
736386.6805,29.2456,879.06,181.69,-856.53,-490.43,987.00,1000.08,275.45,-703.49,-696.77,990.15,153.08,3.866,0,SACCADE,1.003,0.966,0.815,165.8,lissajous
736386.6977,29.2628,863.99,173.76,-875.99,-460.66,989.73,989.07,265.60,-639.36,-571.76,857.73,155.18,3.919,0,SACCADE,0.867,0.970,0.815,165.8,lissajous
736386.7148,29.2799,848.68,166.42,-895.28,-429.47,992.96,976.81,256.91,-717.38,-508.38,879.25,156.86,3.962,0,SACCADE,0.885,0.986,0.815,165.9,lissajous
736386.7313,29.2964,833.60,159.85,-910.98,-396.75,993.63,964.32,242.43,-754.08,-874.71,1154.88,154.62,3.905,0,SACCADE,1.162,0.901,0.815,165.9,lissajous
736386.7484,29.3135,817.76,153.64,-927.28,-363.78,996.08,955.46,229.60,-519.05,-750.76,912.72,157.26,3.972,0,SACCADE,0.916,0.830,0.815,165.9,lissajous
736386.7649,29.3300,802.24,148.21,-942.56,-329.93,998.64,941.64,226.54,-839.25,-186.12,859.64,159.90,4.038,0,SACCADE,0.861,0.993,0.814,165.8,lissajous
736386.7813,29.3464,786.53,143.35,-954.32,-295.13,998.91,931.73,214.05,-602.25,-759.32,969.16,161.49,4.078,0,SACCADE,0.970,0.825,0.815,165.8,lissajous
736386.7985,29.3635,770.00,138.91,-966.38,-259.32,1000.57,917.87,209.44,-809.70,-269.06,853.23,163.83,4.138,0,SACCADE,0.853,0.998,0.813,165.9,lissajous
736386.8150,29.3801,753.82,135.23,-977.08,-222.64,1002.12,903.69,199.73,-856.44,-586.69,1038.12,163.16,4.121,0,SACCADE,1.036,0.930,0.814,165.8,lissajous
736386.8311,29.3962,737.94,132.22,-986.16,-186.44,1003.63,884.08,187.54,-1218.34,-756.81,1434.26,156.25,3.946,0,SACCADE,1.429,0.933,0.813,165.8,lissajous
736386.8471,29.4122,722.00,129.81,-993.98,-150.37,1005.29,873.01,175.81,-690.23,-731.54,1005.76,157.86,3.987,0,SACCADE,1.000,0.787,0.812,165.8,lissajous
736386.8634,29.4284,705.78,127.97,-999.96,-113.68,1006.41,852.14,171.84,-1286.78,-245.11,1309.92,152.78,3.859,0,SACCADE,1.302,0.997,0.811,165.7,lissajous
736386.8801,29.4452,688.93,126.70,-1005.86,-75.98,1008.73,840.42,165.09,-699.35,-402.87,807.09,156.28,3.947,0,SACCADE,0.800,0.902,0.811,165.7,lissajous
736386.8962,29.4613,672.72,126.08,-1009.23,-38.16,1009.95,825.77,162.35,-911.82,-170.53,927.63,157.29,3.972,0,SACCADE,0.918,0.989,0.814,165.7,lissajous
736386.9127,29.4778,656.01,126.07,-1012.23,-0.58,1012.23,808.51,156.57,-1045.77,-350.12,1102.82,155.52,3.928,0,SACCADE,1.089,0.948,0.814,165.7,lissajous
736386.9293,29.4944,639.15,126.70,-1014.25,37.72,1014.95,787.21,148.59,-1281.46,-480.30,1368.52,149.67,3.780,0,SACCADE,1.348,0.923,0.811,182.2,lissajous
736386.9463,29.5114,621.96,128.00,-1011.39,76.24,1014.26,779.38,138.33,-460.50,-603.14,758.84,157.76,3.984,0,SACCADE,0.748,0.545,0.810,165.6,lissajous
736386.9632,29.5283,604.85,129.94,-1011.42,115.14,1017.95,762.70,137.15,-986.55,-69.57,989.00,158.01,3.991,0,SACCADE,0.972,0.983,0.809,165.7,lissajous
736386.9802,29.5453,587.71,132.56,-1009.56,153.77,1021.21,744.58,135.18,-1066.60,-116.33,1072.93,156.90,3.963,0,SACCADE,1.051,0.966,0.812,165.7,lissajous
736386.9984,29.5635,569.41,136.07,-1003.65,193.03,1022.04,728.56,137.19,-878.84,110.50,885.76,159.16,4.020,0,SACCADE,0.867,0.998,0.813,165.7,lissajous
736387.0159,29.5810,551.93,140.15,-998.57,232.72,1025.33,715.70,131.51,-735.06,-324.73,803.60,163.99,4.142,0,SACCADE,0.784,0.799,0.814,182.4,lissajous
736387.0321,29.5972,535.90,144.50,-991.48,269.31,1027.41,697.47,131.70,-1126.78,11.98,1126.85,162.08,4.093,0,SACCADE,1.097,0.968,0.816,165.8,lissajous
736387.0487,29.6138,519.62,149.54,-981.82,303.69,1027.72,681.66,130.36,-954.28,-80.82,957.69,163.16,4.121,0,SACCADE,0.932,0.927,0.812,149.3,lissajous
736387.0658,29.6309,502.96,155.34,-972.99,338.97,1030.35,663.76,125.78,-1044.61,-267.43,1078.30,163.50,4.129,0,SACCADE,1.047,0.833,0.809,165.8,lissajous
736387.0819,29.6470,487.45,161.35,-963.18,373.02,1032.89,646.60,127.09,-1066.02,81.00,1069.09,162.80,4.111,0,SACCADE,1.035,0.957,0.817,165.8,lissajous
736387.0980,29.6631,472.17,167.85,-949.70,403.95,1032.04,634.81,128.12,-732.82,64.22,735.63,167.42,4.228,0,SACCADE,0.713,0.951,0.815,165.8,lissajous
736387.1145,29.6796,456.68,175.04,-936.83,435.02,1032.90,613.84,127.97,-1268.60,-8.77,1268.63,164.05,4.143,0,SACCADE,1.228,0.904,0.812,182.4,lissajous
736387.1316,29.6967,440.97,182.97,-921.74,465.54,1032.64,595.10,131.85,-1099.12,227.25,1122.37,162.39,4.101,0,SACCADE,1.087,0.965,0.814,165.8,lissajous
736387.1487,29.7137,425.51,191.43,-905.77,495.57,1032.48,578.12,134.78,-995.11,171.56,1009.79,162.78,4.111,0,SACCADE,0.978,0.946,0.810,149.2,lissajous
736387.1652,29.7303,410.81,200.10,-888.05,523.39,1030.81,562.59,136.63,-938.26,112.24,944.94,164.51,4.155,0,SACCADE,0.917,0.916,0.809,165.8,lissajous
736387.1818,29.7469,396.35,209.23,-868.98,549.13,1027.94,548.06,139.87,-873.01,194.66,894.45,166.81,4.213,0,SACCADE,0.870,0.941,0.808,165.8,lissajous
736387.1985,29.7635,382.23,218.78,-850.15,574.33,1025.97,524.60,141.40,-1411.97,91.92,1414.96,162.04,4.092,0,SACCADE,1.379,0.863,0.804,149.2,lissajous
736387.2162,29.7813,367.54,229.38,-829.22,598.58,1022.69,510.20,145.09,-812.85,208.41,839.14,165.70,4.185,0,SACCADE,0.821,0.931,0.807,165.9,lissajous
736387.2328,29.7979,354.11,239.72,-805.96,620.31,1017.03,492.62,150.71,-1055.02,337.36,1107.65,164.64,4.158,0,SACCADE,1.089,0.941,0.805,149.3,lissajous
736387.2493,29.8143,341.25,250.22,-782.83,639.72,1010.97,478.24,162.07,-875.72,691.42,1115.77,162.90,4.114,0,SACCADE,1.104,1.000,0.805,165.8,lissajous
736387.2664,29.8314,328.27,261.48,-759.58,658.67,1005.39,468.92,170.06,-545.42,467.78,718.54,167.74,4.236,0,SACCADE,0.715,1.000,0.798,149.3,lissajous
736387.2830,29.8481,316.01,272.75,-734.30,675.33,997.64,452.35,176.38,-992.64,378.56,1062.38,166.96,4.216,0,SACCADE,1.065,0.929,0.801,165.9,lissajous
736387.2993,29.8644,304.51,283.95,-706.36,687.52,985.71,435.50,185.67,-1034.76,570.56,1181.63,163.75,4.136,0,SACCADE,1.199,0.964,0.803,165.9,lissajous
736387.3170,29.8821,292.48,296.36,-680.42,701.79,977.49,422.83,201.23,-716.13,879.62,1134.28,161.38,4.076,0,SACCADE,1.160,0.996,0.810,149.4,lissajous
736387.3337,29.8988,281.56,308.31,-655.52,717.08,971.55,405.39,201.89,-1046.75,39.68,1047.50,163.28,4.124,0,SACCADE,1.078,0.702,0.809,166.0,lissajous
736387.3506,29.9156,271.12,320.40,-618.11,716.26,946.09,386.61,213.38,-1111.99,680.22,1303.54,157.46,3.977,0,SACCADE,1.378,0.952,0.806,166.0,lissajous
736387.3671,29.9322,261.30,332.46,-592.44,727.52,938.23,371.96,226.30,-884.04,779.82,1178.83,153.35,3.873,0,SACCADE,1.256,0.986,0.819,166.0,lissajous
736387.3832,29.9483,252.27,344.20,-562.13,731.39,922.46,362.81,233.21,-569.71,430.53,714.09,156.65,3.956,0,SACCADE,0.774,0.964,0.814,165.9,lissajous
736387.3987,29.9638,243.99,355.61,-532.91,734.36,907.35,349.37,244.47,-865.11,724.54,1128.44,153.16,3.868,0,SACCADE,1.244,0.970,0.819,182.4,lissajous
736387.4153,29.9804,235.67,367.80,-502.11,734.96,890.10,332.47,257.00,-1019.05,755.57,1268.60,147.13,3.716,0,SACCADE,1.425,0.945,0.823,165.8,lissajous
736387.4324,29.9975,227.63,380.36,-469.66,734.43,871.76,323.29,269.06,-536.84,705.24,886.32,146.76,3.707,0,SACCADE,1.017,0.997,0.829,165.9,lissajous
736387.4497,30.0148,220.13,392.96,-434.76,729.97,849.63,316.55,279.56,-390.08,608.31,722.64,148.86,3.760,0,SACCADE,0.851,0.999,0.827,182.6,lissajous
736387.4657,30.0308,213.69,404.59,-400.92,724.48,828.02,305.94,291.82,-661.22,763.77,1010.23,145.70,3.680,0,SACCADE,1.220,0.978,0.829,166.0,lissajous
736387.4824,30.0475,207.57,416.56,-367.64,718.10,806.73,287.59,302.30,-1100.96,628.78,1267.86,139.50,3.523,0,SACCADE,1.572,0.837,0.834,166.0,lissajous
736387.4995,30.0646,201.89,428.67,-332.09,708.20,782.20,277.42,310.84,-594.94,499.51,776.83,139.96,3.535,0,SACCADE,0.993,0.907,0.832,166.0,lissajous
736387.5166,30.0817,196.83,440.58,-295.86,696.60,756.82,267.60,325.08,-574.35,832.75,1011.61,135.46,3.421,0,SACCADE,1.337,0.980,0.835,166.0,lissajous
736387.5336,30.0986,192.43,452.16,-259.26,682.77,730.33,258.31,340.92,-547.24,933.68,1082.24,129.29,3.266,0,SACCADE,1.482,0.986,0.836,166.0,lissajous
736387.5508,30.1159,188.60,463.66,-222.50,667.85,703.94,249.13,346.80,-533.39,341.43,633.31,131.61,3.324,0,SMOOTH_PURSUIT,0.900,0.778,0.835,182.7,lissajous
736387.5667,30.1318,185.63,474.05,-186.16,650.59,676.70,239.93,360.78,-576.18,875.74,1048.28,125.61,3.173,0,SACCADE,1.549,0.954,0.837,182.7,lissajous
736387.5835,30.1486,183.11,484.67,-150.18,632.15,649.74,237.20,372.90,-162.39,721.97,740.01,124.16,3.136,0,SACCADE,1.139,1.000,0.836,166.1,lissajous
736387.5996,30.1647,181.28,494.50,-113.91,612.09,622.60,224.49,387.52,-790.85,909.98,1205.62,115.38,2.914,0,SACCADE,1.936,0.862,0.832,166.2,lissajous
736387.6167,30.1818,179.96,504.59,-77.07,589.82,594.83,221.09,398.48,-198.66,640.20,670.31,113.81,2.875,0,SACCADE,1.127,0.985,0.835,166.2,lissajous
736387.6332,30.1983,179.30,513.92,-39.75,566.22,567.61,213.27,409.55,-474.91,672.64,823.40,109.75,2.772,0,SACCADE,1.451,0.855,0.832,166.2,lissajous
736387.6490,30.2141,179.24,522.48,-3.77,541.17,541.19,204.70,423.14,-541.94,858.53,1015.27,102.55,2.591,0,SACCADE,1.876,0.849,0.826,166.2,lissajous
736387.6648,30.2298,179.74,530.62,31.43,516.53,517.48,204.24,433.44,-29.40,653.82,654.48,100.22,2.532,0,SACCADE,1.265,0.994,0.819,149.5,lissajous
736387.6810,30.2460,180.82,538.54,66.95,489.06,493.62,195.90,443.04,-514.56,592.74,784.93,96.68,2.442,0,SACCADE,1.590,0.659,0.816,166.1,lissajous
736387.6974,30.2625,182.52,546.13,103.21,460.28,471.71,192.83,456.04,-186.30,788.71,810.42,90.67,2.291,0,SACCADE,1.718,0.899,0.809,166.1,lissajous
736387.7145,30.2796,184.92,553.46,140.33,429.58,451.92,189.74,469.12,-181.26,766.28,787.43,84.47,2.134,0,SACCADE,1.742,0.854,0.811,149.5,lissajous
736387.7311,30.2961,187.86,560.04,177.34,397.56,435.32,182.28,481.16,-450.46,726.92,855.18,79.08,1.998,0,SACCADE,1.964,0.562,0.805,166.1,lissajous
736387.7472,30.3123,191.29,565.94,213.10,365.35,422.96,181.85,488.53,-26.22,456.91,457.66,77.98,1.970,0,SMOOTH_PURSUIT,1.082,0.834,0.804,149.5,lissajous
736387.7631,30.3282,195.24,571.24,248.07,333.00,415.24,182.86,499.54,63.32,691.87,694.77,72.75,1.838,0,SACCADE,1.673,0.853,0.799,149.5,lissajous
736387.7798,30.3449,199.99,576.25,284.80,300.51,414.02,179.76,510.05,-186.03,630.29,657.17,69.22,1.749,0,SACCADE,1.587,0.501,0.789,132.9,lissajous
736387.7965,30.3616,205.27,580.61,316.46,261.35,410.43,183.40,524.13,217.74,843.33,870.98,60.57,1.530,0,SACCADE,2.122,0.809,0.773,116.3,lissajous
736387.8133,30.3784,211.24,584.43,353.58,226.58,419.95,177.95,528.93,-323.42,284.54,430.77,64.72,1.635,0,DRIFT,1.026,-0.276,0.762,99.7,lissajous
736387.8305,30.3955,217.90,587.67,389.63,189.35,433.20,184.64,535.71,391.14,396.55,557.00,61.69,1.559,0,SMOOTH_PURSUIT,1.286,0.943,0.750,99.7,lissajous
736387.8476,30.4127,225.17,590.25,423.12,150.20,448.99,186.60,539.89,114.17,242.79,268.29,63.44,1.603,0,BLINK,0.598,0.704,0.742,116.3,lissajous
736387.8648,30.4299,233.06,592.17,458.26,111.43,471.61,185.95,550.43,-37.66,612.87,614.02,62.94,1.590,0,BLINK,1.302,0.176,0.729,99.7,lissajous
736387.8819,30.4470,241.47,593.40,492.28,72.19,497.54,189.37,558.95,200.12,498.42,537.09,62.46,1.578,0,BLINK,1.079,0.503,0.722,116.3,lissajous
736387.8980,30.4630,249.86,593.95,523.83,34.04,524.94,189.94,561.15,35.77,137.38,141.96,68.30,1.726,0,BLINK,0.270,0.314,0.717,99.7,lissajous
736387.9145,30.4796,259.04,593.89,554.93,-3.53,554.94,192.93,566.79,180.30,341.02,385.75,71.45,1.805,0,BLINK,0.695,0.462,0.708,99.7,lissajous
736387.9316,30.4967,269.05,593.16,585.56,-42.35,587.09,194.85,571.05,112.46,249.10,273.31,77.43,1.956,0,BLINK,0.466,0.345,0.709,99.7,lissajous
736387.9485,30.5136,279.46,591.79,616.19,-81.44,621.55,196.97,575.25,125.74,248.58,278.57,84.13,2.125,0,BLINK,0.448,0.331,0.712,99.7,lissajous
736387.9648,30.5298,289.96,589.85,645.17,-119.39,656.12,200.46,581.14,214.22,361.58,420.27,89.92,2.272,0,BLINK,0.641,0.345,0.718,132.9,lissajous
736387.9815,30.5466,301.22,587.22,672.96,-156.79,690.99,207.16,582.41,400.37,76.26,407.57,94.19,2.379,0,SMOOTH_PURSUIT,0.590,0.914,0.731,132.9,lissajous
736387.9981,30.5632,312.84,584.00,700.46,-194.19,726.88,217.30,589.76,611.75,442.74,755.15,95.71,2.418,0,SACCADE,1.039,0.624,0.731,149.6,lissajous
736388.0142,30.5793,324.53,580.29,726.19,-230.28,761.83,230.71,595.80,832.68,375.31,913.36,95.09,2.402,0,SACCADE,1.199,0.745,0.734,132.9,lissajous
736388.0302,30.5953,336.58,576.04,751.45,-265.49,796.97,239.47,595.23,546.04,-35.38,547.19,98.99,2.501,0,SMOOTH_PURSUIT,0.687,0.962,0.746,149.5,lissajous
736388.0478,30.6129,350.20,570.75,774.71,-300.79,831.05,244.29,591.98,274.03,-185.16,330.72,108.02,2.729,0,SMOOTH_PURSUIT,0.398,0.975,0.764,149.5,lissajous
736388.0649,30.6300,363.88,564.98,799.58,-337.07,867.72,256.14,593.41,692.45,83.56,697.47,111.44,2.815,0,SACCADE,0.804,0.868,0.777,149.5,lissajous
736388.0810,30.6461,377.13,559.00,822.19,-370.88,901.97,261.90,593.46,357.72,3.62,357.73,120.28,3.038,0,SMOOTH_PURSUIT,0.397,0.907,0.787,166.0,lissajous
736388.0966,30.6617,390.26,552.74,842.30,-402.00,933.31,271.88,592.50,640.07,-61.81,643.05,124.88,3.155,0,SMOOTH_PURSUIT,0.689,0.940,0.793,166.0,lissajous
736388.1132,30.6783,404.56,545.56,861.30,-432.39,963.74,280.18,590.01,500.36,-150.23,522.42,132.08,3.336,0,SMOOTH_PURSUIT,0.542,0.985,0.800,166.0,lissajous
736388.1309,30.6960,420.18,537.34,880.99,-463.88,995.66,295.38,590.44,857.01,24.23,857.36,135.63,3.426,0,SACCADE,0.861,0.871,0.812,166.0,lissajous
736388.1468,30.7119,434.46,529.50,899.42,-493.62,1025.97,304.94,586.62,602.40,-240.54,648.65,141.55,3.575,0,SMOOTH_PURSUIT,0.632,0.993,0.812,165.9,lissajous
736388.1630,30.7280,449.21,521.11,913.74,-519.50,1051.10,323.09,583.76,1123.99,-176.98,1137.84,140.83,3.557,0,SACCADE,1.083,0.936,0.810,165.9,lissajous
736388.1790,30.7440,464.09,512.38,929.98,-545.85,1078.34,332.17,581.89,567.70,-116.94,579.62,149.11,3.766,0,SMOOTH_PURSUIT,0.538,0.947,0.810,182.5,lissajous
736388.1951,30.7602,479.34,503.17,943.06,-569.68,1101.76,341.33,580.01,566.85,-116.00,578.60,157.96,3.989,0,SMOOTH_PURSUIT,0.525,0.942,0.807,165.9,lissajous
736388.2107,30.7757,494.18,493.97,955.56,-592.19,1124.19,355.27,577.50,896.83,-161.51,911.26,162.10,4.094,0,SACCADE,0.811,0.930,0.801,182.5,lissajous
736388.2273,30.7924,510.28,483.75,968.57,-614.50,1147.05,367.30,566.88,724.11,-638.88,965.67,165.39,4.177,0,SACCADE,0.842,0.988,0.800,165.9,lissajous
736388.2444,30.8095,527.01,472.90,976.28,-633.26,1163.68,384.18,557.79,985.27,-531.09,1119.29,166.14,4.196,0,SACCADE,0.962,0.997,0.795,165.9,lissajous
736388.2618,30.8269,544.14,461.56,987.01,-653.31,1183.64,394.99,550.03,622.58,-446.84,766.34,173.41,4.379,0,SACCADE,0.647,0.999,0.788,182.5,lissajous
736388.2787,30.8438,561.03,450.18,998.12,-672.65,1203.62,409.10,539.17,834.16,-642.02,1052.63,176.07,4.446,0,SACCADE,0.875,0.998,0.784,166.0,lissajous
736388.2950,30.8601,577.28,439.06,997.63,-682.80,1208.92,423.59,532.40,889.63,-415.50,981.88,179.81,4.541,0,SACCADE,0.812,0.987,0.778,149.3,lissajous
736388.3109,30.8760,593.37,427.90,1007.84,-699.03,1226.53,437.66,526.06,881.07,-396.94,966.36,184.07,4.648,0,SACCADE,0.788,0.983,0.771,165.9,lissajous
736388.3276,30.8927,610.13,416.13,1007.80,-707.34,1231.26,456.87,519.66,1154.56,-384.93,1217.04,184.95,4.670,0,SACCADE,0.988,0.958,0.770,165.9,lissajous
736388.3446,30.9096,627.31,403.95,1012.21,-718.02,1241.02,464.88,510.05,471.94,-566.38,737.23,194.01,4.899,0,SACCADE,0.594,0.967,0.759,149.3,lissajous
736388.3619,30.9269,644.84,391.40,1013.69,-725.76,1246.72,484.53,500.81,1136.12,-533.74,1255.25,194.10,4.901,0,SACCADE,1.007,0.983,0.751,132.7,lissajous
736388.3781,30.9431,661.25,379.56,1012.81,-730.62,1248.84,502.53,493.00,1111.04,-482.58,1211.32,195.09,4.926,0,SACCADE,0.970,0.977,0.743,116.1,lissajous
736388.3960,30.9611,679.41,366.38,1012.65,-735.04,1251.30,518.08,481.80,867.25,-624.43,1068.67,198.37,5.009,0,SACCADE,0.854,1.000,0.727,99.5,lissajous
736388.4129,30.9780,696.47,353.94,1007.54,-734.86,1247.06,535.41,463.58,1023.74,-1076.15,1485.31,194.84,4.920,0,SACCADE,1.191,0.984,0.723,132.7,lissajous
736388.4286,30.9937,712.22,342.41,1001.97,-733.09,1241.52,549.68,454.89,907.79,-552.64,1062.78,197.66,4.991,0,SACCADE,0.856,0.996,0.717,132.7,lissajous
736388.4455,31.0106,729.09,330.05,997.59,-731.20,1236.86,566.15,446.65,973.79,-487.65,1089.07,200.36,5.059,0,SACCADE,0.881,0.986,0.710,132.7,lissajous
736388.4616,31.0267,745.03,318.36,990.01,-725.99,1227.67,581.02,436.25,923.76,-645.73,1127.07,201.98,5.100,0,SACCADE,0.918,1.000,0.708,116.1,lissajous
736388.4784,31.0435,761.47,306.31,982.67,-719.97,1218.19,602.74,424.67,1298.10,-691.67,1470.88,198.00,5.000,0,SACCADE,1.207,0.990,0.712,149.2,lissajous
736388.4950,31.0601,777.65,294.49,972.30,-710.72,1204.37,613.25,409.46,631.58,-914.22,1111.17,200.62,5.065,0,SACCADE,0.923,0.944,0.709,132.6,lissajous
736388.5117,31.0767,793.65,282.83,961.57,-700.21,1189.50,634.37,397.43,1268.85,-722.86,1460.31,196.23,4.955,0,SACCADE,1.228,0.994,0.721,132.7,lissajous
736388.5282,31.0933,809.39,271.44,950.36,-688.38,1173.48,649.51,386.96,914.39,-632.17,1111.65,197.25,4.981,0,SACCADE,0.947,1.000,0.725,149.3,lissajous
736388.5458,31.1108,825.76,259.66,933.61,-671.45,1149.99,672.00,372.07,1282.25,-849.33,1538.03,190.47,4.810,0,SACCADE,1.337,0.999,0.734,149.3,lissajous
736388.5628,31.1279,841.42,248.50,919.81,-655.59,1129.53,686.83,363.26,871.51,-517.10,1013.37,192.53,4.862,0,SACCADE,0.897,0.996,0.734,132.7,lissajous
736388.5797,31.1448,856.68,237.74,902.72,-636.53,1104.56,705.45,348.88,1102.05,-851.52,1392.70,187.67,4.739,0,SACCADE,1.261,0.999,0.736,149.3,lissajous
736388.5959,31.1610,871.07,227.72,885.84,-616.89,1079.48,720.42,340.18,920.74,-534.86,1064.82,188.00,4.747,0,SACCADE,0.986,0.997,0.742,149.3,lissajous
736388.6129,31.1780,885.80,217.61,868.20,-595.82,1052.98,741.60,323.05,1248.85,-1010.43,1606.42,178.63,4.511,0,SACCADE,1.526,0.997,0.749,165.9,lissajous
736388.6304,31.1955,900.58,207.64,845.63,-570.18,1019.90,751.41,313.51,561.07,-545.35,782.43,182.93,4.619,0,SACCADE,0.767,0.984,0.746,149.4,lissajous
736388.6480,31.2130,915.08,198.07,824.38,-544.40,987.91,770.66,306.00,1094.43,-427.28,1174.88,180.30,4.553,0,SACCADE,1.189,0.978,0.752,149.5,lissajous
736388.6641,31.2292,928.00,189.73,801.55,-517.23,953.94,784.36,289.13,850.60,-1046.90,1348.90,174.67,4.411,0,SACCADE,1.414,0.951,0.766,166.1,lissajous
736388.6798,31.2449,940.30,181.99,780.26,-491.03,921.91,800.84,279.49,1045.02,-611.17,1210.62,170.16,4.297,0,SACCADE,1.313,0.999,0.771,149.4,lissajous
736388.6962,31.2612,952.66,174.43,757.07,-462.90,887.37,818.87,264.44,1104.24,-921.84,1438.45,161.25,4.072,0,SACCADE,1.621,0.989,0.781,166.0,lissajous
736388.7118,31.2768,964.07,167.68,731.69,-432.94,850.18,835.25,257.72,1050.51,-431.25,1135.58,157.17,3.969,0,SACCADE,1.336,0.990,0.791,165.9,lissajous
736388.7292,31.2943,976.43,160.65,706.72,-402.09,813.10,851.33,244.82,919.57,-737.84,1178.99,150.78,3.808,0,SACCADE,1.450,0.987,0.796,165.9,lissajous
736388.7456,31.3107,987.54,154.62,678.79,-368.59,772.40,863.26,234.69,728.88,-618.68,956.04,147.84,3.734,0,SACCADE,1.238,0.979,0.799,165.9,lissajous
736388.7618,31.3269,998.11,149.17,652.11,-335.94,733.56,874.44,228.23,689.79,-398.45,796.60,146.78,3.707,0,SACCADE,1.086,0.999,0.801,165.9,lissajous
736388.7785,31.3435,1008.47,144.16,622.98,-301.42,692.07,894.18,214.83,1187.31,-806.01,1435.05,134.37,3.394,0,SACCADE,2.074,0.989,0.802,182.5,lissajous
736388.7954,31.3605,1018.53,139.65,593.97,-266.07,650.84,910.24,205.48,947.81,-552.26,1096.97,126.73,3.201,0,SACCADE,1.685,0.994,0.804,182.5,lissajous
736388.8126,31.3777,1028.18,135.73,561.28,-228.35,605.96,920.56,195.90,600.35,-557.00,818.94,123.30,3.115,0,SACCADE,1.351,0.935,0.805,182.5,lissajous
736388.8287,31.3937,1036.71,132.64,530.58,-191.78,564.18,927.83,189.73,451.84,-383.67,592.76,122.94,3.106,0,SMOOTH_PURSUIT,1.051,0.937,0.798,165.9,lissajous
736388.8457,31.4108,1045.20,130.01,499.14,-154.78,522.59,945.49,178.79,1038.68,-643.07,1221.64,111.00,2.804,0,SACCADE,2.338,0.968,0.798,165.9,lissajous
736388.8620,31.4271,1052.81,128.10,466.63,-117.01,481.07,960.54,173.49,923.68,-325.50,979.36,102.82,2.597,0,SACCADE,2.036,0.996,0.793,165.9,lissajous
736388.8781,31.4432,1059.81,126.82,434.08,-79.86,441.37,966.99,166.62,399.53,-425.54,583.71,101.00,2.551,0,SMOOTH_PURSUIT,1.322,0.805,0.781,149.3,lissajous
736388.8941,31.4592,1066.23,126.13,401.54,-42.90,403.82,982.47,164.41,967.31,-138.07,977.12,92.10,2.327,0,SACCADE,2.420,0.999,0.775,165.8,lissajous
736388.9110,31.4761,1072.46,126.05,367.52,-4.88,367.55,995.85,154.00,789.99,-614.71,1000.97,81.55,2.060,0,SACCADE,2.723,0.797,0.764,165.8,lissajous
736388.9271,31.4922,1077.82,126.58,333.02,33.24,334.68,1007.54,153.64,726.64,-22.20,726.98,75.31,1.903,0,SACCADE,2.172,0.992,0.755,165.8,lissajous
736388.9444,31.5094,1082.95,127.82,297.79,71.63,306.28,1014.51,144.49,404.64,-531.18,667.75,70.44,1.780,0,SACCADE,2.180,0.403,0.743,149.3,lissajous
736388.9611,31.5262,1087.33,129.67,261.28,110.55,283.70,1021.67,134.84,426.87,-575.42,716.46,65.86,1.664,0,SACCADE,2.525,0.236,0.732,149.4,lissajous
736388.9780,31.5431,1091.12,132.18,224.92,148.74,269.65,1033.42,134.31,697.63,-31.51,698.35,57.74,1.459,0,SACCADE,2.590,0.808,0.718,166.0,lissajous
736388.9945,31.5596,1094.23,135.25,188.61,186.25,265.07,1039.10,129.27,344.53,-305.45,460.44,55.45,1.401,0,DRIFT,1.737,0.066,0.717,149.4,lissajous
736389.0110,31.5761,1096.75,138.93,152.29,222.83,269.90,1051.28,129.33,736.14,3.56,736.15,46.47,1.174,0,SACCADE,2.727,0.568,0.704,132.8,lissajous
736389.0277,31.5927,1098.67,143.24,115.66,259.01,283.66,1055.23,127.97,237.39,-81.97,251.15,46.05,1.163,0,DRIFT,0.885,0.087,0.700,116.2,lissajous
736389.0443,31.6094,1099.99,148.15,78.77,294.71,305.05,1060.71,129.36,328.85,83.84,339.37,43.54,1.100,0,SMOOTH_PURSUIT,1.112,0.489,0.698,99.6,lissajous
736389.0614,31.6265,1100.69,153.81,41.16,329.98,332.54,1065.22,128.75,263.31,-35.84,265.73,43.43,1.097,0,DRIFT,0.799,-0.011,0.698,166.1,lissajous
736389.0785,31.6436,1100.74,160.04,3.04,364.77,364.78,1071.63,130.15,374.87,81.73,383.68,41.73,1.054,1,DRIFT,1.052,0.221,0.708,149.5,lissajous
736389.0952,31.6602,1100.17,166.66,-34.49,397.83,399.33,1079.97,126.39,501.28,-226.06,549.89,45.05,1.138,0,DRIFT,1.377,-0.488,0.712,132.9,lissajous
736389.1117,31.6768,1098.99,173.77,-71.49,430.11,436.01,1085.02,129.80,305.78,206.13,368.77,46.14,1.166,0,SMOOTH_PURSUIT,0.846,0.415,0.719,116.3,lissajous
736389.1284,31.6935,1097.18,181.45,-108.26,460.04,472.61,1087.13,132.25,126.21,146.98,193.73,50.22,1.269,0,SMOOTH_PURSUIT,0.410,0.589,0.734,132.9,lissajous
736389.1455,31.7106,1094.66,189.90,-146.93,493.87,515.26,1090.05,132.87,170.38,36.46,174.24,57.22,1.446,0,DRIFT,0.338,-0.078,0.745,132.9,lissajous
736389.1623,31.7274,1091.61,198.56,-181.75,514.71,545.85,1090.52,135.91,27.92,180.51,182.66,62.66,1.583,0,SMOOTH_PURSUIT,0.335,0.881,0.766,132.9,lissajous
736389.1802,31.7453,1087.67,208.29,-220.71,545.80,588.74,1090.10,136.12,-23.61,11.71,26.36,72.21,1.824,0,SMOOTH_PURSUIT,0.045,0.748,0.784,133.0,lissajous
736389.1964,31.7615,1083.49,217.57,-258.22,572.80,628.31,1096.47,139.25,393.18,193.34,438.15,79.39,2.006,0,DRIFT,0.697,0.033,0.792,133.0,lissajous
736389.2139,31.7790,1078.32,228.03,-293.91,595.30,663.90,1099.63,143.75,179.91,256.17,313.03,86.93,2.196,0,SMOOTH_PURSUIT,0.472,0.479,0.801,133.0,lissajous
736389.2300,31.7951,1073.03,237.95,-329.06,616.30,698.65,1101.02,154.59,86.35,673.38,678.90,87.93,2.221,0,SACCADE,0.972,0.815,0.805,149.6,lissajous
736389.2463,31.8113,1067.13,248.29,-363.56,637.01,733.46,1095.27,160.01,-354.12,333.95,486.75,92.65,2.341,0,SMOOTH_PURSUIT,0.664,0.956,0.814,149.7,lissajous
736389.2635,31.8286,1060.27,259.58,-397.74,654.78,766.12,1093.35,168.22,-111.29,476.18,489.01,97.16,2.455,0,SMOOTH_PURSUIT,0.638,0.950,0.823,149.7,lissajous
736389.2806,31.8456,1052.88,271.06,-433.20,672.72,800.13,1094.06,171.77,41.66,207.88,212.02,107.49,2.715,0,SMOOTH_PURSUIT,0.265,0.718,0.832,166.4,lissajous
736389.2966,31.8617,1045.40,282.08,-465.39,685.95,828.92,1091.63,186.50,-151.06,916.09,928.46,106.18,2.682,0,SACCADE,1.120,0.908,0.829,149.7,lissajous
736389.3129,31.8780,1037.28,293.49,-498.01,699.68,858.82,1092.81,192.29,72.09,355.64,362.87,115.43,2.916,0,SMOOTH_PURSUIT,0.423,0.683,0.836,166.3,lissajous
736389.3294,31.8945,1028.55,305.21,-529.99,711.03,886.83,1088.11,202.94,-284.93,646.35,706.37,118.35,2.989,0,SACCADE,0.797,0.975,0.839,166.3,lissajous
736389.3461,31.9112,1019.21,317.19,-559.23,717.47,909.67,1084.58,210.77,-211.90,468.56,514.25,124.89,3.155,0,SMOOTH_PURSUIT,0.565,0.972,0.844,166.3,lissajous
736389.3629,31.9280,1009.26,329.41,-591.76,726.84,937.27,1082.83,218.50,-103.63,459.80,471.33,133.09,3.362,0,SMOOTH_PURSUIT,0.503,0.895,0.850,166.4,lissajous
736389.3795,31.9446,998.98,341.52,-620.98,731.15,959.26,1080.32,230.28,-151.90,711.56,727.59,137.80,3.481,0,SACCADE,0.758,0.881,0.851,166.4,lissajous
736389.3967,31.9618,987.80,354.14,-649.31,733.12,979.32,1074.93,243.56,-312.65,770.91,831.89,140.79,3.556,0,SACCADE,0.849,0.943,0.852,166.5,lissajous
736389.4129,31.9780,976.81,366.05,-679.12,736.01,1001.45,1061.71,253.41,-817.20,609.07,1019.20,141.05,3.563,0,SACCADE,1.018,0.983,0.849,166.5,lissajous
736389.4291,31.9941,965.44,377.89,-703.46,732.93,1015.90,1056.63,265.26,-314.64,733.15,797.81,144.92,3.660,0,SACCADE,0.785,0.936,0.851,166.4,lissajous
736389.4455,32.0106,953.45,389.90,-730.13,731.15,1033.28,1048.29,276.30,-507.85,672.17,842.45,147.98,3.738,0,SACCADE,0.815,0.991,0.850,166.5,lissajous
736389.4620,32.0271,940.96,401.91,-755.28,726.46,1047.95,1041.60,289.28,-404.73,785.45,883.59,151.03,3.815,0,SACCADE,0.843,0.946,0.852,166.5,lissajous
736389.4777,32.0428,928.76,413.19,-778.43,719.55,1060.05,1031.20,296.67,-662.85,471.11,813.21,155.15,3.919,0,SACCADE,0.767,0.992,0.848,166.5,lissajous
736389.4945,32.0596,915.27,425.16,-801.44,711.28,1071.55,1022.64,310.31,-509.10,810.92,957.48,157.21,3.971,0,SACCADE,0.894,0.960,0.848,166.5,lissajous
736389.5120,32.0771,900.86,437.40,-824.00,699.99,1081.19,1011.94,326.07,-611.66,900.72,1088.77,157.27,3.972,0,SACCADE,1.007,0.964,0.848,166.6,lissajous
736389.5281,32.0932,887.23,448.48,-845.33,687.30,1089.48,1006.16,330.66,-358.82,285.09,458.28,167.40,4.228,0,SMOOTH_PURSUIT,0.421,1.000,0.841,166.5,lissajous
736389.5437,32.1087,873.81,458.94,-864.37,673.58,1095.83,995.36,343.99,-695.31,857.94,1104.32,167.30,4.225,0,SACCADE,1.008,0.974,0.840,166.5,lissajous
736389.5603,32.1254,859.14,469.88,-882.06,657.49,1100.14,981.74,359.12,-818.80,910.09,1224.21,165.22,4.173,0,SACCADE,1.113,0.981,0.838,166.5,lissajous
736389.5769,32.1420,844.21,480.49,-899.91,639.69,1104.10,972.85,373.47,-535.63,864.70,1017.15,167.34,4.226,0,SACCADE,0.921,0.922,0.837,166.4,lissajous
736389.5935,32.1586,828.93,490.83,-916.81,620.24,1106.91,964.07,385.37,-526.78,713.68,887.04,171.42,4.329,0,SACCADE,0.801,0.943,0.836,166.5,lissajous
736389.6117,32.1768,811.98,501.69,-932.55,597.58,1107.59,948.13,398.15,-877.05,703.70,1124.46,171.05,4.320,0,SACCADE,1.015,0.994,0.835,166.5,lissajous
736389.6273,32.1924,797.17,510.67,-947.47,574.50,1108.04,934.65,412.06,-862.58,889.70,1239.20,169.19,4.273,0,SACCADE,1.118,0.967,0.837,166.5,lissajous
736389.6440,32.2091,781.23,519.81,-957.49,549.17,1103.80,921.61,418.51,-783.64,387.59,874.26,173.11,4.372,0,SACCADE,0.792,0.998,0.840,166.5,lissajous
736389.6605,32.2256,765.22,528.45,-969.98,523.73,1102.34,906.73,430.56,-901.17,729.93,1159.70,172.07,4.345,0,SACCADE,1.052,0.983,0.840,149.8,lissajous
736389.6776,32.2427,748.45,536.94,-980.36,495.88,1098.63,896.18,442.29,-616.84,685.86,922.43,175.45,4.431,0,SACCADE,0.840,0.932,0.836,166.5,lissajous
736389.6948,32.2599,731.43,544.95,-989.27,465.87,1093.47,878.40,453.67,-1033.35,661.70,1227.05,173.01,4.369,0,SACCADE,1.122,0.992,0.835,149.9,lissajous
736389.7109,32.2760,715.40,551.96,-996.23,435.33,1087.19,861.63,462.88,-1041.78,572.00,1188.48,171.23,4.324,0,SACCADE,1.093,0.996,0.837,166.5,lissajous
736389.7275,32.2926,698.77,558.67,-1002.52,404.52,1081.05,852.17,472.36,-570.60,571.72,807.74,176.01,4.445,0,SACCADE,0.747,0.920,0.836,166.5,lissajous
736389.7445,32.3096,681.58,565.01,-1008.58,372.01,1075.00,839.23,487.23,-759.34,872.28,1156.49,175.79,4.439,0,SACCADE,1.076,0.877,0.836,166.5,lissajous
736389.7616,32.3266,664.35,570.75,-1011.29,337.22,1066.03,817.86,494.54,-1254.21,429.10,1325.58,171.39,4.328,0,SACCADE,1.243,1.000,0.836,149.8,lissajous
736389.7782,32.3433,647.50,575.78,-1010.78,301.43,1054.77,802.20,508.26,-939.27,822.90,1248.75,168.79,4.263,0,SACCADE,1.184,0.909,0.838,166.5,lissajous
736389.7958,32.3609,629.72,580.44,-1013.34,265.60,1047.57,788.49,513.00,-781.50,270.23,826.90,172.50,4.356,0,SACCADE,0.789,0.997,0.836,166.5,lissajous
736389.8122,32.3773,613.13,584.18,-1012.30,228.67,1037.81,774.21,524.42,-871.33,696.81,1115.68,171.81,4.339,0,SACCADE,1.075,0.899,0.837,166.5,lissajous
736389.8282,32.3933,596.92,587.28,-1010.23,192.81,1028.47,754.87,532.52,-1204.75,504.68,1306.19,167.18,4.222,0,SACCADE,1.270,0.978,0.846,166.5,lissajous
736389.8448,32.4099,580.23,589.87,-1006.99,156.25,1019.04,740.03,539.28,-895.63,407.54,983.99,167.62,4.233,0,SACCADE,0.966,0.963,0.849,166.5,lissajous
736389.8618,32.4269,563.16,591.88,-1002.48,118.17,1009.42,725.04,544.58,-880.22,310.99,933.54,168.66,4.259,0,SACCADE,0.925,0.975,0.851,166.6,lissajous
736389.8788,32.4439,546.24,593.23,-995.73,79.21,998.88,707.79,554.67,-1015.62,594.53,1176.84,166.08,4.194,0,SACCADE,1.178,0.900,0.853,166.6,lissajous
736389.8957,32.4608,529.54,593.91,-987.97,40.21,988.78,687.52,563.26,-1198.78,507.80,1301.90,160.93,4.064,0,SACCADE,1.317,0.936,0.854,166.6,lissajous
736389.9124,32.4775,513.19,593.93,-980.69,1.43,980.69,675.66,566.79,-711.55,211.84,742.42,164.72,4.160,0,SACCADE,0.757,0.959,0.851,166.7,lissajous
736389.9292,32.4943,496.95,593.31,-967.50,-37.13,968.21,657.33,571.34,-1092.27,270.88,1125.35,161.87,4.088,0,SACCADE,1.162,0.961,0.860,166.7,lissajous
736389.9457,32.5108,481.09,592.06,-957.43,-75.55,960.41,640.93,580.85,-989.38,574.11,1143.89,160.24,4.047,0,SACCADE,1.191,0.823,0.859,150.0,lissajous
736389.9621,32.5272,465.66,590.21,-944.48,-113.19,951.23,622.99,580.31,-1097.80,-32.99,1098.29,157.65,3.982,0,SACCADE,1.155,0.996,0.858,166.6,lissajous
736389.9782,32.5433,450.65,587.79,-930.94,-150.07,942.96,606.13,584.41,-1045.91,254.18,1076.35,155.52,3.928,0,SACCADE,1.141,0.922,0.860,166.6,lissajous
736389.9943,32.5594,435.89,584.79,-916.38,-186.32,935.12,586.80,585.44,-1200.64,63.92,1202.34,150.91,3.811,0,SACCADE,1.286,0.968,0.861,166.4,lissajous
736390.0105,32.5756,421.31,581.19,-900.45,-222.15,927.45,576.17,587.28,-656.31,113.89,666.12,154.98,3.914,0,SACCADE,0.718,0.916,0.859,166.4,lissajous
736390.0276,32.5927,406.18,576.76,-882.58,-258.46,919.64,551.06,595.08,-1464.99,454.78,1533.96,146.03,3.688,0,SACCADE,1.668,0.833,0.853,149.8,lissajous
736390.0442,32.6093,391.87,571.88,-863.61,-294.53,912.46,537.50,592.87,-818.58,-133.17,829.34,147.13,3.716,0,SACCADE,0.909,0.986,0.853,166.4,lissajous
736390.0617,32.6268,377.12,566.10,-842.81,-329.99,905.11,520.39,588.09,-977.30,-272.68,1014.62,144.95,3.661,0,SACCADE,1.121,0.995,0.853,166.4,lissajous
736390.0788,32.6439,363.05,559.84,-821.58,-365.53,899.22,502.75,592.08,-1030.15,232.66,1056.10,143.37,3.621,0,SACCADE,1.174,0.802,0.854,183.1,lissajous
736390.0947,32.6598,350.37,553.53,-798.93,-397.82,892.50,493.53,588.12,-580.90,-249.26,632.12,147.28,3.720,0,SMOOTH_PURSUIT,0.708,0.998,0.853,166.5,lissajous
736390.1112,32.6763,337.57,546.46,-776.83,-429.00,887.42,475.88,587.05,-1071.66,-64.95,1073.63,144.14,3.641,0,SACCADE,1.210,0.903,0.855,166.5,lissajous
736390.1281,32.6932,324.85,538.69,-751.54,-459.22,880.73,454.38,590.06,-1269.67,177.69,1282.04,139.35,3.520,0,SACCADE,1.456,0.773,0.853,166.5,lissajous
736390.1451,32.7102,312.51,530.37,-726.43,-489.58,876.01,443.48,586.05,-641.66,-235.95,683.67,142.32,3.595,0,SACCADE,0.780,0.971,0.849,166.5,lissajous
736390.1613,32.7264,301.15,521.97,-699.94,-517.40,870.41,426.59,582.27,-1040.51,-232.75,1066.23,139.18,3.516,0,SACCADE,1.225,0.915,0.848,166.5,lissajous
736390.1778,32.7429,290.05,513.01,-673.02,-543.46,865.05,413.09,582.51,-818.26,14.36,818.39,141.32,3.569,0,SACCADE,0.946,0.767,0.844,166.4,lissajous
736390.1948,32.7599,279.08,503.34,-644.75,-568.80,859.79,401.33,580.15,-691.89,-139.11,705.74,144.37,3.646,0,SACCADE,0.821,0.866,0.847,183.1,lissajous
736390.2121,32.7772,268.47,493.10,-614.86,-593.05,854.26,385.21,575.64,-933.88,-261.17,969.71,142.97,3.611,0,SACCADE,1.135,0.880,0.849,166.4,lissajous
736390.2285,32.7936,258.87,483.00,-584.51,-615.10,848.53,374.81,567.39,-632.83,-501.90,807.70,143.41,3.622,0,SACCADE,0.952,0.990,0.848,166.4,lissajous
736390.2454,32.8104,249.55,472.30,-553.97,-635.39,842.98,361.99,558.51,-761.65,-528.05,926.80,141.69,3.579,0,SACCADE,1.099,0.970,0.846,166.4,lissajous
736390.2622,32.8273,240.68,461.19,-525.95,-659.02,843.17,344.37,554.45,-1045.17,-240.87,1072.56,139.46,3.522,0,SACCADE,1.272,0.783,0.847,183.1,lissajous
736390.2790,32.8441,232.54,450.04,-485.69,-665.59,823.96,337.23,547.38,-426.30,-421.57,599.55,142.95,3.611,0,SMOOTH_PURSUIT,0.728,0.987,0.847,166.4,lissajous
736390.2945,32.8596,225.43,439.40,-457.84,-685.12,824.02,319.86,541.58,-1119.20,-373.61,1179.91,139.13,3.514,0,SACCADE,1.432,0.790,0.847,166.4,lissajous
736390.3107,32.8758,218.53,428.10,-426.07,-697.58,817.41,307.40,527.57,-768.99,-864.98,1157.38,133.39,3.369,0,SACCADE,1.416,0.984,0.844,166.3,lissajous
736390.3273,32.8923,212.03,416.37,-392.68,-708.56,810.10,298.69,516.11,-525.80,-691.83,868.97,132.14,3.338,0,SACCADE,1.073,0.990,0.846,166.3,lissajous
736390.3436,32.9087,206.09,404.48,-363.76,-728.50,814.27,286.86,505.74,-725.21,-635.47,964.23,129.53,3.272,0,SACCADE,1.184,0.926,0.850,166.3,lissajous
736390.3604,32.9255,200.71,392.43,-319.16,-715.13,783.12,274.08,498.79,-758.33,-412.49,863.26,129.21,3.264,0,SACCADE,1.102,0.794,0.851,182.9,lissajous
736390.3774,32.9425,195.82,380.02,-287.61,-729.72,784.35,264.58,490.57,-558.51,-483.35,738.61,130.19,3.288,0,SACCADE,0.942,0.886,0.852,166.3,lissajous
736390.3942,32.9593,191.61,367.73,-251.72,-733.92,775.89,259.54,478.07,-301.05,-746.60,805.01,129.58,3.273,0,SACCADE,1.038,0.999,0.853,166.4,lissajous
736390.4107,32.9758,188.05,355.59,-215.59,-734.96,765.93,246.25,466.15,-804.57,-722.07,1081.07,124.94,3.156,0,SACCADE,1.411,0.850,0.856,166.4,lissajous
736390.4277,32.9928,184.99,343.06,-179.13,-735.20,756.71,238.97,458.41,-427.14,-454.05,623.39,127.35,3.217,0,SMOOTH_PURSUIT,0.824,0.870,0.853,166.4,lissajous
736390.4439,33.0090,182.69,331.24,-142.21,-730.76,744.46,229.63,442.16,-577.84,-1004.50,1158.84,120.44,3.042,0,SACCADE,1.557,0.946,0.851,166.3,lissajous
736390.4611,33.0261,180.88,318.78,-105.51,-726.59,734.21,219.84,432.59,-570.79,-558.02,798.24,120.29,3.039,0,SACCADE,1.087,0.795,0.852,166.4,lissajous
736390.4780,33.0431,179.74,306.60,-67.70,-719.64,722.82,210.45,422.43,-554.40,-600.15,817.03,119.84,3.027,0,SACCADE,1.130,0.795,0.855,166.4,lissajous
736390.4943,33.0593,179.24,295.02,-30.78,-711.42,712.09,211.53,408.31,66.43,-867.75,870.29,117.80,2.976,0,SACCADE,1.222,0.993,0.854,166.4,lissajous
736390.5115,33.0765,179.35,282.97,6.55,-701.20,701.23,206.02,401.44,-320.37,-399.68,512.23,121.44,3.068,0,SMOOTH_PURSUIT,0.730,0.774,0.852,166.4,lissajous
736390.5281,33.0932,180.08,271.54,44.16,-686.62,688.04,200.21,386.45,-349.46,-901.11,966.50,116.65,2.947,0,SACCADE,1.405,0.907,0.852,166.4,lissajous
736390.5446,33.1096,181.42,260.46,80.97,-672.78,677.63,196.89,371.74,-201.63,-892.88,915.37,112.35,2.838,0,SACCADE,1.351,0.942,0.852,166.3,lissajous
736390.5616,33.1267,183.43,249.25,118.25,-656.93,667.48,188.45,365.84,-494.61,-345.50,603.33,116.70,2.948,0,SMOOTH_PURSUIT,0.904,0.418,0.852,166.4,lissajous
736390.5783,33.1434,186.03,238.59,155.46,-638.09,656.76,188.37,348.41,-4.85,-1043.39,1043.40,109.85,2.775,0,SACCADE,1.589,0.970,0.847,149.7,lissajous
736390.5949,33.1600,189.22,228.33,192.05,-618.28,647.42,185.71,337.66,-159.90,-648.09,667.53,109.38,2.763,0,SACCADE,1.031,0.856,0.847,166.4,lissajous
736390.6105,33.1756,192.75,219.03,227.10,-597.40,639.11,183.92,326.71,-114.96,-703.29,712.63,108.04,2.729,0,SACCADE,1.115,0.865,0.847,183.0,lissajous
736390.6275,33.1926,197.22,209.26,262.16,-574.31,631.32,184.42,311.80,28.93,-875.97,876.45,103.34,2.611,0,SACCADE,1.388,0.923,0.847,166.4,lissajous
736390.6441,33.2091,202.16,200.15,298.40,-549.98,625.72,178.47,298.93,-359.17,-777.30,856.27,101.58,2.566,0,SACCADE,1.368,0.598,0.844,149.8,lissajous
736390.6602,33.2253,207.53,191.69,332.77,-523.71,620.48,184.04,292.57,344.61,-393.95,523.40,103.58,2.617,0,SMOOTH_PURSUIT,0.844,0.988,0.838,149.8,lissajous
736390.6775,33.2426,213.88,183.12,367.94,-496.28,617.79,181.10,280.61,-170.51,-692.81,713.49,102.85,2.598,0,SACCADE,1.155,0.638,0.835,149.8,lissajous
736390.6940,33.2591,220.53,175.42,402.61,-466.67,616.34,181.35,269.19,15.02,-692.22,692.38,101.62,2.567,0,SACCADE,1.123,0.771,0.825,166.5,lissajous
736390.7107,33.2757,227.80,168.14,436.24,-436.42,617.06,186.00,257.06,279.03,-726.78,778.51,98.26,2.482,0,SACCADE,1.262,0.914,0.822,149.8,lissajous
736390.7272,33.2923,235.56,161.44,469.90,-405.48,620.66,186.73,240.72,43.99,-989.46,990.43,93.11,2.352,0,SACCADE,1.596,0.686,0.815,149.8,lissajous
736390.7439,33.3090,243.94,155.23,501.33,-372.09,624.33,187.39,235.47,39.55,-314.62,317.10,98.16,2.480,0,SMOOTH_PURSUIT,0.508,0.691,0.808,133.2,lissajous
736390.7601,33.3252,252.58,149.73,533.18,-339.15,631.90,190.10,221.71,167.34,-848.89,865.23,95.31,2.408,0,SACCADE,1.369,0.690,0.794,149.8,lissajous
736390.7765,33.3416,261.84,144.72,563.87,-305.40,641.26,193.85,214.93,228.34,-413.18,472.08,97.73,2.469,0,SMOOTH_PURSUIT,0.736,0.842,0.787,133.2,lissajous
736390.7928,33.3578,271.48,140.32,594.02,-270.83,652.84,195.21,204.54,83.42,-639.27,644.69,99.72,2.519,0,SMOOTH_PURSUIT,0.988,0.529,0.777,133.2,lissajous
736390.8099,33.3750,282.18,136.30,623.53,-234.51,666.17,202.01,199.20,396.89,-311.60,504.60,101.90,2.574,0,SMOOTH_PURSUIT,0.757,0.954,0.773,149.8,lissajous
736390.8275,33.3926,293.69,132.84,653.59,-196.14,682.38,207.15,191.12,291.45,-458.95,543.68,104.33,2.636,0,SMOOTH_PURSUIT,0.797,0.756,0.779,183.2,lissajous
736390.8450,33.4101,305.62,130.10,682.94,-156.82,700.72,214.32,187.97,410.36,-179.96,448.09,108.10,2.731,0,SMOOTH_PURSUIT,0.639,0.982,0.789,166.5,lissajous
736390.8610,33.4261,316.99,128.20,709.74,-118.81,719.62,218.73,170.88,275.34,-1067.33,1102.27,107.13,2.706,0,SACCADE,1.532,0.406,0.782,149.8,lissajous
736390.8765,33.4416,328.41,126.91,735.04,-82.82,739.69,231.80,169.43,841.56,-92.90,846.67,105.55,2.666,0,SACCADE,1.145,1.000,0.780,149.7,lissajous
736390.8942,33.4593,341.85,126.13,759.59,-44.55,760.89,244.09,155.06,694.53,-812.11,1068.60,101.95,2.576,0,SACCADE,1.404,0.693,0.777,166.5,lissajous
736390.9118,33.4769,355.62,126.06,785.18,-3.90,785.19,245.80,155.07,97.38,0.87,97.38,113.59,2.869,0,SMOOTH_PURSUIT,0.124,1.000,0.780,149.9,lissajous
736390.9288,33.4939,369.37,126.67,808.98,35.97,809.78,258.38,148.18,739.97,-405.75,843.91,113.06,2.856,0,SACCADE,1.042,0.855,0.780,149.9,lissajous
736390.9458,33.5109,383.56,127.95,830.94,75.16,834.33,267.09,142.12,510.42,-354.53,621.47,117.33,2.964,0,SMOOTH_PURSUIT,0.745,0.767,0.787,149.9,lissajous
736390.9628,33.5278,398.01,129.89,854.05,114.38,861.67,278.76,141.09,689.57,-61.31,692.29,119.77,3.025,0,SACCADE,0.803,0.975,0.792,166.6,lissajous
736390.9795,33.5446,412.54,132.43,870.00,151.98,883.17,290.05,133.25,675.80,-468.75,822.46,122.50,3.094,0,SACCADE,0.931,0.711,0.797,183.2,lissajous
736390.9964,33.5615,427.62,135.65,890.77,190.12,910.84,301.51,133.27,677.13,0.69,677.13,126.13,3.186,0,SACCADE,0.743,0.978,0.800,166.6,lissajous
736391.0144,33.5795,444.00,139.77,907.90,228.62,936.24,312.49,131.34,608.54,-106.81,617.84,131.78,3.329,0,SMOOTH_PURSUIT,0.660,0.913,0.800,166.7,lissajous
736391.0315,33.5966,459.80,144.33,925.10,266.92,962.84,324.12,129.23,680.85,-123.35,691.93,136.52,3.448,0,SACCADE,0.719,0.896,0.808,166.7,lissajous
736391.0481,33.6132,475.37,149.34,939.58,302.68,987.13,337.62,127.03,814.92,-132.66,825.65,139.54,3.525,0,SACCADE,0.836,0.890,0.808,166.7,lissajous
736391.0637,33.6288,490.27,154.60,952.43,336.17,1010.01,345.59,127.37,509.60,21.68,510.06,147.21,3.718,0,SMOOTH_PURSUIT,0.505,0.956,0.806,166.6,lissajous
736391.0793,33.6444,505.34,160.36,967.25,369.20,1035.32,360.96,133.41,985.66,387.02,1058.92,146.88,3.710,0,SACCADE,1.023,1.000,0.809,183.2,lissajous
736391.0964,33.6615,521.96,167.18,971.23,398.75,1049.90,377.16,133.19,947.17,-12.59,947.25,148.73,3.756,0,SACCADE,0.902,0.920,0.809,166.7,lissajous
736391.1136,33.6787,538.84,174.60,984.35,432.67,1075.24,390.77,127.54,793.54,-329.52,859.23,155.37,3.924,0,SACCADE,0.799,0.691,0.809,166.6,lissajous
736391.1297,33.6948,554.85,182.07,992.81,463.29,1095.59,403.19,130.00,769.85,152.40,784.79,160.35,4.050,0,SACCADE,0.716,0.971,0.806,166.6,lissajous
736391.1459,33.7110,571.03,190.03,998.82,491.36,1113.14,425.94,137.20,1404.55,444.79,1473.30,154.41,3.900,0,SACCADE,1.324,0.989,0.798,166.6,lissajous
736391.1624,33.7275,587.65,198.62,1004.51,518.92,1130.62,436.84,139.54,658.84,141.32,673.83,161.97,4.091,0,SACCADE,0.596,0.965,0.795,183.3,lissajous
736391.1797,33.7448,605.05,208.03,1009.13,546.01,1147.38,452.53,139.41,910.17,-7.39,910.20,167.24,4.224,0,SACCADE,0.793,0.876,0.796,150.1,lissajous
736391.1967,33.7618,622.26,217.75,1010.84,571.04,1160.99,467.13,141.34,857.44,113.34,864.90,172.93,4.367,0,SACCADE,0.745,0.928,0.787,150.1,lissajous
736391.2136,33.7787,639.38,227.81,1013.20,595.36,1175.17,483.33,147.48,958.75,363.37,1025.30,175.51,4.432,0,SACCADE,0.872,0.986,0.782,166.8,lissajous
736391.2305,33.7956,656.52,238.25,1013.02,617.27,1186.27,498.89,155.08,919.66,449.00,1023.41,178.23,4.501,0,SACCADE,0.863,0.996,0.779,150.1,lissajous
736391.2472,33.8123,673.36,248.87,1011.94,637.59,1196.05,512.98,160.43,846.45,321.27,905.36,183.15,4.625,0,SACCADE,0.757,0.980,0.767,133.4,lissajous
736391.2627,33.8278,689.03,259.04,1009.53,655.38,1203.61,532.68,168.18,1269.77,499.87,1364.62,180.83,4.566,0,SACCADE,1.134,0.980,0.764,150.0,lissajous
736391.2796,33.8447,706.02,270.38,1005.32,671.26,1208.83,547.19,170.60,858.72,142.92,870.53,187.57,4.736,0,SACCADE,0.720,0.912,0.758,150.1,lissajous
736391.2967,33.8618,723.12,282.12,999.97,686.34,1212.85,560.02,182.79,749.92,712.61,1034.50,190.97,4.822,0,SACCADE,0.853,0.987,0.754,150.1,lissajous
736391.3133,33.8784,739.62,293.74,992.88,699.09,1214.30,577.78,193.52,1068.38,646.07,1248.54,190.36,4.807,0,SACCADE,1.028,0.998,0.749,133.4,lissajous
736391.3299,33.8949,755.92,305.49,985.20,710.15,1214.47,598.97,202.66,1281.15,552.26,1395.11,187.63,4.738,0,SACCADE,1.149,0.976,0.746,150.1,lissajous
736391.3464,33.9115,772.07,317.38,975.88,719.01,1212.16,614.60,214.15,944.36,694.31,1172.13,188.29,4.755,0,SACCADE,0.967,1.000,0.743,133.4,lissajous
736391.3638,33.9289,788.89,330.05,965.92,726.81,1208.82,632.14,223.25,1006.81,522.21,1134.18,189.68,4.790,0,SACCADE,0.938,0.986,0.739,150.1,lissajous
736391.3808,33.9459,805.03,342.43,951.85,730.61,1199.93,647.41,225.73,900.62,146.62,912.47,196.12,4.952,0,SACCADE,0.760,0.881,0.729,133.4,lissajous
736391.3971,33.9622,820.38,354.43,939.24,734.02,1192.04,668.30,243.22,1278.42,1070.16,1667.21,188.40,4.757,0,SACCADE,1.399,0.999,0.734,150.0,lissajous
736391.4129,33.9780,835.03,366.06,925.49,735.13,1181.92,684.44,252.82,1020.25,606.70,1187.01,188.41,4.758,0,SACCADE,1.004,0.991,0.731,133.4,lissajous
736391.4293,33.9944,849.94,378.09,910.30,734.16,1169.46,698.33,264.06,847.89,686.00,1090.65,189.70,4.790,0,SACCADE,0.933,1.000,0.730,150.0,lissajous
736391.4454,34.0105,864.30,389.84,893.82,731.26,1154.84,710.43,280.07,752.85,996.15,1248.64,189.01,4.773,0,SACCADE,1.081,0.972,0.734,150.0,lissajous
736391.4624,34.0275,879.20,402.20,875.79,726.30,1137.77,723.20,292.69,750.19,741.71,1054.95,190.61,4.813,0,SACCADE,0.927,0.996,0.734,150.0,lissajous
736391.4798,34.0449,894.07,414.69,855.81,719.06,1117.79,746.43,306.54,1337.63,797.68,1557.42,183.01,4.621,0,SACCADE,1.393,0.987,0.739,150.1,lissajous
736391.4961,34.0612,907.73,426.30,835.41,710.24,1096.52,761.20,305.52,903.50,-62.71,905.68,189.89,4.795,0,SACCADE,0.826,0.715,0.737,133.4,lissajous
736391.5121,34.0772,920.72,437.46,814.00,699.26,1073.11,776.63,318.68,966.70,824.96,1270.85,186.73,4.715,0,SACCADE,1.184,1.000,0.738,150.0,lissajous
736391.5277,34.0928,933.13,448.22,793.21,687.76,1049.86,803.25,329.42,1701.44,686.05,1834.54,176.02,4.445,0,SACCADE,1.747,0.946,0.744,150.0,lissajous
736391.5451,34.1102,946.47,459.89,769.26,672.88,1022.02,811.18,345.97,456.92,954.12,1057.89,176.87,4.467,0,SACCADE,1.035,0.919,0.748,133.3,lissajous
736391.5615,34.1266,958.68,470.66,744.31,656.31,992.34,825.48,359.14,871.75,802.94,1185.18,173.72,4.387,0,SACCADE,1.194,1.000,0.748,149.9,lissajous
736391.5788,34.1439,971.11,481.70,718.47,638.01,960.86,841.08,369.64,902.05,606.76,1087.13,171.65,4.335,0,SACCADE,1.131,0.991,0.753,150.0,lissajous
736391.5954,34.1605,982.60,491.96,691.97,618.24,927.92,864.37,380.13,1403.23,632.50,1539.19,162.73,4.110,0,SACCADE,1.659,0.954,0.763,166.6,lissajous
736391.6121,34.1772,993.71,501.94,663.24,595.54,891.38,873.05,399.30,517.66,1143.45,1255.17,158.41,4.001,0,SACCADE,1.408,0.916,0.779,150.0,lissajous
736391.6288,34.1939,1004.27,511.45,634.65,572.12,854.46,886.85,403.23,829.94,236.41,862.96,159.68,4.033,0,SACCADE,1.010,0.898,0.772,149.9,lissajous
736391.6453,34.2104,1014.29,520.51,606.09,547.93,817.05,897.16,420.27,623.10,1030.16,1203.95,154.17,3.894,0,SACCADE,1.474,0.958,0.779,183.2,lissajous
736391.6624,34.2275,1024.14,529.43,575.64,521.27,776.59,911.51,437.12,839.51,985.06,1294.27,145.62,3.678,0,SACCADE,1.667,0.992,0.788,166.6,lissajous
736391.6786,34.2437,1032.96,537.43,544.41,493.18,734.58,932.51,440.60,1295.12,214.80,1312.81,139.52,3.524,0,SACCADE,1.787,0.841,0.792,166.6,lissajous
736391.6952,34.2603,1041.49,545.14,513.34,464.54,692.32,936.96,455.11,267.41,873.30,913.32,137.96,3.485,0,SACCADE,1.319,0.859,0.798,183.3,lissajous
736391.7129,34.2780,1049.96,552.79,480.27,433.40,646.91,947.28,466.03,585.70,618.97,852.16,134.42,3.395,0,SACCADE,1.317,0.997,0.800,183.4,lissajous
736391.7291,34.2941,1057.19,559.28,446.30,400.85,599.89,963.92,475.14,1027.39,563.05,1171.56,125.61,3.173,0,SACCADE,1.953,0.974,0.799,183.3,lissajous
736391.7450,34.3101,1063.79,565.16,414.29,369.63,555.21,972.96,483.71,567.60,538.02,782.07,122.00,3.082,0,SACCADE,1.409,1.000,0.795,166.6,lissajous
736391.7613,34.3264,1070.01,570.66,381.10,336.85,508.63,986.81,495.49,848.42,721.61,1113.79,112.13,2.832,0,SACCADE,2.190,1.000,0.790,166.6,lissajous
736391.7780,34.3430,1075.78,575.70,346.79,302.55,460.21,994.20,507.67,444.04,731.27,855.53,106.22,2.683,0,SACCADE,1.859,0.953,0.790,166.6,lissajous
736391.7942,34.3593,1080.85,580.05,312.17,267.58,411.16,1003.99,512.24,602.31,281.43,664.82,102.50,2.589,0,SACCADE,1.617,0.963,0.782,166.6,lissajous
736391.8104,34.3755,1085.35,583.81,277.70,232.45,362.14,1015.96,523.11,739.57,671.30,998.80,92.19,2.329,0,SACCADE,2.758,0.999,0.772,166.5,lissajous
736391.8275,34.3926,1089.48,587.15,241.69,195.55,310.89,1021.82,531.70,342.77,502.29,608.10,87.48,2.210,0,SMOOTH_PURSUIT,1.956,0.958,0.763,149.9,lissajous
736391.8444,34.4095,1092.95,589.82,204.75,157.45,258.29,1036.63,543.58,873.82,701.26,1120.41,72.87,1.841,0,SACCADE,4.338,1.000,0.747,166.6,lissajous
736391.8611,34.4262,1095.75,591.81,167.94,119.32,206.01,1045.58,545.92,536.44,139.98,554.40,68.00,1.718,0,SMOOTH_PURSUIT,2.691,0.935,0.735,150.0,lissajous
736391.8768,34.4419,1097.83,593.10,132.29,82.31,155.81,1057.48,551.96,758.38,385.43,850.70,57.62,1.456,0,SACCADE,5.460,0.996,0.715,133.3,lissajous
736391.8934,34.4584,1099.42,593.85,96.57,45.23,106.64,1058.56,556.42,65.15,269.92,277.67,55.42,1.400,0,SMOOTH_PURSUIT,2.604,0.625,0.699,116.6,lissajous
736391.9094,34.4745,1100.39,593.97,60.36,7.62,60.84,1064.93,569.08,396.16,787.05,881.13,43.33,1.095,0,SACCADE,14.483,0.558,0.670,99.9,lissajous
736391.9264,34.4915,1100.80,593.45,23.55,-30.60,38.61,1070.41,571.85,322.44,162.89,361.25,37.28,0.942,1,DRIFT,9.355,0.187,0.654,116.6,lissajous
736391.9436,34.5087,1100.55,592.25,-14.53,-69.92,71.41,1074.05,575.05,211.97,186.15,282.11,31.59,0.798,1,DRIFT,3.950,-0.799,0.646,100.0,lissajous
736391.9611,34.5262,1099.61,590.33,-53.15,-109.66,121.87,1083.67,579.35,548.21,245.18,600.54,19.36,0.489,1,DRIFT,4.928,-0.766,0.625,116.7,lissajous
736391.9779,34.5430,1098.09,587.84,-91.27,-148.66,174.44,1085.06,586.43,82.83,422.86,430.90,13.10,0.331,1,DRIFT,2.470,-0.937,0.631,116.7,lissajous
736391.9938,34.5589,1096.05,584.88,-127.65,-185.67,225.32,1090.73,587.03,355.84,37.93,357.85,5.74,0.145,1,DRIFT,1.588,-0.651,0.636,100.0,lissajous
736392.0101,34.5752,1093.41,581.29,-162.77,-220.85,274.35,1091.56,587.45,50.83,25.91,57.05,6.43,0.162,1,DRIFT,0.208,-0.894,0.649,83.3,lissajous
736392.0270,34.5921,1090.04,576.95,-199.27,-257.27,325.42,1093.86,592.08,136.06,274.04,305.95,15.61,0.394,1,DRIFT,0.940,-0.980,0.661,83.3,lissajous
736392.0435,34.6086,1086.13,572.09,-235.74,-293.16,376.18,1096.07,590.64,133.35,-87.04,159.24,21.04,0.532,1,DRIFT,0.423,-0.099,0.668,83.3,lissajous
736392.0604,34.6255,1081.54,566.54,-271.75,-328.07,426.00,1105.72,595.45,571.01,284.56,637.99,37.69,0.952,1,DRIFT,1.498,-0.914,0.662,83.3,lissajous
736392.0782,34.6433,1076.04,560.07,-308.94,-363.59,477.12,1100.54,590.29,-291.08,-289.95,410.85,38.90,0.983,1,SMOOTH_PURSUIT,0.861,0.997,0.662,83.3,lissajous
736392.0957,34.6607,1070.02,553.14,-345.94,-398.21,527.49,1096.42,594.18,-236.53,223.41,325.35,48.80,1.233,0,DRIFT,0.617,-0.042,0.662,116.7,lissajous
736392.1121,34.6772,1063.74,546.05,-381.26,-430.61,575.14,1098.92,589.45,151.79,-287.24,324.88,55.87,1.412,0,SMOOTH_PURSUIT,0.565,0.352,0.679,116.7,lissajous
736392.1280,34.6931,1057.16,538.74,-414.12,-460.00,618.95,1099.33,589.80,25.62,22.09,33.83,66.21,1.673,0,BLINK,0.055,-0.992,0.696,116.7,lissajous
736392.1445,34.7096,1049.79,530.68,-447.24,-489.05,662.72,1096.03,586.05,-200.22,-227.14,302.78,72.14,1.822,0,BLINK,0.457,1.000,0.711,116.6,lissajous
736392.1610,34.7261,1041.85,522.13,-479.74,-516.62,705.01,1093.65,586.27,-143.42,13.35,144.04,82.45,2.083,0,BLINK,0.204,0.610,0.731,133.3,lissajous
736392.1771,34.7422,1033.63,513.41,-511.30,-542.58,745.53,1090.57,581.37,-191.98,-305.27,360.62,88.65,2.240,0,BLINK,0.484,0.981,0.751,149.8,lissajous
736392.1944,34.7595,1024.24,503.58,-543.00,-567.76,785.62,1087.59,579.74,-172.24,-93.95,196.20,99.06,2.502,0,BLINK,0.250,0.953,0.763,149.9,lissajous
736392.2109,34.7760,1014.77,493.83,-574.70,-592.04,825.10,1084.68,574.14,-176.45,-339.88,382.95,106.48,2.690,0,BLINK,0.464,0.958,0.773,149.8,lissajous
736392.2265,34.7916,1005.32,484.23,-603.51,-612.94,860.19,1080.73,566.31,-252.19,-500.31,560.28,111.46,2.816,0,BLINK,0.651,0.952,0.781,183.1,lissajous
736392.2433,34.8083,994.75,473.65,-632.53,-633.20,895.00,1073.94,558.47,-406.41,-468.86,620.48,116.04,2.931,0,BLINK,0.693,0.998,0.789,166.5,lissajous
736392.2599,34.8250,983.77,462.82,-660.72,-651.49,927.90,1069.39,554.39,-273.64,-245.28,367.48,125.37,3.167,0,BLINK,0.396,0.999,0.798,183.1,lissajous
736392.2758,34.8409,972.80,452.17,-688.00,-668.23,959.10,1059.66,548.20,-610.17,-388.70,723.46,129.49,3.271,0,SACCADE,0.754,0.979,0.808,183.0,lissajous
736392.2925,34.8576,960.90,440.79,-714.48,-683.29,988.62,1056.46,538.05,-192.46,-609.67,639.33,136.34,3.444,0,SMOOTH_PURSUIT,0.647,0.877,0.811,183.1,lissajous
736392.3101,34.8752,947.86,428.53,-740.48,-696.36,1016.48,1047.61,527.59,-502.39,-593.80,777.81,140.58,3.551,0,SACCADE,0.765,0.994,0.816,183.2,lissajous
736392.3262,34.8913,935.52,417.12,-765.36,-707.60,1042.34,1037.55,515.80,-623.72,-731.17,961.06,141.95,3.585,0,SACCADE,0.922,0.993,0.813,183.1,lissajous
736392.3423,34.9074,922.80,405.56,-789.38,-717.60,1066.80,1033.95,509.25,-223.86,-406.86,464.38,152.00,3.839,0,SMOOTH_PURSUIT,0.435,0.946,0.817,183.1,lissajous
736392.3600,34.9251,908.44,392.74,-811.87,-724.59,1088.19,1017.05,502.30,-955.10,-392.57,1032.63,154.27,3.896,0,SACCADE,0.949,0.943,0.815,183.2,lissajous
736392.3763,34.9414,894.87,380.86,-834.37,-730.51,1108.97,1010.00,488.02,-433.52,-877.84,979.06,157.29,3.972,0,SACCADE,0.883,0.924,0.811,183.1,lissajous
736392.3935,34.9586,880.13,368.21,-854.36,-733.36,1125.94,998.91,476.58,-642.77,-663.23,923.60,160.79,4.061,0,SACCADE,0.820,0.996,0.808,183.1,lissajous
736392.4100,34.9751,865.71,356.09,-874.22,-734.98,1142.13,987.48,465.99,-693.13,-641.83,944.66,164.04,4.143,0,SACCADE,0.827,0.999,0.806,183.2,lissajous
736392.4265,34.9916,851.00,343.98,-892.29,-734.41,1155.65,976.77,455.23,-649.89,-653.16,921.40,167.91,4.240,0,SACCADE,0.797,0.995,0.801,183.2,lissajous
736392.4433,35.0084,835.71,331.67,-908.92,-731.47,1166.70,965.14,444.37,-691.14,-645.46,945.67,171.62,4.334,0,SACCADE,0.811,0.997,0.796,166.5,lissajous
736392.4596,35.0247,820.62,319.81,-925.28,-727.40,1176.97,953.73,431.91,-699.28,-763.51,1035.34,174.03,4.395,0,SACCADE,0.880,0.987,0.794,183.2,lissajous
736392.4762,35.0413,805.03,307.85,-939.28,-720.58,1183.84,942.67,421.48,-666.73,-629.07,916.66,178.48,4.507,0,SACCADE,0.774,0.995,0.789,166.6,lissajous
736392.4931,35.0582,788.97,295.84,-952.77,-712.06,1189.46,931.84,408.27,-642.22,-783.08,1012.75,181.81,4.591,0,SACCADE,0.851,0.971,0.787,183.2,lissajous
736392.5093,35.0743,773.37,284.50,-964.55,-701.53,1192.69,919.43,400.10,-767.62,-505.38,919.05,186.27,4.704,0,SACCADE,0.771,0.999,0.784,166.5,lissajous
736392.5265,35.0915,756.60,272.65,-975.18,-688.99,1194.02,899.68,389.69,-1148.35,-605.42,1298.17,184.85,4.668,0,SACCADE,1.087,0.992,0.784,166.6,lissajous
736392.5432,35.1083,740.08,261.34,-984.91,-674.47,1193.72,892.84,377.16,-407.92,-746.95,851.07,191.70,4.841,0,SACCADE,0.713,0.891,0.782,183.3,lissajous
736392.5606,35.1257,722.84,249.92,-992.85,-657.63,1190.89,875.78,365.78,-982.42,-655.27,1180.90,191.87,4.845,0,SACCADE,0.992,1.000,0.781,166.7,lissajous
736392.5784,35.1435,705.00,238.53,-1000.41,-638.84,1186.98,857.17,348.39,-1043.71,-975.29,1428.47,187.68,4.739,0,SACCADE,1.203,0.983,0.779,150.1,lissajous
736392.5954,35.1605,687.93,228.04,-1005.49,-617.75,1180.09,845.83,340.63,-667.63,-456.86,808.98,193.94,4.897,0,SACCADE,0.686,0.999,0.772,183.4,lissajous
736392.6119,35.1770,671.25,218.19,-1009.52,-596.04,1172.35,831.59,328.85,-862.17,-713.56,1119.15,194.82,4.919,0,SACCADE,0.955,0.988,0.775,166.7,lissajous
736392.6282,35.1933,654.80,208.88,-1012.46,-573.38,1163.55,812.45,316.17,-1178.71,-780.15,1413.51,190.69,4.815,0,SACCADE,1.215,0.998,0.777,166.7,lissajous
736392.6439,35.2090,638.88,200.24,-1012.87,-549.15,1152.16,796.04,304.58,-1043.56,-737.20,1277.68,188.64,4.763,0,SACCADE,1.109,0.993,0.780,166.7,lissajous
736392.6610,35.2261,621.50,191.27,-1013.16,-523.42,1140.38,778.50,291.88,-1022.81,-740.80,1262.90,186.47,4.709,0,SACCADE,1.107,0.989,0.780,183.3,lissajous
736392.6780,35.2431,604.35,182.87,-1011.08,-494.76,1125.64,760.23,277.89,-1076.93,-824.24,1356.16,182.55,4.610,0,SACCADE,1.205,0.980,0.787,166.7,lissajous
736392.6943,35.2594,587.87,175.26,-1009.55,-466.30,1112.03,748.70,265.62,-705.71,-751.41,1030.85,184.48,4.659,0,SACCADE,0.927,0.927,0.788,166.6,lissajous
736392.7114,35.2765,570.75,167.84,-1004.28,-435.38,1094.59,733.06,257.87,-917.76,-454.90,1024.32,185.61,4.687,0,SACCADE,0.936,0.999,0.786,183.4,lissajous
736392.7277,35.2928,554.41,161.24,-998.74,-403.75,1077.26,713.91,244.65,-1170.89,-808.41,1422.85,179.99,4.545,0,SACCADE,1.321,0.976,0.793,166.7,lissajous
736392.7440,35.3091,538.24,155.18,-992.22,-371.82,1059.60,695.17,234.03,-1149.83,-651.52,1321.58,175.62,4.435,0,SACCADE,1.247,0.988,0.797,166.6,lissajous
736392.7598,35.3249,522.72,149.82,-983.86,-339.25,1040.71,684.09,226.67,-702.43,-466.56,843.26,178.73,4.513,0,SACCADE,0.810,0.968,0.797,166.6,lissajous
736392.7765,35.3416,506.42,144.71,-975.29,-305.77,1022.10,661.96,215.67,-1323.46,-658.26,1478.13,170.96,4.318,0,SACCADE,1.446,0.988,0.802,166.6,lissajous
736392.7938,35.3588,489.80,140.07,-964.09,-269.62,1001.08,645.90,206.55,-932.19,-528.99,1071.83,169.66,4.285,0,SACCADE,1.071,0.971,0.803,166.6,lissajous
736392.8096,35.3746,474.77,136.37,-951.88,-233.74,980.16,627.56,195.00,-1161.20,-730.97,1372.12,163.65,4.133,0,SACCADE,1.400,0.949,0.806,166.5,lissajous
736392.8264,35.3915,458.92,133.04,-939.46,-197.84,960.06,612.79,187.24,-875.87,-460.42,989.51,163.13,4.120,0,SACCADE,1.031,0.962,0.813,183.2,lissajous
736392.8434,35.4085,443.22,130.32,-924.02,-159.80,937.73,599.64,178.44,-773.68,-518.06,931.11,163.65,4.133,0,SACCADE,0.993,0.914,0.812,166.6,lissajous
736392.8604,35.4255,427.76,128.26,-907.85,-121.26,915.91,581.03,172.96,-1092.69,-321.42,1138.99,159.66,4.032,0,SACCADE,1.244,0.988,0.812,183.2,lissajous
736392.8773,35.4424,412.78,126.87,-890.22,-82.54,894.04,562.36,163.70,-1109.32,-550.15,1238.25,154.05,3.891,0,SACCADE,1.385,0.933,0.816,183.2,lissajous
736392.8943,35.4594,397.90,126.12,-872.39,-43.63,873.48,545.65,155.92,-979.72,-456.65,1080.92,150.72,3.807,0,SACCADE,1.237,0.926,0.821,183.2,lissajous
736392.9113,35.4763,383.49,126.05,-851.74,-4.40,851.75,529.44,150.65,-958.27,-311.15,1007.52,148.01,3.738,0,SACCADE,1.183,0.953,0.825,183.3,lissajous
736392.9292,35.4943,368.59,126.69,-830.95,35.85,831.72,511.24,149.67,-1014.63,-54.96,1016.12,144.49,3.649,0,SACCADE,1.222,0.995,0.826,166.7,lissajous
736392.9447,35.5098,356.01,127.85,-808.32,74.37,811.73,501.71,150.93,-612.72,81.51,618.11,147.51,3.726,0,SMOOTH_PURSUIT,0.761,0.999,0.821,166.6,lissajous
736392.9611,35.5262,343.16,129.66,-786.80,110.93,794.58,483.63,137.82,-1106.83,-802.78,1367.30,140.71,3.554,0,SACCADE,1.721,0.720,0.824,183.3,lissajous
736392.9774,35.5425,330.68,132.08,-763.03,148.04,777.26,465.91,133.65,-1082.81,-254.66,1112.36,135.25,3.416,0,SACCADE,1.431,0.912,0.824,183.3,lissajous
736392.9944,35.5595,318.12,135.24,-738.41,185.64,761.39,450.12,135.07,-928.78,83.14,932.49,132.00,3.334,0,SACCADE,1.225,0.988,0.830,183.4,lissajous
736393.0105,35.5756,306.67,138.81,-712.37,222.24,746.23,438.57,132.44,-718.99,-163.52,737.35,132.05,3.335,0,SACCADE,0.988,0.865,0.836,183.3,lissajous
736393.0282,35.5933,294.52,143.41,-686.02,259.44,733.44,425.79,130.07,-720.99,-133.80,733.30,131.95,3.333,0,SACCADE,1.000,0.855,0.835,183.4,lissajous
736393.0462,35.6113,282.74,148.75,-654.63,296.94,718.83,405.06,131.68,-1152.38,89.68,1155.86,123.50,3.120,0,SACCADE,1.608,0.940,0.835,183.4,lissajous
736393.0637,35.6288,271.83,154.59,-624.76,334.21,708.54,395.93,130.38,-522.82,-74.75,528.14,126.44,3.194,0,SMOOTH_PURSUIT,0.745,0.806,0.830,183.4,lissajous
736393.0798,35.6449,262.25,160.52,-595.44,368.60,700.30,377.10,129.65,-1170.21,-44.92,1171.07,118.92,3.004,0,SACCADE,1.672,0.829,0.831,183.4,lissajous
736393.0962,35.6612,252.99,167.08,-564.73,399.88,691.97,364.39,128.10,-775.15,-94.96,780.95,118.02,2.981,0,SACCADE,1.129,0.740,0.830,183.4,lissajous
736393.1122,35.6773,244.39,174.01,-534.83,431.10,686.94,346.66,130.66,-1102.45,159.22,1113.88,111.08,2.806,0,SACCADE,1.622,0.860,0.831,183.4,lissajous
736393.1293,35.6944,235.82,181.87,-503.25,461.55,682.85,339.75,134.17,-405.66,206.41,455.16,114.35,2.889,0,SMOOTH_PURSUIT,0.667,0.963,0.828,183.4,lissajous
736393.1471,35.7121,227.48,190.62,-469.25,492.18,680.03,326.98,138.85,-718.51,262.94,765.11,112.16,2.833,0,SACCADE,1.125,0.897,0.828,183.5,lissajous
736393.1635,35.7285,220.34,199.16,-434.95,520.53,678.33,311.26,140.92,-957.66,126.33,965.95,107.98,2.728,0,SACCADE,1.424,0.736,0.827,183.5,lissajous
736393.1798,35.7448,213.78,208.08,-402.25,547.14,679.09,303.39,139.67,-483.20,-76.82,489.27,112.73,2.848,0,SMOOTH_PURSUIT,0.720,0.458,0.826,183.4,lissajous
736393.1967,35.7618,207.56,217.75,-367.28,571.01,678.93,292.85,142.61,-621.70,173.48,645.45,113.67,2.871,0,SMOOTH_PURSUIT,0.951,0.747,0.826,183.4,lissajous
736393.2134,35.7785,202.01,227.69,-332.42,595.06,681.61,278.95,147.42,-832.97,288.01,881.36,111.19,2.809,0,SACCADE,1.293,0.746,0.825,183.4,lissajous
736393.2303,35.7954,196.99,238.11,-296.97,617.21,684.94,268.33,152.02,-628.23,272.62,684.84,111.81,2.824,0,SACCADE,1.000,0.756,0.825,183.4,lissajous
736393.2472,35.8122,192.59,248.87,-260.80,637.54,688.82,252.20,162.82,-956.08,640.22,1150.64,104.68,2.644,0,SACCADE,1.670,0.830,0.821,183.4,lissajous
736393.2636,35.8287,188.90,259.66,-224.63,655.49,692.91,256.36,168.38,252.45,337.67,421.61,113.50,2.867,0,SMOOTH_PURSUIT,0.608,0.564,0.822,183.4,lissajous
736393.2808,35.8459,185.67,271.20,-187.99,672.20,697.99,245.47,175.71,-634.12,426.94,764.45,112.67,2.846,0,SACCADE,1.095,0.761,0.824,183.5,lissajous
736393.2970,35.8621,183.22,282.31,-151.39,686.93,703.42,229.03,186.38,-1016.12,659.48,1211.37,106.31,2.685,0,SACCADE,1.722,0.712,0.820,183.5,lissajous
736393.3132,35.8783,181.33,293.75,-116.25,704.20,713.73,224.23,195.07,-295.86,534.95,611.31,107.60,2.718,0,SMOOTH_PURSUIT,0.857,0.942,0.820,183.5,lissajous
736393.3309,35.8960,179.96,306.26,-77.32,706.14,710.36,221.49,203.94,-154.38,500.46,523.73,110.43,2.790,0,SMOOTH_PURSUIT,0.737,0.982,0.821,183.6,lissajous
736393.3465,35.9116,179.32,317.46,-40.89,719.53,720.69,212.45,217.92,-581.17,898.18,1069.81,104.91,2.650,0,SACCADE,1.484,0.869,0.818,183.5,lissajous
736393.3640,35.9291,179.25,330.19,-4.02,725.90,725.91,208.68,221.81,-214.90,221.93,308.93,112.30,2.837,0,SMOOTH_PURSUIT,0.426,0.722,0.817,183.5,lissajous
736393.3803,35.9454,179.80,342.11,33.66,731.19,731.96,202.19,232.34,-398.09,645.68,758.53,112.03,2.830,0,SACCADE,1.036,0.826,0.818,183.5,lissajous
736393.3974,35.9624,181.01,354.61,70.80,734.68,738.08,204.50,241.36,136.09,530.50,547.68,115.66,2.922,0,SMOOTH_PURSUIT,0.742,0.988,0.819,183.5,lissajous
736393.4144,35.9794,182.85,367.10,108.40,734.44,742.40,190.46,257.30,-825.78,937.46,1249.29,110.06,2.780,0,SACCADE,1.683,0.646,0.813,183.5,lissajous
736393.4314,35.9965,185.34,379.60,146.14,734.09,748.50,186.51,268.76,-231.93,672.91,711.75,110.84,2.800,0,SACCADE,0.951,0.864,0.816,183.6,lissajous
736393.4490,36.0141,188.58,392.46,184.13,730.28,753.14,185.52,281.11,-55.85,701.12,703.34,111.39,2.814,0,SACCADE,0.934,0.947,0.817,183.6,lissajous
736393.4662,36.0312,192.40,404.91,222.27,725.30,758.59,183.94,285.17,-92.11,236.45,253.75,120.04,3.032,0,SMOOTH_PURSUIT,0.335,0.785,0.813,166.9,lissajous
736393.4820,36.0471,196.47,416.25,257.68,717.20,762.08,180.96,299.72,-188.64,920.27,939.41,117.56,2.970,0,SACCADE,1.233,0.854,0.811,183.6,lissajous
736393.4981,36.0632,201.20,427.71,292.19,708.93,766.79,182.61,308.24,101.77,526.87,536.61,120.91,3.054,0,SMOOTH_PURSUIT,0.700,0.980,0.813,183.5,lissajous
736393.5137,36.0788,206.26,438.56,325.69,698.03,770.27,184.12,327.55,97.31,1242.31,1246.12,113.20,2.860,0,SACCADE,1.618,0.936,0.807,183.5,lissajous
736393.5304,36.0955,212.27,450.03,359.63,685.71,774.30,185.46,334.63,80.15,423.45,430.97,118.48,2.993,0,SMOOTH_PURSUIT,0.557,0.957,0.808,183.5,lissajous
736393.5476,36.1126,219.04,461.54,394.74,670.78,778.31,178.74,347.51,-391.65,751.15,847.12,120.94,3.055,0,SACCADE,1.088,0.530,0.808,166.8,lissajous
736393.5652,36.1303,226.63,473.06,430.05,653.16,782.02,182.28,360.68,200.37,746.02,772.46,120.82,3.052,0,SACCADE,0.988,0.949,0.807,183.6,lissajous
736393.5821,36.1472,234.47,483.75,464.41,633.74,785.68,180.64,368.16,-97.07,443.32,453.82,127.51,3.221,0,SMOOTH_PURSUIT,0.578,0.662,0.805,166.9,lissajous
736393.5983,36.1634,242.53,493.71,497.18,613.97,790.03,185.30,384.48,287.60,1006.84,1047.11,123.31,3.115,0,SACCADE,1.325,0.920,0.800,183.6,lissajous
736393.6151,36.1802,251.42,503.67,529.17,592.40,794.33,188.26,403.15,176.05,1110.50,1124.37,118.71,2.999,0,SACCADE,1.415,0.841,0.796,166.9,lissajous
736393.6308,36.1959,260.21,512.61,558.85,568.41,797.12,191.83,409.29,227.02,390.60,451.78,123.89,3.129,0,SMOOTH_PURSUIT,0.567,0.969,0.791,166.9,lissajous
736393.6475,36.2125,270.01,521.66,589.03,544.54,802.17,194.19,425.03,141.60,946.11,956.65,122.83,3.103,0,SACCADE,1.193,0.780,0.790,166.9,lissajous
736393.6639,36.2290,280.20,530.20,618.56,518.06,806.84,197.77,434.51,217.10,575.83,615.39,126.30,3.190,0,SMOOTH_PURSUIT,0.763,0.871,0.792,183.5,lissajous
736393.6807,36.2457,291.04,538.40,647.79,490.43,812.49,204.87,444.39,424.54,590.09,726.94,127.53,3.221,0,SACCADE,0.895,0.956,0.794,200.2,lissajous
736393.6979,36.2629,302.65,546.31,675.94,460.23,817.75,213.02,460.70,474.39,949.55,1061.46,123.95,3.131,0,SACCADE,1.298,0.873,0.796,183.6,lissajous
736393.7149,36.2800,314.67,553.63,704.22,428.97,824.58,224.34,467.61,663.06,404.71,776.81,124.74,3.151,0,SACCADE,0.942,1.000,0.795,166.9,lissajous
736393.7319,36.2970,327.09,560.36,730.38,396.08,830.86,227.80,478.55,203.66,643.58,675.03,128.65,3.250,0,SACCADE,0.812,0.720,0.794,183.6,lissajous
736393.7484,36.3135,339.53,566.35,756.17,363.29,838.91,236.39,490.23,522.08,709.38,880.78,128.19,3.238,0,SACCADE,1.050,0.883,0.792,166.9,lissajous
736393.7660,36.3310,353.27,572.12,781.23,328.75,847.59,246.42,498.01,570.36,442.55,721.91,130.04,3.285,0,SACCADE,0.852,0.966,0.794,183.7,lissajous
736393.7822,36.3473,366.31,576.88,804.04,293.14,855.81,253.10,505.36,412.09,453.16,612.52,133.90,3.382,0,SMOOTH_PURSUIT,0.716,0.886,0.795,183.7,lissajous
736393.7986,36.3636,379.84,581.11,825.98,258.40,865.46,261.42,516.71,507.58,693.20,859.16,134.80,3.405,0,SACCADE,0.993,0.805,0.796,183.7,lissajous
736393.8155,36.3806,394.19,584.87,846.83,222.01,875.45,272.07,523.69,628.24,411.83,751.20,136.59,3.450,0,SACCADE,0.858,0.948,0.796,183.6,lissajous
736393.8323,36.3974,408.73,587.97,866.96,184.62,886.40,288.18,535.10,960.99,680.54,1177.55,131.63,3.325,0,SACCADE,1.328,0.919,0.796,183.6,lissajous
736393.8492,36.4143,423.74,590.46,885.57,146.65,897.63,299.66,539.84,677.47,279.72,732.95,134.00,3.385,0,SACCADE,0.817,0.974,0.797,183.6,lissajous
736393.8667,36.4318,439.55,592.34,904.17,107.57,910.55,311.54,548.02,679.04,467.34,824.32,135.47,3.422,0,SACCADE,0.905,0.885,0.795,167.0,lissajous
736393.8828,36.4479,454.33,593.45,920.23,69.07,922.81,323.20,552.94,726.01,306.60,788.10,137.24,3.467,0,SACCADE,0.854,0.948,0.796,183.7,lissajous
736393.8987,36.4637,469.17,593.96,934.25,32.25,934.80,334.54,565.34,713.98,780.53,1057.83,137.64,3.476,0,SACCADE,1.132,0.700,0.807,183.6,lissajous
736393.9152,36.4803,484.86,593.87,947.45,-5.18,947.46,350.44,571.67,960.02,382.69,1033.49,136.24,3.441,0,SACCADE,1.091,0.927,0.806,183.5,lissajous
736393.9315,36.4966,500.54,593.17,960.06,-43.12,961.03,362.58,577.72,743.58,370.38,830.72,138.82,3.506,0,SACCADE,0.864,0.874,0.807,183.5,lissajous
736393.9490,36.5141,517.54,591.73,971.43,-82.03,974.89,376.08,578.84,771.35,63.78,773.98,142.04,3.588,0,SACCADE,0.794,0.986,0.806,183.5,lissajous
736393.9661,36.5312,534.30,589.66,981.71,-121.56,989.20,388.09,580.05,703.46,70.68,707.01,146.52,3.701,0,SACCADE,0.715,0.975,0.806,183.5,lissajous
736393.9819,36.5470,549.95,587.15,990.11,-158.81,1002.77,407.59,586.20,1233.91,389.56,1293.95,142.36,3.596,0,SACCADE,1.290,0.894,0.803,183.5,lissajous
736393.9990,36.5641,567.00,583.80,997.32,-195.68,1016.34,414.66,592.21,413.65,351.05,542.53,152.57,3.853,0,SMOOTH_PURSUIT,0.534,0.624,0.801,183.4,lissajous
736394.0147,36.5798,582.74,580.16,1003.21,-231.92,1029.67,435.96,592.25,1356.96,2.63,1356.96,147.28,3.720,0,SACCADE,1.318,0.974,0.797,183.3,lissajous
736394.0312,36.5963,599.39,575.75,1007.55,-266.89,1042.30,444.71,591.52,529.47,-43.79,531.28,155.49,3.927,0,SMOOTH_PURSUIT,0.510,0.984,0.792,183.3,lissajous
736394.0481,36.6132,616.41,570.66,1010.90,-302.42,1055.17,458.94,592.34,845.78,48.54,847.17,158.95,4.014,0,SACCADE,0.803,0.940,0.790,183.3,lissajous
736394.0643,36.6293,632.80,565.21,1012.88,-336.78,1067.41,472.46,591.07,835.40,-78.55,839.09,162.41,4.102,0,SACCADE,0.786,0.974,0.791,166.8,lissajous
736394.0808,36.6459,649.58,559.09,1013.13,-369.82,1078.52,497.71,589.90,1524.92,-70.88,1526.57,154.96,3.914,0,SACCADE,1.415,0.954,0.784,183.4,lissajous
736394.0975,36.6626,666.47,552.37,1012.45,-402.49,1089.52,509.31,593.48,694.83,214.68,727.24,162.45,4.103,0,SACCADE,0.667,0.779,0.780,183.4,lissajous
736394.1142,36.6792,683.30,545.14,1010.50,-434.21,1099.84,531.10,589.04,1308.86,-266.14,1335.65,158.40,4.001,0,SACCADE,1.214,0.979,0.777,166.7,lissajous
736394.1304,36.6955,699.69,537.58,1007.31,-464.42,1109.21,544.05,584.15,795.65,-300.86,850.64,162.46,4.103,0,SACCADE,0.767,0.998,0.777,166.7,lissajous
736394.1475,36.7126,716.77,529.17,1001.81,-493.27,1116.66,558.31,582.99,836.26,-67.73,839.00,167.35,4.226,0,SACCADE,0.751,0.930,0.769,150.1,lissajous
736394.1647,36.7298,733.93,520.18,996.30,-522.32,1124.91,575.75,583.30,1012.73,17.48,1012.88,170.31,4.301,0,SACCADE,0.900,0.878,0.765,166.8,lissajous
736394.1816,36.7467,750.60,510.92,987.58,-548.75,1129.79,588.99,580.50,784.40,-165.86,801.74,175.95,4.443,0,SACCADE,0.710,0.956,0.763,183.4,lissajous
736394.1982,36.7633,766.91,501.36,979.03,-573.94,1134.86,614.00,578.72,1501.36,-106.71,1505.15,171.36,4.328,0,SACCADE,1.326,0.896,0.761,166.7,lissajous
736394.2148,36.7799,782.94,491.48,968.97,-597.18,1138.21,626.50,576.86,755.35,-112.44,763.68,178.22,4.501,0,SACCADE,0.671,0.919,0.751,150.0,lissajous
736394.2314,36.7965,798.84,481.20,957.30,-618.55,1139.75,635.24,569.86,526.48,-421.47,674.40,186.08,4.699,0,SACCADE,0.592,0.995,0.735,133.4,lissajous
736394.2488,36.8139,815.27,470.08,944.08,-638.76,1139.87,663.62,560.40,1630.91,-543.62,1719.12,176.50,4.457,0,SACCADE,1.508,0.963,0.735,166.8,lissajous
736394.2654,36.8305,830.78,459.12,935.25,-661.24,1145.40,677.77,552.96,853.10,-448.23,963.69,179.50,4.533,0,SACCADE,0.841,0.991,0.729,183.5,lissajous
736394.2825,36.8475,846.32,447.66,909.64,-670.43,1130.01,688.97,548.01,655.36,-289.68,716.52,186.63,4.713,0,SACCADE,0.634,0.976,0.723,166.8,lissajous
736394.2993,36.8644,861.45,436.06,897.25,-688.39,1130.90,709.00,535.13,1188.08,-764.18,1412.62,181.82,4.591,0,SACCADE,1.249,0.997,0.722,150.1,lissajous
736394.3165,36.8816,876.54,424.02,879.21,-701.27,1124.63,725.46,527.04,959.04,-471.31,1068.59,182.86,4.618,0,SACCADE,0.950,0.977,0.723,166.9,lissajous
736394.3337,36.8988,891.37,411.74,859.94,-712.48,1116.74,743.79,513.21,1062.98,-802.10,1331.65,179.10,4.523,0,SACCADE,1.192,0.999,0.722,166.9,lissajous
736394.3507,36.9158,905.62,399.48,838.86,-721.01,1106.14,758.58,509.96,870.54,-191.22,891.29,183.92,4.644,0,SACCADE,0.806,0.881,0.716,150.2,lissajous
736394.3672,36.9323,919.12,387.46,817.24,-727.47,1094.12,773.14,493.12,881.38,-1019.55,1347.70,180.20,4.551,0,SACCADE,1.232,0.991,0.711,133.5,lissajous
736394.3841,36.9492,932.51,375.13,794.82,-732.07,1080.59,789.80,490.74,988.43,-140.97,998.43,183.67,4.638,0,SACCADE,0.924,0.824,0.712,166.9,lissajous
736394.4008,36.9659,945.42,362.83,770.86,-734.39,1064.68,804.77,475.21,894.17,-927.51,1288.34,180.03,4.546,0,SACCADE,1.210,0.999,0.716,166.9,lissajous
736394.4165,36.9816,957.12,351.32,747.79,-735.71,1049.02,822.44,460.62,1129.40,-932.85,1464.84,173.45,4.380,0,SACCADE,1.396,0.996,0.717,150.2,lissajous
736394.4340,36.9991,969.75,338.49,720.77,-732.65,1027.75,838.55,453.32,919.80,-416.31,1009.63,174.35,4.403,0,SACCADE,0.982,0.933,0.711,183.7,lissajous
736394.4498,37.0148,980.71,326.98,695.33,-730.26,1008.35,851.07,443.14,793.99,-645.68,1023.39,174.07,4.396,0,SACCADE,1.015,0.992,0.713,166.9,lissajous
736394.4665,37.0316,991.89,314.85,668.43,-724.81,985.97,868.05,429.81,1015.27,-797.58,1291.09,168.97,4.267,0,SACCADE,1.309,0.987,0.721,166.9,lissajous
736394.4840,37.0491,1003.08,302.30,639.58,-717.48,961.16,881.23,423.74,753.27,-346.67,829.22,172.03,4.344,0,SACCADE,0.863,0.917,0.715,150.2,lissajous
736394.5006,37.0657,1013.21,290.54,608.74,-706.78,932.79,898.13,402.77,1015.98,-1260.03,1618.61,160.74,4.060,0,SACCADE,1.735,0.999,0.716,150.3,lissajous
736394.5172,37.0823,1022.82,278.99,579.36,-696.09,905.65,910.13,402.01,723.29,-45.99,724.75,166.83,4.213,0,SACCADE,0.800,0.687,0.729,183.7,lissajous
736394.5345,37.0996,1032.30,267.18,547.66,-682.13,874.77,926.97,382.82,972.93,-1108.88,1475.20,156.41,3.950,0,SACCADE,1.686,0.999,0.734,167.0,lissajous
736394.5513,37.1163,1040.93,256.02,515.76,-667.06,843.19,940.38,369.91,800.64,-770.80,1111.38,151.93,3.837,0,SACCADE,1.318,0.989,0.737,183.7,lissajous
736394.5682,37.1333,1049.10,245.03,483.04,-649.66,809.56,950.89,354.70,621.80,-899.42,1093.43,147.22,3.718,0,SACCADE,1.351,0.999,0.740,167.0,lissajous
736394.5841,37.1492,1056.29,234.97,450.31,-630.72,774.97,963.58,340.01,795.15,-921.08,1216.82,140.10,3.539,0,SACCADE,1.570,0.996,0.750,183.7,lissajous
736394.5996,37.1647,1062.78,225.48,418.76,-611.48,741.12,976.20,334.76,813.81,-338.45,881.38,139.42,3.521,0,SACCADE,1.189,0.839,0.753,183.6,lissajous
736394.6158,37.1809,1069.04,215.93,386.46,-590.58,705.79,991.30,322.44,932.89,-761.39,1204.16,131.86,3.331,0,SACCADE,1.706,0.953,0.754,183.6,lissajous
736394.6330,37.1981,1075.08,206.18,351.94,-567.00,667.35,1001.30,308.42,582.11,-815.90,1002.27,126.08,3.185,0,SACCADE,1.502,0.998,0.756,183.6,lissajous
736394.6488,37.2138,1080.08,197.65,317.07,-541.66,627.64,1009.49,297.86,520.21,-670.47,848.61,122.57,3.096,0,SACCADE,1.352,0.992,0.759,183.5,lissajous
736394.6658,37.2309,1084.88,188.88,282.34,-515.63,587.87,1019.28,288.47,575.01,-551.50,796.74,119.26,3.013,0,SACCADE,1.355,0.954,0.759,166.9,lissajous
736394.6819,37.2470,1088.86,181.02,246.66,-487.59,546.43,1027.47,271.64,508.33,-1044.28,1161.43,109.46,2.765,0,SACCADE,2.125,1.000,0.756,183.5,lissajous
736394.6976,37.2627,1092.18,173.81,212.13,-459.48,506.08,1035.76,267.46,528.24,-266.93,591.85,109.33,2.762,0,SMOOTH_PURSUIT,1.169,0.784,0.749,166.7,lissajous
736394.7139,37.2790,1095.07,166.80,177.17,-430.13,465.19,1041.97,257.80,380.81,-591.84,703.77,105.37,2.662,0,SACCADE,1.513,0.984,0.743,183.4,lissajous
736394.7307,37.2958,1097.44,160.09,140.69,-398.48,422.59,1051.68,243.64,577.04,-842.08,1020.82,95.26,2.406,0,SACCADE,2.416,0.966,0.737,166.8,lissajous
736394.7469,37.3120,1099.13,154.17,104.22,-366.06,380.61,1059.06,231.78,456.62,-732.47,863.14,87.34,2.207,0,SACCADE,2.268,0.961,0.726,150.1,lissajous
736394.7639,37.3290,1100.27,148.52,67.37,-332.29,339.05,1071.07,218.01,706.47,-810.56,1075.22,75.37,1.904,0,SACCADE,3.171,0.869,0.708,150.1,lissajous
736394.7804,37.3455,1100.77,143.61,30.05,-297.17,298.69,1066.84,210.75,-255.87,-439.11,508.22,75.23,1.900,0,SMOOTH_PURSUIT,1.701,0.809,0.697,166.8,lissajous
736394.7977,37.3628,1100.64,139.09,-7.62,-261.12,261.23,1074.31,198.56,431.70,-704.26,826.05,65.03,1.643,0,SACCADE,3.162,0.837,0.683,150.2,lissajous
736394.8152,37.3803,1099.83,135.19,-46.38,-223.29,228.06,1086.18,193.46,678.65,-291.82,738.74,59.85,1.512,0,SACCADE,3.239,0.200,0.669,150.2,lissajous
736394.8307,37.3958,1098.54,132.30,-82.99,-186.69,204.30,1090.95,184.86,308.86,-555.69,635.75,53.11,1.342,0,SMOOTH_PURSUIT,3.112,0.601,0.656,133.5,lissajous
736394.8482,37.4133,1096.45,129.68,-119.54,-149.69,191.56,1085.64,184.07,-303.89,-45.48,307.27,55.45,1.401,0,SMOOTH_PURSUIT,1.604,0.733,0.645,116.8,lissajous
736394.8639,37.4289,1094.00,127.92,-156.18,-111.98,192.17,1095.98,169.67,659.11,-917.43,1129.64,41.79,1.056,1,SACCADE,5.878,-0.001,0.616,116.8,lissajous
736394.8808,37.4459,1090.75,126.66,-192.04,-74.62,206.03,1098.21,159.79,131.70,-583.12,597.80,33.96,0.858,1,DRIFT,2.902,0.148,0.606,100.1,lissajous
736394.8974,37.4625,1086.96,126.06,-228.49,-36.00,231.31,1095.26,157.75,-178.09,-122.96,216.41,32.76,0.828,1,SMOOTH_PURSUIT,0.936,0.901,0.598,83.5,lissajous
736394.9142,37.4793,1082.51,126.10,-264.66,2.54,264.68,1097.57,149.04,137.48,-517.95,535.88,27.44,0.693,1,DRIFT,2.025,-0.266,0.586,133.5,lissajous
736394.9304,37.4954,1077.66,126.76,-299.86,40.58,302.60,1098.43,150.02,53.07,60.98,80.84,31.18,0.788,1,DRIFT,0.267,-0.549,0.596,116.8,lissajous
736394.9472,37.5122,1072.04,128.08,-334.77,78.50,343.85,1100.18,145.76,104.19,-253.68,274.24,33.23,0.840,1,DRIFT,0.798,-0.581,0.602,116.8,lissajous
736394.9628,37.5279,1066.26,129.89,-368.86,115.72,386.59,1099.92,143.10,-16.47,-170.00,170.79,36.16,0.914,1,DRIFT,0.442,-0.206,0.610,100.1,lissajous
736394.9797,37.5448,1059.46,132.47,-402.34,152.68,430.34,1098.43,140.05,-88.57,-180.62,201.16,39.69,1.003,1,DRIFT,0.467,0.093,0.619,100.1,lissajous
736394.9959,37.5610,1052.40,135.55,-435.78,189.78,475.31,1097.54,133.75,-54.40,-388.68,392.47,45.18,1.141,0,DRIFT,0.826,-0.268,0.628,100.1,lissajous
736395.0120,37.5770,1044.90,139.16,-467.90,225.47,519.39,1095.67,133.25,-116.75,-31.13,120.83,51.12,1.291,0,SMOOTH_PURSUIT,0.233,0.759,0.630,83.4,lissajous
736395.0281,37.5932,1036.82,143.38,-499.57,260.63,563.47,1092.54,131.36,-193.38,-116.63,225.83,57.01,1.440,0,SMOOTH_PURSUIT,0.401,0.520,0.639,100.0,lissajous
736395.0442,37.6093,1028.30,148.11,-530.33,294.99,606.85,1089.51,132.11,-188.89,46.58,194.55,63.27,1.598,0,SMOOTH_PURSUIT,0.321,0.965,0.644,116.7,lissajous
736395.0595,37.6246,1019.75,153.12,-559.95,327.86,648.87,1089.61,127.07,6.30,-330.14,330.20,74.56,1.884,0,DRIFT,0.509,-0.522,0.656,116.6,lissajous
736395.0763,37.6414,1009.84,159.18,-589.28,360.52,690.81,1085.87,125.62,-222.40,-86.38,238.58,83.10,2.099,0,SMOOTH_PURSUIT,0.345,0.606,0.661,133.2,lissajous
736395.0935,37.6586,999.15,165.99,-619.89,394.36,734.69,1083.27,126.42,-150.60,46.50,157.61,92.96,2.348,0,SMOOTH_PURSUIT,0.215,0.965,0.678,149.9,lissajous
736395.1105,37.6755,988.14,173.22,-650.17,427.49,778.12,1072.96,125.32,-608.78,-64.71,612.21,97.41,2.461,0,SMOOTH_PURSUIT,0.787,0.773,0.682,133.3,lissajous
736395.1271,37.6922,976.89,180.82,-676.65,457.23,816.65,1064.78,127.84,-492.04,151.39,514.81,102.63,2.592,0,SMOOTH_PURSUIT,0.630,0.957,0.698,150.0,lissajous
736395.1434,37.7084,965.43,188.75,-704.34,486.91,856.26,1056.36,131.30,-517.23,212.21,559.07,107.57,2.717,0,SMOOTH_PURSUIT,0.653,0.977,0.708,166.6,lissajous
736395.1609,37.7260,952.59,197.81,-731.21,515.65,894.75,1049.47,132.80,-392.81,85.52,402.01,116.67,2.947,0,SMOOTH_PURSUIT,0.449,0.921,0.726,166.7,lissajous
736395.1775,37.7426,940.02,206.82,-756.81,542.85,931.37,1038.57,136.17,-656.10,202.82,686.74,121.26,3.063,0,SACCADE,0.737,0.948,0.739,166.7,lissajous
736395.1944,37.7595,926.81,216.43,-781.79,568.66,966.73,1032.20,139.16,-376.77,177.08,416.31,130.69,3.301,0,SMOOTH_PURSUIT,0.431,0.982,0.748,166.7,lissajous
736395.2116,37.7767,912.99,226.60,-804.77,592.32,999.25,1027.02,145.25,-302.08,354.72,465.92,140.08,3.538,0,SMOOTH_PURSUIT,0.466,0.973,0.753,183.4,lissajous
736395.2285,37.7936,898.97,237.02,-827.10,614.64,1030.48,1018.02,154.82,-531.09,564.77,775.26,144.67,3.654,0,SACCADE,0.752,0.984,0.754,183.5,lissajous
736395.2455,37.8105,884.62,247.76,-848.65,635.44,1060.19,1005.33,156.99,-749.79,128.53,760.73,151.04,3.815,0,SACCADE,0.718,0.890,0.759,183.5,lissajous
736395.2621,37.8272,870.16,258.65,-868.32,653.89,1086.99,997.40,170.17,-476.73,791.75,924.20,154.98,3.914,0,SACCADE,0.850,0.927,0.756,166.8,lissajous
736395.2788,37.8439,855.36,269.85,-887.27,670.86,1112.34,982.12,178.84,-915.63,519.69,1052.84,156.04,3.941,0,SACCADE,0.947,0.991,0.752,183.5,lissajous
736395.2951,37.8602,840.60,281.03,-904.20,685.36,1134.60,973.29,183.75,-540.92,300.54,618.80,164.53,4.155,0,SMOOTH_PURSUIT,0.545,0.990,0.749,166.8,lissajous
736395.3108,37.8759,826.16,291.99,-920.10,698.12,1154.97,961.75,193.79,-735.56,639.68,974.80,167.41,4.228,0,SACCADE,0.844,0.998,0.746,183.4,lissajous
736395.3274,37.8924,810.71,303.70,-933.86,708.36,1172.12,944.29,200.24,-1055.59,389.88,1125.29,168.96,4.267,0,SACCADE,0.960,0.957,0.746,166.8,lissajous
736395.3449,37.9100,794.03,316.34,-949.27,718.82,1190.72,934.60,206.56,-551.30,359.91,658.39,178.35,4.504,0,SACCADE,0.553,0.998,0.738,183.4,lissajous
736395.3614,37.9265,778.25,328.25,-959.76,724.52,1202.52,918.11,220.62,-1002.80,854.92,1317.76,176.48,4.457,0,SACCADE,1.096,0.998,0.735,166.8,lissajous
736395.3780,37.9431,762.10,340.39,-971.63,730.32,1215.50,911.50,232.42,-397.52,710.21,813.89,184.33,4.655,0,SACCADE,0.670,0.915,0.726,166.7,lissajous
736395.3940,37.9591,746.41,352.12,-981.76,733.87,1225.73,892.37,244.13,-1197.15,732.14,1403.28,181.57,4.585,0,SACCADE,1.145,0.996,0.720,150.0,lissajous
736395.4105,37.9756,730.05,364.26,-989.98,735.02,1233.01,876.55,250.93,-957.23,411.62,1041.98,185.22,4.677,0,SACCADE,0.845,0.973,0.718,166.7,lissajous
736395.4271,37.9921,713.52,376.43,-998.00,734.92,1239.40,863.54,257.40,-785.58,391.03,877.52,191.51,4.836,0,SACCADE,0.708,0.985,0.711,166.7,lissajous
736395.4431,38.0082,697.44,388.17,-1002.63,731.42,1241.06,850.04,270.15,-841.70,794.40,1157.38,192.91,4.871,0,SACCADE,0.933,0.992,0.710,166.7,lissajous
736395.4591,38.0241,681.37,399.77,-1007.24,727.11,1242.27,835.67,287.02,-900.46,1057.28,1388.76,191.11,4.826,0,SACCADE,1.118,0.971,0.710,150.0,lissajous
736395.4750,38.0401,665.26,411.26,-1010.93,721.21,1241.82,820.99,296.42,-921.13,590.03,1093.90,193.50,4.886,0,SACCADE,0.881,0.999,0.702,133.3,lissajous
736395.4913,38.0563,648.79,422.86,-1012.34,712.66,1238.03,803.97,312.21,-1046.18,970.51,1427.02,190.59,4.813,0,SACCADE,1.153,0.991,0.699,149.9,lissajous
736395.5079,38.0730,631.87,434.58,-1013.79,702.96,1233.66,786.88,319.15,-1024.20,416.22,1105.54,193.27,4.880,0,SACCADE,0.896,0.976,0.695,149.9,lissajous
736395.5241,38.0891,615.54,445.72,-1013.73,691.28,1226.99,771.59,335.96,-949.10,1043.54,1410.59,190.78,4.817,0,SACCADE,1.150,0.973,0.695,133.2,lissajous
736395.5396,38.1047,599.86,456.23,-1009.40,676.26,1215.00,752.56,345.50,-1225.54,613.84,1370.67,188.62,4.763,0,SACCADE,1.128,0.992,0.700,166.5,lissajous
736395.5573,38.1223,582.06,467.91,-1007.51,661.35,1205.18,733.30,359.09,-1089.66,769.07,1333.73,186.32,4.705,0,SACCADE,1.107,0.999,0.705,149.8,lissajous
736395.5736,38.1387,565.65,478.44,-1002.81,643.30,1191.42,717.64,369.38,-957.35,628.70,1145.33,187.07,4.724,0,SACCADE,0.961,1.000,0.706,133.1,lissajous
736395.5910,38.1560,548.36,489.25,-996.72,623.57,1175.71,706.36,383.92,-649.82,838.74,1061.02,189.89,4.795,0,SACCADE,0.902,0.938,0.703,166.4,lissajous
736395.6077,38.1728,531.77,499.35,-989.13,601.80,1157.82,688.84,396.44,-1045.29,746.28,1284.35,187.77,4.742,0,SACCADE,1.109,0.997,0.708,149.8,lissajous
736395.6246,38.1897,515.25,509.10,-980.36,578.70,1138.42,670.55,406.98,-1084.89,625.16,1252.12,185.87,4.694,0,SACCADE,1.100,1.000,0.711,133.2,lissajous
736395.6412,38.2063,499.17,518.28,-969.76,553.82,1116.76,656.96,413.64,-819.76,401.97,913.01,189.33,4.781,0,SACCADE,0.818,0.998,0.708,149.9,lissajous
736395.6569,38.2220,484.07,526.61,-960.03,529.32,1096.29,637.77,427.44,-1219.53,877.50,1502.41,182.92,4.619,0,SACCADE,1.370,0.993,0.712,133.1,lissajous
736395.6738,38.2389,468.07,535.09,-946.35,501.73,1071.13,619.97,434.51,-1052.96,418.09,1132.93,182.18,4.601,0,SACCADE,1.058,0.994,0.720,166.4,lissajous
736395.6909,38.2560,452.11,543.18,-933.30,472.91,1046.27,601.60,446.61,-1074.49,707.08,1286.27,177.97,4.494,0,SACCADE,1.229,0.994,0.726,149.8,lissajous
736395.7076,38.2727,436.77,550.57,-917.58,442.16,1018.55,590.93,459.12,-637.95,748.76,983.68,179.25,4.526,0,SACCADE,0.966,0.915,0.725,149.8,lissajous
736395.7252,38.2903,420.96,557.77,-900.33,409.74,989.18,572.06,474.29,-1074.57,863.41,1378.46,172.63,4.360,0,SACCADE,1.394,0.969,0.732,149.9,lissajous
736395.7409,38.3060,407.08,563.70,-883.20,377.51,960.50,557.27,478.54,-941.50,270.66,979.63,172.65,4.360,0,SACCADE,1.020,0.992,0.736,166.5,lissajous
736395.7568,38.3219,393.35,569.18,-865.25,345.70,931.75,540.30,490.20,-1069.33,735.04,1297.60,166.83,4.213,0,SACCADE,1.393,0.975,0.742,183.1,lissajous
736395.7736,38.3387,379.09,574.44,-845.71,311.90,901.40,523.41,501.49,-1001.61,669.31,1204.65,161.71,4.084,0,SACCADE,1.336,0.972,0.756,166.5,lissajous
736395.7897,38.3548,365.80,578.91,-825.02,277.07,870.30,510.78,515.46,-784.34,867.57,1169.55,158.25,3.997,0,SACCADE,1.344,0.872,0.757,149.8,lissajous
736395.8055,38.3706,353.10,582.74,-804.11,242.67,839.93,497.25,521.19,-856.22,362.35,929.74,156.74,3.959,0,SACCADE,1.107,0.994,0.759,166.4,lissajous
736395.8219,38.3870,340.29,586.14,-780.97,207.05,807.95,476.00,527.61,-1294.85,391.31,1352.69,147.80,3.733,0,SACCADE,1.674,0.999,0.763,166.4,lissajous
736395.8381,38.4032,328.04,588.90,-757.97,170.89,777.00,459.44,539.39,-1025.51,729.21,1258.33,140.42,3.547,0,SACCADE,1.619,0.922,0.767,166.4,lissajous
736395.8542,38.4192,316.26,591.06,-733.63,134.48,745.85,445.25,546.88,-883.40,466.19,998.86,136.35,3.444,0,SACCADE,1.339,0.954,0.770,166.3,lissajous
736395.8703,38.4354,304.84,592.63,-708.27,97.78,714.98,430.24,557.10,-931.42,634.47,1126.99,130.33,3.292,0,SACCADE,1.576,0.896,0.772,166.3,lissajous
736395.8871,38.4522,293.36,593.64,-681.81,59.97,684.44,420.33,560.62,-588.32,208.94,624.32,131.20,3.314,0,SMOOTH_PURSUIT,0.912,0.968,0.769,166.3,lissajous
736395.9029,38.4679,283.07,594.00,-654.16,22.39,654.54,397.13,561.92,-1474.62,82.63,1476.94,118.49,2.993,0,SACCADE,2.256,1.000,0.766,166.2,lissajous
736395.9192,38.4843,272.80,593.76,-626.60,-14.67,626.77,388.28,568.82,-540.06,420.97,684.75,118.15,2.984,0,SACCADE,1.093,0.774,0.763,166.1,lissajous
736395.9361,38.5011,262.75,592.86,-597.15,-52.96,599.49,368.38,573.01,-1182.98,249.05,1208.91,107.48,2.715,0,SACCADE,2.017,0.957,0.762,166.2,lissajous
736395.9518,38.5169,253.83,591.44,-567.17,-90.33,574.32,355.91,575.91,-792.50,184.43,813.68,103.26,2.608,0,SACCADE,1.417,0.926,0.762,166.2,lissajous
736395.9691,38.5342,244.53,589.22,-537.01,-128.21,552.10,349.51,580.03,-369.81,238.13,439.84,105.38,2.662,0,SMOOTH_PURSUIT,0.797,0.692,0.757,166.2,lissajous
736395.9855,38.5506,236.27,586.50,-503.99,-166.12,530.66,335.57,587.33,-849.33,445.28,958.98,99.31,2.509,0,SACCADE,1.807,0.696,0.755,166.2,lissajous
736396.0021,38.5672,228.42,583.12,-472.35,-203.23,514.22,323.72,591.29,-713.81,238.03,752.45,95.65,2.416,0,SACCADE,1.463,0.746,0.750,166.2,lissajous
736396.0185,38.5836,221.22,579.20,-439.03,-239.34,500.03,307.17,590.04,-1008.32,-76.37,1011.21,86.64,2.189,0,SACCADE,2.022,0.912,0.744,166.1,lissajous
736396.0352,38.6003,214.44,574.60,-405.76,-275.28,490.32,298.27,595.78,-532.74,343.89,634.09,86.47,2.185,0,SMOOTH_PURSUIT,1.293,0.391,0.744,166.1,lissajous
736396.0524,38.6175,208.06,569.25,-371.02,-311.28,484.31,287.74,592.24,-612.89,-206.15,646.63,82.93,2.095,0,SMOOTH_PURSUIT,1.335,0.931,0.744,182.6,lissajous
736396.0690,38.6341,202.49,563.50,-335.62,-346.13,482.13,280.63,594.72,-428.30,149.37,453.60,84.15,2.126,0,SMOOTH_PURSUIT,0.941,0.421,0.746,166.1,lissajous
736396.0855,38.6506,197.53,557.24,-300.46,-379.24,483.83,266.97,592.58,-827.24,-129.73,837.35,77.92,1.969,0,SACCADE,1.731,0.735,0.739,166.1,lissajous
736396.1026,38.6677,193.01,550.21,-264.53,-411.81,489.45,257.67,592.87,-545.39,17.25,545.66,77.46,1.957,0,SMOOTH_PURSUIT,1.115,0.514,0.741,182.7,lissajous
736396.1195,38.6845,189.16,542.72,-228.36,-444.64,499.85,254.29,590.89,-200.14,-117.87,232.27,81.01,2.046,0,SMOOTH_PURSUIT,0.465,0.845,0.748,166.1,lissajous
736396.1355,38.7006,186.09,535.15,-191.72,-472.49,509.90,239.22,585.61,-940.82,-329.16,996.74,73.28,1.851,0,SACCADE,1.955,0.661,0.740,166.0,lissajous
736396.1526,38.7177,183.43,526.57,-155.82,-502.07,525.69,226.64,583.34,-736.24,-132.91,748.14,71.35,1.803,0,SACCADE,1.423,0.461,0.738,149.5,lissajous
736396.1693,38.7344,181.44,517.69,-118.52,-530.16,543.25,226.20,580.65,-25.95,-160.97,163.05,77.24,1.951,0,SMOOTH_PURSUIT,0.300,0.998,0.746,166.1,lissajous
736396.1858,38.7508,180.10,508.55,-81.65,-555.68,561.65,223.42,578.79,-169.44,-112.77,203.54,82.52,2.085,0,SMOOTH_PURSUIT,0.362,0.669,0.750,149.5,lissajous
736396.2024,38.7675,179.36,498.92,-44.89,-579.87,581.61,211.50,577.51,-716.94,-77.37,721.10,84.91,2.145,0,SACCADE,1.240,0.184,0.748,166.1,lissajous
736396.2193,38.7844,179.23,488.71,-7.52,-602.63,602.68,201.70,571.98,-578.65,-326.21,664.27,86.25,2.179,0,SACCADE,1.102,0.502,0.749,149.5,lissajous
736396.2359,38.8010,179.73,478.33,29.90,-624.89,625.60,201.56,564.79,-8.07,-432.73,432.80,89.18,2.253,0,SMOOTH_PURSUIT,0.692,0.998,0.759,166.0,lissajous
736396.2524,38.8175,180.82,467.74,66.64,-643.17,646.62,194.54,560.48,-426.65,-261.79,500.56,93.75,2.368,0,SMOOTH_PURSUIT,0.774,0.432,0.766,166.0,lissajous
736396.2692,38.8343,182.57,456.60,103.64,-661.13,669.20,194.26,548.31,-16.46,-722.32,722.51,92.46,2.336,0,SACCADE,1.080,0.984,0.767,166.0,lissajous
736396.2871,38.8522,185.11,444.46,142.09,-677.75,692.48,187.63,537.44,-370.44,-607.05,711.14,93.01,2.350,0,SACCADE,1.027,0.729,0.770,149.5,lissajous
736396.3030,38.8681,187.96,433.47,179.26,-691.89,714.73,179.68,528.04,-499.95,-592.03,774.88,94.93,2.398,0,SACCADE,1.084,0.578,0.771,166.1,lissajous
736396.3192,38.8842,191.42,422.12,214.22,-703.38,735.27,181.69,522.87,124.37,-320.45,343.74,101.21,2.557,0,SMOOTH_PURSUIT,0.467,0.997,0.775,166.0,lissajous
736396.3348,38.8999,195.30,410.99,248.71,-713.35,755.46,185.54,515.19,246.47,-491.68,549.99,104.66,2.644,0,SMOOTH_PURSUIT,0.728,0.992,0.783,166.0,lissajous
736396.3510,38.9161,199.90,399.27,283.04,-721.54,775.07,183.68,506.17,-114.05,-555.84,567.42,108.12,2.731,0,BLINK,0.732,0.839,0.789,165.9,lissajous
736396.3672,38.9322,205.02,387.53,317.31,-727.32,793.53,185.01,497.50,82.08,-536.45,542.69,111.78,2.824,0,BLINK,0.684,0.967,0.792,165.9,lissajous
736396.3837,38.9487,210.83,375.44,351.87,-732.22,812.38,183.25,481.27,-106.85,-983.35,989.14,109.36,2.763,0,BLINK,1.218,0.849,0.791,165.9,lissajous
736396.3995,38.9645,216.91,363.85,385.15,-734.23,829.12,180.16,469.05,-195.25,-774.13,798.37,111.43,2.815,0,BLINK,0.963,0.745,0.793,165.8,lissajous
736396.4168,38.9819,224.18,351.09,419.09,-734.91,846.01,182.97,461.02,161.81,-462.42,489.92,117.40,2.966,0,BLINK,0.579,0.984,0.796,165.9,lissajous
736396.4326,38.9977,231.32,339.52,452.67,-733.94,862.31,181.93,453.02,-66.25,-507.80,512.11,123.77,3.127,0,BLINK,0.594,0.776,0.799,165.8,lissajous
736396.4492,39.0143,239.36,327.39,484.46,-730.34,876.41,186.29,437.18,262.46,-953.41,988.87,121.95,3.080,0,BLINK,1.128,0.950,0.803,165.7,lissajous
736396.4654,39.0305,247.72,315.66,515.73,-724.36,889.20,190.99,429.99,290.12,-443.95,530.34,127.63,3.224,0,BLINK,0.596,0.999,0.803,165.7,lissajous
736396.4822,39.0473,256.93,303.58,547.52,-717.81,902.79,192.87,414.36,112.02,-929.16,935.89,127.96,3.232,0,BLINK,1.037,0.862,0.804,165.8,lissajous
736396.4978,39.0629,265.95,292.51,577.52,-708.73,914.24,195.29,407.38,154.84,-446.87,472.94,134.86,3.406,0,BLINK,0.517,0.939,0.803,165.7,lissajous
736396.5142,39.0793,275.89,281.07,606.80,-698.46,925.23,196.75,395.15,88.72,-746.85,752.10,138.84,3.507,0,BLINK,0.813,0.827,0.809,165.8,lissajous
736396.5306,39.0957,286.31,269.83,635.12,-685.09,934.20,206.66,381.78,604.33,-815.34,1014.89,137.39,3.470,0,SACCADE,1.086,0.994,0.808,165.7,lissajous
736396.5471,39.1122,297.24,258.79,663.72,-670.99,943.80,211.30,371.00,281.73,-654.31,712.38,141.34,3.570,0,SACCADE,0.755,0.931,0.807,165.7,lissajous
736396.5625,39.1276,307.88,248.69,689.88,-654.80,951.16,214.71,358.80,221.08,-791.07,821.39,144.24,3.643,0,SACCADE,0.864,0.858,0.806,165.6,lissajous
736396.5796,39.1447,320.12,237.79,716.24,-637.13,958.61,228.33,346.03,796.65,-746.80,1091.95,141.92,3.585,0,SACCADE,1.139,1.000,0.808,165.6,lissajous
736396.5963,39.1613,332.49,227.52,741.95,-616.43,964.62,230.91,331.75,154.71,-857.37,871.22,145.54,3.676,0,SACCADE,0.903,0.765,0.808,165.6,lissajous
736396.6132,39.1783,345.52,217.42,767.19,-594.62,970.64,245.80,321.41,876.98,-608.60,1067.47,144.07,3.639,0,SACCADE,1.100,0.999,0.808,165.6,lissajous
736396.6304,39.1955,359.10,207.63,791.11,-570.30,975.24,250.59,309.24,278.96,-708.46,761.40,148.66,3.755,0,SACCADE,0.781,0.841,0.810,165.7,lissajous
736396.6476,39.2127,373.11,198.27,814.86,-544.78,980.20,258.18,301.80,441.50,-433.09,618.46,154.69,3.907,0,SMOOTH_PURSUIT,0.631,0.983,0.809,165.8,lissajous
736396.6644,39.2295,387.19,189.55,836.84,-517.65,984.00,272.77,287.64,866.64,-841.32,1207.85,150.71,3.806,0,SACCADE,1.227,0.977,0.808,165.8,lissajous
736396.6809,39.2460,401.28,181.51,857.01,-489.58,986.99,282.78,275.41,609.45,-743.69,961.51,151.20,3.819,0,SACCADE,0.974,0.934,0.808,165.7,lissajous
736396.6982,39.2633,416.46,173.54,876.55,-459.88,989.86,286.33,261.83,204.91,-783.99,810.32,157.26,3.972,0,SACCADE,0.819,0.673,0.808,165.7,lissajous
736396.7137,39.2788,430.34,166.87,894.29,-429.68,992.16,302.51,250.55,1042.46,-726.65,1270.73,152.79,3.859,0,SACCADE,1.281,0.987,0.806,165.7,lissajous
736396.7306,39.2957,445.72,160.14,910.72,-398.80,994.21,315.54,242.68,771.73,-466.22,901.63,154.14,3.893,0,SACCADE,0.907,0.991,0.807,165.7,lissajous
736396.7478,39.3129,461.66,153.86,926.88,-365.25,996.25,323.73,235.30,476.42,-429.40,641.37,160.17,4.045,0,SMOOTH_PURSUIT,0.644,0.937,0.804,165.7,lissajous
736396.7651,39.3301,477.91,148.16,941.60,-330.15,997.80,335.92,221.12,705.95,-821.56,1083.20,159.64,4.032,0,SACCADE,1.086,0.866,0.804,165.7,lissajous
736396.7813,39.3464,493.41,143.37,954.67,-295.13,999.25,356.16,212.01,1246.30,-561.06,1366.76,153.46,3.876,0,SACCADE,1.368,0.992,0.804,165.7,lissajous
736396.7977,39.3627,509.22,139.11,966.20,-260.29,1000.64,366.90,204.40,656.48,-465.38,804.70,156.58,3.955,0,SACCADE,0.804,0.938,0.803,165.7,lissajous
736396.8148,39.3799,525.99,135.27,977.16,-223.83,1002.47,378.98,194.31,704.15,-587.73,917.20,158.42,4.001,0,SACCADE,0.915,0.891,0.803,165.7,lissajous
736396.8314,39.3965,542.40,132.17,986.34,-186.32,1003.79,397.66,186.23,1122.46,-485.92,1223.12,154.51,3.902,0,SACCADE,1.219,0.975,0.805,165.7,lissajous
736396.8485,39.4136,559.36,129.64,993.91,-148.37,1004.92,408.97,178.76,662.77,-437.25,794.01,158.21,3.996,0,SACCADE,0.790,0.907,0.803,165.7,lissajous
736396.8649,39.4300,575.73,127.83,1000.87,-110.45,1006.94,427.42,169.58,1128.04,-561.18,1259.91,154.08,3.891,0,SACCADE,1.251,0.939,0.804,165.6,lissajous
736396.8810,39.4460,591.90,126.65,1005.86,-73.28,1008.53,441.40,167.20,869.49,-148.19,882.03,155.87,3.937,0,SACCADE,0.875,0.995,0.804,165.6,lissajous
736396.8971,39.4622,608.19,126.07,1009.25,-36.16,1009.90,456.73,164.68,949.59,-156.00,962.32,156.31,3.948,0,SACCADE,0.953,0.992,0.805,165.7,lissajous
736396.9135,39.4786,624.82,126.09,1012.27,1.42,1012.27,467.81,156.47,674.34,-499.89,839.42,159.93,4.039,0,SACCADE,0.829,0.803,0.800,165.7,lissajous
736396.9303,39.4954,641.81,126.76,1013.35,39.74,1014.13,486.38,150.78,1107.53,-339.55,1158.41,157.28,3.972,0,SACCADE,1.142,0.944,0.802,165.7,lissajous
736396.9465,39.5116,658.21,128.01,1012.71,77.63,1015.68,500.48,140.59,871.13,-629.41,1074.72,158.23,3.996,0,SACCADE,1.058,0.763,0.800,165.6,lissajous
736396.9639,39.5290,675.84,130.04,1011.50,116.12,1018.15,519.29,133.79,1079.62,-390.29,1148.00,156.59,3.955,0,SACCADE,1.128,0.896,0.802,165.6,lissajous
736396.9797,39.5448,691.77,132.47,1008.76,153.84,1020.42,537.14,135.98,1129.44,138.85,1137.94,154.68,3.907,0,SACCADE,1.115,1.000,0.806,165.6,lissajous
736396.9953,39.5604,707.46,135.42,1004.69,189.08,1022.32,555.03,131.60,1146.00,-280.52,1179.83,152.48,3.851,0,SACCADE,1.154,0.911,0.808,182.1,lissajous
736397.0122,39.5772,724.31,139.21,1000.80,225.36,1025.86,571.39,128.04,971.67,-211.22,994.36,153.33,3.872,0,SACCADE,0.969,0.907,0.814,165.6,lissajous
736397.0293,39.5944,741.30,143.70,991.65,261.83,1025.63,585.94,131.00,849.42,172.75,866.81,155.88,3.937,0,SACCADE,0.845,0.998,0.811,149.1,lissajous
736397.0466,39.6116,758.31,148.86,984.32,298.85,1028.68,603.29,131.03,1003.47,1.74,1003.47,156.05,3.941,0,SACCADE,0.975,0.957,0.814,182.2,lissajous
736397.0639,39.6289,775.14,154.65,973.57,334.56,1029.45,619.00,128.04,909.29,-173.44,925.68,158.39,4.000,0,SACCADE,0.899,0.868,0.815,165.7,lissajous
736397.0797,39.6448,790.45,160.50,964.64,368.88,1032.76,633.40,125.72,907.20,-146.03,918.88,160.85,4.062,0,SACCADE,0.890,0.865,0.818,149.1,lissajous
736397.0964,39.6614,806.27,167.16,950.61,400.00,1031.34,650.47,132.33,1025.43,397.39,1099.74,159.65,4.032,0,SACCADE,1.066,1.000,0.816,182.3,lissajous
736397.1137,39.6788,822.54,174.67,937.86,432.70,1032.87,666.21,132.37,907.49,2.05,907.49,161.95,4.090,0,SACCADE,0.879,0.909,0.821,165.7,lissajous
736397.1301,39.6952,837.65,182.25,922.94,463.52,1032.79,681.26,133.22,919.17,51.86,920.63,163.90,4.139,0,SACCADE,0.891,0.917,0.816,149.2,lissajous
736397.1467,39.7117,852.68,190.41,907.45,492.53,1032.50,698.60,135.84,1046.68,158.09,1058.55,163.47,4.128,0,SACCADE,1.025,0.940,0.813,165.7,lissajous
736397.1639,39.7290,868.03,199.40,889.36,520.41,1030.43,716.36,139.27,1028.94,199.24,1048.05,163.16,4.121,0,SACCADE,1.017,0.943,0.810,149.1,lissajous
736397.1802,39.7452,882.19,208.28,871.40,547.26,1028.99,733.14,140.55,1033.55,78.65,1036.54,163.71,4.135,0,SACCADE,1.007,0.885,0.811,165.7,lissajous
736397.1961,39.7612,895.80,217.40,852.86,571.58,1026.68,746.12,142.41,813.45,116.15,821.70,167.41,4.228,0,SACCADE,0.800,0.901,0.812,149.1,lissajous
736397.2118,39.7769,908.86,226.71,833.12,593.74,1023.04,765.70,147.80,1248.66,343.86,1295.15,163.47,4.128,0,SACCADE,1.266,0.939,0.812,165.6,lissajous
736397.2289,39.7940,922.78,237.26,811.68,615.23,1018.50,784.00,155.82,1067.26,467.72,1165.25,160.91,4.064,0,SACCADE,1.144,0.972,0.810,149.0,lissajous
736397.2466,39.8116,936.67,248.48,788.76,636.99,1013.85,800.52,160.82,937.48,283.90,979.52,161.94,4.090,0,SACCADE,0.966,0.927,0.818,149.1,lissajous
736397.2634,39.8285,949.50,259.50,761.85,654.11,1004.13,811.87,165.04,674.30,250.93,719.47,166.92,4.216,0,SACCADE,0.717,0.938,0.811,165.6,lissajous
736397.2799,39.8450,961.73,270.63,738.94,672.47,999.13,830.76,175.54,1141.46,634.53,1305.97,161.84,4.087,0,SACCADE,1.307,0.973,0.812,165.6,lissajous
736397.2961,39.8612,973.22,281.69,712.09,685.56,988.47,842.83,186.88,748.33,702.92,1026.69,161.21,4.071,0,SACCADE,1.039,1.000,0.814,182.1,lissajous
736397.3132,39.8783,984.97,293.67,686.59,699.67,980.28,858.48,194.45,913.67,441.86,1014.91,160.77,4.060,0,SACCADE,1.035,0.941,0.818,165.6,lissajous
736397.3289,39.8940,995.30,304.80,657.97,709.13,967.37,877.70,205.81,1224.28,723.87,1422.27,153.72,3.882,0,SACCADE,1.470,0.959,0.817,148.9,lissajous
736397.3452,39.9102,1005.58,316.50,631.51,718.93,956.91,887.84,211.96,623.48,377.78,729.00,157.45,3.976,0,SACCADE,0.762,0.954,0.813,165.4,lissajous
736397.3615,39.9265,1015.38,328.31,601.97,725.01,942.34,904.41,220.46,1017.19,521.62,1143.14,154.75,3.908,0,SACCADE,1.213,0.919,0.814,148.9,lissajous
736397.3783,39.9433,1025.00,340.59,572.63,731.02,928.59,910.92,237.47,387.86,1012.71,1084.44,153.78,3.884,0,SACCADE,1.168,0.956,0.810,165.4,lissajous
736397.3951,39.9602,1034.12,352.95,540.98,733.83,911.69,923.53,243.52,748.19,359.42,830.04,155.57,3.929,0,SACCADE,0.910,0.883,0.811,165.4,lissajous
736397.4112,39.9763,1042.31,364.76,509.54,734.89,894.25,941.08,251.56,1091.67,499.70,1200.60,151.86,3.836,0,SACCADE,1.343,0.860,0.816,165.5,lissajous
736397.4280,39.9931,1050.34,377.12,477.66,734.28,875.97,953.49,264.52,737.23,770.67,1066.51,148.52,3.751,0,SACCADE,1.218,0.983,0.819,165.4,lissajous
736397.4446,40.0097,1057.74,389.29,444.41,731.38,855.81,970.61,280.57,1028.88,964.58,1410.32,139.32,3.519,0,SACCADE,1.648,0.963,0.816,165.5,lissajous
736397.4609,40.0260,1064.43,401.12,411.60,727.39,835.77,975.45,288.18,297.88,467.55,554.38,143.78,3.632,0,SMOOTH_PURSUIT,0.663,0.999,0.813,165.4,lissajous
736397.4772,40.0423,1070.59,412.86,377.72,719.98,813.05,988.76,295.12,815.89,425.52,920.19,143.39,3.622,0,SACCADE,1.132,0.821,0.814,165.4,lissajous
736397.4942,40.0593,1076.42,424.95,342.90,710.98,789.34,999.36,311.51,623.73,963.73,1147.96,137.14,3.464,0,SACCADE,1.454,0.992,0.827,165.4,lissajous
736397.5110,40.0761,1081.59,436.71,307.37,700.40,764.88,1011.99,326.43,751.95,888.52,1164.00,130.41,3.294,0,SACCADE,1.522,0.959,0.827,165.4,lissajous
736397.5277,40.0928,1086.11,448.18,271.80,688.11,739.85,1016.45,332.95,267.61,391.24,474.01,134.65,3.401,0,SMOOTH_PURSUIT,0.641,0.975,0.829,165.4,lissajous
736397.5441,40.1092,1090.00,459.26,235.95,673.37,713.51,1030.54,346.42,856.16,818.63,1184.56,127.54,3.222,0,SACCADE,1.660,0.891,0.829,165.4,lissajous
736397.5606,40.1256,1093.29,470.05,200.13,657.11,686.91,1043.43,359.53,784.41,797.98,1118.96,121.25,3.063,0,SACCADE,1.629,0.886,0.830,165.3,lissajous
736397.5775,40.1426,1096.06,480.90,163.69,639.50,660.12,1045.47,374.28,120.26,869.81,878.09,118.02,2.981,0,SACCADE,1.330,0.994,0.832,165.4,lissajous
736397.5939,40.1590,1098.14,491.06,126.76,619.06,631.91,1050.31,390.79,294.99,1005.76,1048.13,111.10,2.806,0,SACCADE,1.659,0.997,0.832,165.4,lissajous
736397.6107,40.1758,1099.65,501.10,90.07,598.02,604.77,1057.06,396.97,402.09,368.24,545.23,112.50,2.842,0,SMOOTH_PURSUIT,0.902,0.778,0.827,165.5,lissajous
736397.6276,40.1926,1100.54,510.78,52.66,574.33,576.74,1069.68,409.72,749.32,756.95,1065.11,105.66,2.669,0,SACCADE,1.847,0.772,0.825,165.4,lissajous
736397.6440,40.2090,1100.80,519.80,15.66,550.40,550.63,1069.98,420.45,18.00,653.74,653.99,104.03,2.628,0,SACCADE,1.188,1.000,0.822,165.5,lissajous
736397.6607,40.2258,1100.44,528.56,-21.28,523.10,523.53,1076.85,428.01,410.37,451.63,610.22,103.28,2.609,0,SMOOTH_PURSUIT,1.166,0.712,0.817,165.5,lissajous
736397.6777,40.2427,1099.45,536.96,-58.80,495.58,499.05,1081.87,442.83,296.22,874.27,923.09,95.76,2.419,0,SACCADE,1.850,0.903,0.813,182.1,lissajous
736397.6939,40.2589,1097.90,544.52,-95.62,466.63,476.33,1087.46,451.71,345.14,548.46,648.02,93.39,2.359,0,SMOOTH_PURSUIT,1.360,0.722,0.814,165.5,lissajous
736397.7103,40.2754,1095.73,551.70,-131.67,436.68,456.09,1092.28,464.71,293.33,790.95,843.59,87.06,2.199,0,SACCADE,1.850,0.797,0.808,165.5,lissajous
736397.7279,40.2930,1092.75,558.82,-169.31,404.93,438.90,1095.22,476.01,167.08,642.28,663.66,82.85,2.093,0,SACCADE,1.512,0.796,0.803,149.0,lissajous
736397.7446,40.3096,1089.31,565.01,-206.76,371.11,424.82,1097.52,482.31,138.20,377.69,402.18,83.11,2.100,0,SMOOTH_PURSUIT,0.947,0.653,0.794,132.5,lissajous
736397.7614,40.3264,1085.22,570.68,-243.19,337.35,415.87,1095.67,495.48,-110.62,784.31,792.08,75.92,1.918,0,SACCADE,1.905,0.885,0.781,149.0,lissajous
736397.7785,40.3436,1080.43,575.85,-279.55,301.89,411.44,1099.29,501.42,211.62,346.91,406.36,76.78,1.940,0,DRIFT,0.988,0.273,0.777,132.5,lissajous
736397.7955,40.3606,1075.06,580.36,-315.83,265.52,412.61,1102.36,510.44,180.06,530.26,560.00,75.06,1.896,0,SMOOTH_PURSUIT,1.357,0.363,0.766,115.9,lissajous
736397.8130,40.3781,1068.90,584.35,-352.42,228.25,419.88,1094.33,519.37,-458.90,510.80,686.66,69.78,1.763,0,SACCADE,1.635,0.965,0.751,99.4,lissajous
736397.8293,40.3943,1062.59,587.46,-387.16,190.71,431.58,1097.83,528.70,215.06,573.10,612.13,68.52,1.731,0,DRIFT,1.418,0.099,0.734,82.8,lissajous
736397.8462,40.4113,1055.44,590.07,-421.41,153.49,448.49,1097.26,535.29,-33.86,387.90,389.37,68.92,1.741,0,SMOOTH_PURSUIT,0.868,0.423,0.729,99.4,lissajous
736397.8640,40.4291,1047.35,592.09,-456.01,113.98,470.04,1095.02,543.94,-126.02,487.31,503.34,67.76,1.712,0,SMOOTH_PURSUIT,1.071,0.478,0.707,116.0,lissajous
736397.8803,40.4454,1039.35,593.31,-490.07,75.07,495.79,1094.12,552.52,-55.11,526.33,529.21,68.29,1.725,0,DRIFT,1.067,0.254,0.712,116.0,lissajous
736397.8976,40.4627,1030.32,593.94,-521.84,36.29,523.10,1091.63,561.02,-143.88,491.09,511.73,69.59,1.758,0,DRIFT,0.978,0.347,0.693,82.9,lissajous
736397.9149,40.4800,1020.74,593.88,-554.74,-3.59,554.75,1086.67,568.25,-287.11,418.60,507.60,70.74,1.787,0,SMOOTH_PURSUIT,0.915,0.560,0.693,99.5,lissajous
736397.9320,40.4971,1010.71,593.14,-586.67,-43.27,588.26,1084.89,574.68,-104.60,376.37,390.64,76.43,1.931,0,DRIFT,0.664,0.196,0.692,116.1,lissajous
736397.9477,40.5128,1001.05,591.87,-615.55,-80.93,620.85,1082.02,578.88,-182.23,267.45,323.63,82.01,2.072,0,SMOOTH_PURSUIT,0.521,0.451,0.697,99.5,lissajous
736397.9648,40.5299,990.01,589.84,-644.57,-118.52,655.37,1077.82,583.56,-245.45,273.25,367.31,88.03,2.224,0,SMOOTH_PURSUIT,0.560,0.523,0.701,132.7,lissajous
736397.9820,40.5471,978.44,587.14,-673.40,-157.39,691.54,1068.47,585.65,-544.23,121.56,557.64,90.04,2.275,0,SMOOTH_PURSUIT,0.806,0.901,0.706,132.7,lissajous
736397.9982,40.5633,967.05,583.97,-700.92,-194.90,727.51,1062.95,590.68,-339.79,309.64,459.72,96.13,2.428,0,SMOOTH_PURSUIT,0.632,0.532,0.721,132.7,lissajous
736398.0147,40.5797,955.11,580.17,-726.79,-231.02,762.62,1052.29,592.11,-648.52,86.98,654.33,97.91,2.473,0,SACCADE,0.858,0.904,0.727,149.3,lissajous
736398.0320,40.5971,942.06,575.53,-752.59,-267.73,798.80,1041.13,592.69,-643.51,33.55,644.38,100.55,2.540,0,SMOOTH_PURSUIT,0.807,0.923,0.738,132.8,lissajous
736398.0475,40.6126,930.01,570.84,-775.96,-302.45,832.82,1033.64,588.49,-482.93,-270.65,553.60,105.11,2.655,0,SMOOTH_PURSUIT,0.665,0.990,0.743,132.8,lissajous
736398.0641,40.6292,916.77,565.27,-798.98,-336.02,866.76,1026.97,597.25,-401.88,528.68,664.08,114.75,2.899,0,SACCADE,0.766,0.249,0.753,149.4,lissajous
736398.0802,40.6452,903.59,559.34,-820.74,-369.04,899.90,1017.88,595.46,-566.31,-111.48,577.18,119.86,3.028,0,SMOOTH_PURSUIT,0.641,0.974,0.768,149.3,lissajous
736398.0967,40.6618,889.67,552.71,-841.99,-401.33,932.74,1006.16,593.42,-708.97,-123.52,719.65,123.40,3.117,0,SACCADE,0.772,0.963,0.773,165.9,lissajous
736398.1130,40.6781,875.61,545.65,-861.30,-432.32,963.71,994.02,586.56,-743.34,-419.88,853.73,125.28,3.165,0,SACCADE,0.886,0.999,0.776,149.3,lissajous
736398.1297,40.6948,860.89,537.91,-880.18,-462.61,994.34,984.42,587.12,-574.36,33.38,575.33,132.97,3.359,0,SMOOTH_PURSUIT,0.579,0.857,0.780,165.9,lissajous
736398.1468,40.7119,845.57,529.51,-898.64,-492.48,1024.74,970.43,582.99,-819.96,-242.47,855.06,135.84,3.431,0,SACCADE,0.834,0.977,0.784,165.9,lissajous
736398.1629,40.7280,830.83,521.14,-914.04,-519.63,1051.42,965.03,583.31,-335.52,19.85,336.11,147.90,3.735,0,SMOOTH_PURSUIT,0.320,0.839,0.784,165.9,lissajous
736398.1786,40.7437,816.26,512.58,-929.19,-545.18,1077.32,953.08,580.43,-761.52,-183.37,783.29,152.72,3.857,0,SACCADE,0.727,0.957,0.785,149.2,lissajous
736398.1953,40.7604,800.46,503.05,-943.24,-569.71,1101.94,935.55,579.22,-1047.33,-72.08,1049.81,155.08,3.917,0,SACCADE,0.953,0.889,0.786,165.8,lissajous
736398.2124,40.7774,784.18,492.94,-956.60,-593.70,1125.86,923.44,574.69,-711.27,-266.34,759.51,161.48,4.078,0,SACCADE,0.675,0.981,0.781,149.2,lissajous
736398.2291,40.7942,767.98,482.64,-968.14,-615.70,1147.34,910.52,566.98,-772.15,-460.61,899.10,165.62,4.183,0,SACCADE,0.784,1.000,0.773,165.8,lissajous
736398.2453,40.8103,752.16,472.36,-978.54,-635.77,1166.93,900.56,556.89,-615.83,-623.67,876.48,170.79,4.313,0,SACCADE,0.751,0.977,0.770,165.7,lissajous
736398.2625,40.8276,735.10,461.06,-987.18,-654.00,1184.16,885.44,548.14,-875.37,-506.91,1011.55,173.73,4.387,0,SACCADE,0.854,0.998,0.766,149.2,lissajous
736398.2796,40.8447,718.09,449.59,-995.13,-671.17,1200.31,867.80,543.38,-1031.81,-278.44,1068.72,176.66,4.461,0,SACCADE,0.890,0.946,0.762,149.2,lissajous
736398.2960,40.8610,701.76,438.40,-1001.36,-685.90,1213.74,855.65,539.65,-744.88,-228.49,779.14,184.22,4.652,0,SACCADE,0.642,0.954,0.749,132.7,lissajous
736398.3114,40.8765,686.19,427.59,-1006.55,-698.51,1225.18,839.06,528.49,-1072.06,-721.64,1292.31,183.17,4.625,0,SACCADE,1.055,1.000,0.744,149.2,lissajous
736398.3279,40.8930,669.52,415.89,-1009.44,-708.68,1233.36,826.88,520.81,-738.26,-465.36,872.69,189.12,4.776,0,SACCADE,0.708,0.999,0.734,132.6,lissajous
736398.3443,40.9093,652.98,404.16,-1012.69,-718.38,1241.62,809.62,511.77,-1056.30,-553.28,1192.43,190.04,4.799,0,SACCADE,0.960,0.991,0.734,132.6,lissajous
736398.3618,40.9269,635.18,391.41,-1013.53,-725.59,1246.48,791.70,499.69,-1020.63,-687.79,1230.75,190.32,4.806,0,SACCADE,0.987,1.000,0.726,132.6,lissajous
736398.3777,40.9427,619.15,379.85,-1012.69,-730.47,1248.65,775.34,492.35,-1033.58,-463.37,1132.70,192.49,4.860,0,SACCADE,0.907,0.979,0.726,132.6,lissajous
736398.3942,40.9593,602.39,367.69,-1011.36,-733.85,1249.56,755.39,479.44,-1203.66,-779.47,1434.00,189.46,4.784,0,SACCADE,1.148,0.999,0.715,116.0,lissajous
736398.4107,40.9758,585.74,355.56,-1007.93,-734.80,1247.34,746.38,466.62,-545.29,-776.08,948.50,195.30,4.931,0,SACCADE,0.760,0.947,0.702,149.2,lissajous
736398.4270,40.9921,569.42,343.61,-1004.27,-734.55,1244.24,726.84,454.54,-1201.95,-742.95,1413.03,192.58,4.863,0,SACCADE,1.136,0.997,0.707,149.2,lissajous
736398.4435,41.0086,552.89,331.50,-998.41,-731.71,1237.83,709.99,446.04,-1018.38,-513.49,1140.51,194.42,4.909,0,SACCADE,0.921,0.986,0.710,132.6,lissajous
736398.4612,41.0263,535.42,318.69,-990.53,-726.38,1228.32,690.22,429.76,-1120.61,-922.92,1451.74,190.53,4.811,0,SACCADE,1.182,0.998,0.710,132.7,lissajous
736398.4769,41.0419,520.01,307.40,-983.98,-721.00,1219.86,676.13,422.46,-899.38,-466.35,1013.10,193.94,4.897,0,SACCADE,0.831,0.988,0.715,149.3,lissajous
736398.4933,41.0584,503.96,295.66,-972.62,-711.15,1204.88,657.48,410.08,-1130.44,-750.30,1356.78,191.47,4.835,0,SACCADE,1.126,0.999,0.720,132.7,lissajous
736398.5100,41.0750,487.98,284.02,-962.33,-701.08,1190.62,648.12,400.55,-563.53,-573.74,804.20,198.06,5.001,0,SACCADE,0.675,0.986,0.711,116.1,lissajous
736398.5265,41.0916,472.27,272.63,-950.50,-688.91,1173.91,628.75,389.06,-1171.98,-694.84,1362.48,195.05,4.925,0,SACCADE,1.161,0.996,0.714,132.8,lissajous
736398.5428,41.1078,457.01,261.65,-936.98,-674.62,1154.58,614.90,371.07,-850.74,-1105.56,1395.00,192.10,4.851,0,SACCADE,1.208,0.958,0.722,149.3,lissajous
736398.5585,41.1236,442.47,251.27,-922.88,-659.14,1134.10,592.95,360.20,-1393.21,-689.90,1554.67,185.77,4.691,0,SACCADE,1.371,0.987,0.730,132.7,lissajous
736398.5748,41.1399,427.71,240.82,-908.00,-642.25,1112.18,575.88,347.51,-1049.96,-780.12,1308.05,182.59,4.611,0,SACCADE,1.176,1.000,0.732,149.2,lissajous
736398.5908,41.1559,413.43,230.84,-890.64,-622.71,1086.74,560.37,339.55,-967.94,-496.97,1088.07,182.77,4.615,0,SACCADE,1.001,0.991,0.736,149.2,lissajous
736398.6079,41.1729,398.54,220.57,-873.12,-602.02,1060.55,545.83,324.22,-852.26,-898.82,1238.64,180.10,4.548,0,SACCADE,1.168,0.978,0.738,132.6,lissajous
736398.6251,41.1902,383.87,210.63,-852.55,-578.07,1030.05,524.79,308.55,-1222.91,-910.31,1524.52,171.60,4.334,0,SACCADE,1.480,0.999,0.743,165.8,lissajous
736398.6416,41.2066,370.16,201.51,-831.97,-553.45,999.24,511.41,298.96,-811.77,-582.42,999.10,171.60,4.334,0,SACCADE,1.000,0.999,0.754,149.2,lissajous
736398.6579,41.2230,356.93,192.89,-810.36,-527.66,967.01,496.21,291.51,-930.96,-456.20,1036.73,170.66,4.310,0,SACCADE,1.072,0.993,0.754,132.6,lissajous
736398.6736,41.2387,344.52,185.00,-788.67,-501.40,934.56,477.82,280.08,-1168.37,-726.09,1375.61,163.74,4.135,0,SACCADE,1.472,1.000,0.760,132.6,lissajous
736398.6903,41.2554,331.71,177.08,-765.56,-473.41,900.11,464.66,268.79,-786.99,-674.89,1036.74,161.51,4.079,0,SACCADE,1.152,0.988,0.761,149.1,lissajous
736398.7067,41.2718,319.56,169.80,-741.04,-443.62,863.68,449.51,256.82,-923.44,-729.71,1176.96,156.40,3.950,0,SACCADE,1.363,0.992,0.765,149.1,lissajous
736398.7228,41.2879,308.06,163.17,-715.19,-412.74,825.74,430.42,249.79,-1186.92,-437.47,1264.98,149.92,3.787,0,SACCADE,1.532,0.986,0.777,165.6,lissajous
736398.7399,41.3050,296.26,156.65,-689.29,-380.91,787.53,416.40,235.58,-819.34,-830.03,1166.31,143.75,3.631,0,SACCADE,1.481,0.959,0.779,149.1,lissajous
736398.7560,41.3211,285.65,151.08,-661.16,-347.34,746.84,403.66,230.75,-794.01,-300.98,849.14,142.39,3.596,0,SACCADE,1.137,0.993,0.780,165.7,lissajous
736398.7721,41.3372,275.41,145.99,-634.07,-314.40,707.74,388.52,219.78,-936.87,-678.64,1156.84,135.06,3.411,0,SACCADE,1.635,0.986,0.783,165.7,lissajous
736398.7892,41.3543,265.09,141.23,-604.48,-279.16,665.83,376.88,212.73,-682.10,-413.26,797.52,132.70,3.352,0,SACCADE,1.198,0.994,0.782,165.7,lissajous
736398.8066,41.3717,255.11,137.02,-573.26,-241.96,622.23,365.80,200.85,-636.48,-682.44,933.18,127.78,3.228,0,SACCADE,1.500,0.913,0.786,165.8,lissajous
736398.8229,41.3880,246.29,133.68,-541.95,-204.92,579.40,352.29,189.78,-829.77,-679.78,1072.67,119.93,3.030,0,SACCADE,1.851,0.948,0.787,165.8,lissajous
736398.8395,41.4046,237.79,130.88,-510.51,-168.13,537.48,336.85,181.83,-928.11,-478.24,1044.08,111.39,2.814,0,SACCADE,1.943,0.988,0.785,165.9,lissajous
736398.8564,41.4215,229.72,128.69,-477.87,-130.23,495.30,328.28,169.73,-507.32,-716.34,877.79,106.76,2.697,0,SACCADE,1.772,0.772,0.780,165.9,lissajous
736398.8735,41.4386,222.12,127.12,-444.45,-91.51,453.77,310.59,168.89,-1034.33,-49.26,1035.51,97.83,2.471,0,SACCADE,2.282,0.988,0.773,165.9,lissajous
736398.8917,41.4568,214.70,126.19,-408.60,-50.93,411.76,302.56,162.95,-442.24,-326.48,549.70,95.24,2.406,0,SMOOTH_PURSUIT,1.335,0.872,0.771,149.4,lissajous
736398.9074,41.4725,208.82,126.01,-373.59,-11.84,373.77,289.93,162.53,-803.26,-26.99,803.72,88.95,2.247,0,SACCADE,2.150,1.000,0.762,166.0,lissajous
736398.9240,41.4891,203.18,126.43,-340.27,25.46,341.22,280.85,156.32,-547.57,-374.64,663.46,83.22,2.102,0,SACCADE,1.944,0.781,0.755,149.4,lissajous
736398.9400,41.5051,198.30,127.44,-305.58,62.93,311.99,273.89,145.30,-435.52,-690.23,816.14,77.67,1.962,0,SACCADE,2.616,0.352,0.742,149.4,lissajous
736398.9560,41.5211,193.94,129.04,-271.60,99.75,289.34,261.33,144.99,-781.80,-19.10,782.03,69.25,1.750,0,SACCADE,2.703,0.930,0.733,165.9,lissajous
736398.9726,41.5377,190.02,131.31,-236.34,136.92,273.14,252.87,138.80,-511.01,-374.41,633.50,63.29,1.599,0,SMOOTH_PURSUIT,2.319,0.402,0.726,165.9,lissajous
736398.9896,41.5547,186.63,134.28,-199.71,174.71,265.34,247.07,134.35,-340.66,-261.21,429.28,60.44,1.527,0,DRIFT,1.618,0.197,0.722,149.4,lissajous
736399.0061,41.5712,183.93,137.78,-163.16,212.28,267.74,232.94,129.97,-856.13,-265.51,896.36,49.63,1.254,0,SACCADE,3.348,0.347,0.710,132.8,lissajous
736399.0227,41.5878,181.84,141.90,-126.49,248.28,278.65,227.21,126.94,-345.39,-182.74,390.75,47.78,1.207,0,DRIFT,1.402,-0.015,0.706,116.2,lissajous
736399.0390,41.6040,180.37,146.51,-90.18,283.64,297.63,219.59,127.02,-469.29,5.32,469.32,43.79,1.106,0,DRIFT,1.577,0.314,0.702,99.6,lissajous
736399.0554,41.6204,179.49,151.73,-53.92,318.14,322.68,213.77,130.19,-354.46,193.13,403.66,40.49,1.023,1,SMOOTH_PURSUIT,1.251,0.618,0.699,83.0,lissajous
736399.0722,41.6373,179.20,157.65,-16.91,352.23,352.63,208.56,127.48,-310.01,-161.16,349.40,42.09,1.064,0,DRIFT,0.991,-0.418,0.703,132.7,lissajous
736399.0882,41.6532,179.51,163.80,19.62,385.02,385.52,203.39,127.63,-323.23,8.78,323.35,43.35,1.095,0,DRIFT,0.839,-0.024,0.712,116.1,lissajous
736399.1037,41.6688,180.37,170.28,54.79,415.71,419.30,199.01,131.21,-281.20,229.99,363.27,43.29,1.094,0,SMOOTH_PURSUIT,0.866,0.527,0.724,116.1,lissajous
736399.1199,41.6850,181.82,177.48,90.06,445.25,454.26,196.48,132.57,-156.84,84.14,177.98,47.24,1.194,0,DRIFT,0.392,0.289,0.736,132.6,lissajous
736399.1363,41.7014,183.90,185.27,126.13,474.48,490.96,188.66,134.75,-475.85,133.09,494.11,50.74,1.282,0,DRIFT,1.006,0.013,0.744,132.6,lissajous
736399.1530,41.7181,186.61,193.66,162.57,502.91,528.54,189.65,139.19,58.83,265.76,272.19,54.56,1.378,0,SMOOTH_PURSUIT,0.515,0.996,0.769,132.6,lissajous
736399.1701,41.7351,190.01,202.72,199.68,530.97,567.28,188.10,141.05,-90.40,109.35,141.88,61.70,1.559,0,SMOOTH_PURSUIT,0.250,0.497,0.786,116.1,lissajous
736399.1864,41.7515,193.88,211.84,236.07,556.91,604.88,184.57,142.97,-215.46,117.30,245.32,69.49,1.756,0,DRIFT,0.406,0.097,0.794,132.6,lissajous
736399.2037,41.7688,198.58,221.88,272.28,581.29,641.90,183.75,147.46,-47.63,259.98,264.31,75.88,1.917,0,SMOOTH_PURSUIT,0.412,0.814,0.803,132.6,lissajous
736399.2196,41.7846,203.46,231.45,307.70,604.02,677.87,184.00,155.26,15.84,491.97,492.22,78.64,1.987,0,SMOOTH_PURSUIT,0.726,0.905,0.817,149.2,lissajous
736399.2360,41.8011,209.07,241.70,341.70,624.38,711.77,181.32,162.11,-163.63,417.05,448.01,84.30,2.130,0,SMOOTH_PURSUIT,0.629,0.641,0.829,149.2,lissajous
736399.2522,41.8173,215.16,252.14,375.72,643.47,745.13,178.07,165.29,-200.17,196.11,280.23,94.44,2.386,0,DRIFT,0.376,0.244,0.838,149.2,lissajous
736399.2686,41.8337,221.89,263.00,409.24,660.80,777.26,183.43,172.84,326.37,459.86,563.91,98.01,2.476,0,SMOOTH_PURSUIT,0.726,0.998,0.840,149.1,lissajous
736399.2850,41.8501,229.15,274.10,442.51,676.63,808.48,186.03,182.17,157.94,568.17,589.71,101.54,2.565,0,SMOOTH_PURSUIT,0.729,0.953,0.845,165.6,lissajous
736399.3006,41.8657,236.53,284.85,474.31,690.23,837.48,184.51,190.13,-97.55,511.35,520.57,108.07,2.730,0,SMOOTH_PURSUIT,0.622,0.703,0.849,149.1,lissajous
736399.3174,41.8825,245.02,296.63,505.72,701.99,865.19,190.16,197.87,336.99,461.45,571.40,112.97,2.854,0,SMOOTH_PURSUIT,0.660,1.000,0.859,165.6,lissajous
736399.3344,41.8995,254.18,308.77,537.87,712.38,892.63,193.09,206.37,172.01,498.75,527.58,119.23,3.012,0,SMOOTH_PURSUIT,0.591,0.951,0.863,165.7,lissajous
736399.3521,41.9171,264.25,321.50,570.91,722.02,920.46,195.85,211.82,156.12,309.31,346.48,129.26,3.265,0,SMOOTH_PURSUIT,0.376,0.980,0.869,165.8,lissajous
736399.3684,41.9335,274.05,333.36,600.96,727.52,943.63,197.83,225.87,121.52,861.35,869.88,131.77,3.328,0,SACCADE,0.922,0.852,0.869,165.8,lissajous
736399.3861,41.9512,285.24,346.34,631.42,732.40,967.00,203.63,237.04,327.27,630.37,710.26,136.41,3.445,0,SACCADE,0.734,0.973,0.870,165.9,lissajous
736399.4018,41.9669,295.59,357.86,659.54,734.10,986.86,208.45,251.04,307.62,891.77,943.34,137.85,3.482,0,SACCADE,0.956,0.921,0.871,165.8,lissajous
736399.4188,41.9839,307.32,370.40,687.71,735.39,1006.85,214.23,262.11,338.68,649.48,732.48,142.80,3.607,0,SACCADE,0.728,0.963,0.873,165.9,lissajous
736399.4359,42.0009,319.48,382.87,714.67,733.17,1023.86,221.83,269.62,446.66,441.57,628.09,149.53,3.777,0,SMOOTH_PURSUIT,0.613,1.000,0.872,165.9,lissajous
736399.4528,42.0179,332.06,395.26,740.94,729.26,1039.62,232.94,279.57,653.93,585.30,877.61,152.35,3.848,0,SACCADE,0.844,0.999,0.873,166.0,lissajous
736399.4694,42.0344,344.72,407.21,765.99,723.54,1053.69,241.56,289.50,522.25,601.47,796.56,156.51,3.953,0,SACCADE,0.756,0.995,0.873,166.0,lissajous
736399.4862,42.0513,358.06,419.30,791.05,716.85,1067.53,250.82,302.96,548.56,797.65,968.07,158.23,3.996,0,SACCADE,0.907,0.973,0.873,166.0,lissajous
736399.5032,42.0683,371.81,431.25,811.62,704.75,1074.90,260.31,316.49,559.90,798.96,975.61,160.01,4.041,0,SACCADE,0.908,0.970,0.872,166.1,lissajous
736399.5193,42.0843,385.23,442.41,834.30,694.28,1085.39,271.01,328.72,665.47,760.32,1010.41,161.16,4.070,0,SACCADE,0.931,0.988,0.871,166.0,lissajous
736399.5364,42.1015,399.91,454.10,854.76,680.71,1092.69,279.78,340.02,510.96,657.78,832.92,165.67,4.184,0,SACCADE,0.762,0.972,0.867,166.1,lissajous
736399.5531,42.1182,414.53,465.22,874.77,665.24,1098.98,287.13,354.17,439.92,846.87,954.32,169.00,4.268,0,SACCADE,0.868,0.904,0.866,166.1,lissajous
736399.5698,42.1349,429.37,475.99,892.17,647.36,1102.29,301.02,362.21,834.63,483.15,964.39,171.52,4.332,0,SACCADE,0.875,0.995,0.868,166.1,lissajous
736399.5868,42.1519,444.88,486.70,909.82,628.45,1105.76,313.73,373.71,745.58,674.78,1005.60,173.11,4.372,0,SACCADE,0.909,0.991,0.866,166.1,lissajous
736399.6028,42.1679,459.71,496.44,925.37,607.75,1107.10,323.44,385.85,605.88,757.24,969.79,175.50,4.432,0,SACCADE,0.876,0.951,0.862,149.5,lissajous
736399.6193,42.1844,475.17,506.08,939.67,585.97,1107.40,341.23,400.30,1081.69,878.67,1393.60,170.67,4.310,0,SACCADE,1.258,0.992,0.861,166.0,lissajous
736399.6364,42.2015,491.46,515.69,952.96,561.72,1106.20,351.29,413.10,588.27,748.54,952.04,173.70,4.387,0,SACCADE,0.861,0.932,0.862,166.0,lissajous
736399.6542,42.2192,508.61,525.19,965.38,534.88,1103.65,364.63,424.40,751.03,635.78,984.01,175.75,4.438,0,SACCADE,0.892,0.981,0.862,166.1,lissajous
736399.6703,42.2353,524.33,533.36,976.28,507.38,1100.26,376.43,433.06,732.77,537.71,908.90,178.70,4.513,0,SACCADE,0.826,0.988,0.862,166.1,lissajous
736399.6869,42.2520,540.76,541.35,984.86,479.04,1095.19,391.66,446.14,913.09,784.24,1203.64,176.90,4.467,0,SACCADE,1.099,0.967,0.860,149.4,lissajous
736399.7034,42.2685,557.11,548.75,993.88,449.91,1090.97,407.93,457.56,988.76,694.61,1208.35,174.84,4.415,0,SACCADE,1.108,0.983,0.865,166.1,lissajous
736399.7206,42.2857,574.29,555.93,1000.07,418.33,1084.04,425.83,471.89,1042.03,833.99,1334.68,170.60,4.308,0,SACCADE,1.231,0.961,0.866,166.1,lissajous
736399.7373,42.3024,591.10,562.38,1005.02,385.39,1076.38,434.14,484.33,497.04,743.47,894.32,175.30,4.427,0,SACCADE,0.831,0.817,0.868,166.1,lissajous
736399.7539,42.3190,607.89,568.24,1009.62,352.33,1069.33,455.16,492.98,1263.98,520.74,1367.04,170.27,4.300,0,SACCADE,1.278,0.998,0.868,166.0,lissajous
736399.7704,42.3355,624.57,573.49,1011.95,318.23,1060.81,465.98,502.01,656.63,547.40,854.88,173.95,4.393,0,SACCADE,0.806,0.925,0.870,166.1,lissajous
736399.7878,42.3529,642.21,578.40,1013.20,282.52,1051.85,485.91,507.18,1144.90,296.92,1182.78,171.76,4.338,0,SACCADE,1.124,1.000,0.871,166.1,lissajous
736399.8040,42.3691,658.59,582.39,1012.80,246.29,1042.32,503.06,517.68,1059.91,649.61,1243.14,168.45,4.254,0,SACCADE,1.193,0.952,0.871,166.1,lissajous
736399.8197,42.3848,674.52,585.72,1012.46,211.50,1034.32,515.53,525.35,792.76,487.04,930.42,170.06,4.295,0,SACCADE,0.900,0.941,0.871,166.0,lissajous
736399.8361,42.4012,691.07,588.60,1008.28,175.41,1023.42,536.00,535.10,1247.02,593.91,1381.23,164.04,4.143,0,SACCADE,1.350,0.963,0.872,166.0,lissajous
736399.8520,42.4171,707.00,590.80,1005.61,139.24,1015.20,544.99,541.48,567.32,403.09,695.94,169.35,4.277,0,SACCADE,0.686,0.887,0.872,166.0,lissajous
736399.8678,42.4328,722.76,592.43,999.08,103.08,1004.39,566.95,548.43,1392.28,440.73,1460.37,161.90,4.089,0,SACCADE,1.454,0.979,0.872,165.9,lissajous
736399.8848,42.4498,739.64,593.54,993.01,65.56,995.17,585.26,559.39,1076.94,644.49,1255.05,158.11,3.993,0,SACCADE,1.261,0.890,0.875,166.0,lissajous
736399.9018,42.4669,756.48,593.99,985.38,26.31,985.73,601.94,564.64,976.46,307.02,1023.59,157.30,3.973,0,SACCADE,1.038,0.962,0.876,166.0,lissajous
736399.9182,42.4833,772.42,593.79,975.08,-12.29,975.16,618.97,572.80,1041.34,499.61,1154.99,154.88,3.912,0,SACCADE,1.184,0.896,0.878,166.0,lissajous
736399.9340,42.4991,787.66,593.01,965.81,-49.38,967.07,633.83,573.25,941.76,28.17,942.18,155.09,3.917,0,SACCADE,0.974,0.997,0.880,166.0,lissajous
736399.9507,42.5158,803.59,591.56,953.29,-86.66,957.22,651.27,578.05,1043.61,287.48,1082.49,152.92,3.862,0,SACCADE,1.131,0.936,0.883,165.9,lissajous
736399.9674,42.5325,819.35,589.47,941.11,-125.01,949.38,668.75,581.36,1043.63,197.20,1062.10,150.82,3.809,0,SACCADE,1.119,0.950,0.885,166.0,lissajous
736399.9849,42.5500,835.55,586.60,925.06,-163.62,939.42,685.12,586.24,934.79,278.65,975.43,150.43,3.799,0,SACCADE,1.038,0.894,0.887,166.1,lissajous
736400.0020,42.5671,851.07,583.15,909.83,-202.49,932.09,699.74,588.84,857.19,152.68,870.68,151.44,3.825,0,SACCADE,0.934,0.923,0.886,166.1,lissajous
736400.0179,42.5830,865.27,579.35,892.44,-238.68,923.80,717.06,592.37,1088.07,222.16,1110.52,148.79,3.758,0,SACCADE,1.202,0.895,0.889,166.0,lissajous
736400.0343,42.5994,879.64,574.86,874.87,-273.68,916.68,732.35,592.97,931.51,36.13,932.21,148.40,3.748,0,SACCADE,1.017,0.942,0.885,166.0,lissajous
736400.0507,42.6158,893.65,569.81,855.78,-308.40,909.65,748.50,595.22,986.48,137.64,996.03,147.36,3.722,0,SACCADE,1.095,0.885,0.884,165.9,lissajous
736400.0669,42.6320,907.22,564.25,835.75,-342.13,903.06,762.30,592.91,850.08,-142.23,861.90,147.72,3.731,0,SACCADE,0.954,0.975,0.883,182.6,lissajous
736400.0826,42.6476,919.96,558.41,815.39,-374.34,897.21,781.64,593.84,1238.16,59.57,1239.60,142.78,3.606,0,SACCADE,1.382,0.888,0.887,165.9,lissajous
736400.0991,42.6641,933.04,551.72,793.56,-405.72,891.26,796.13,591.31,878.73,-153.37,892.02,142.52,3.600,0,SACCADE,1.001,0.955,0.883,165.9,lissajous
736400.1159,42.6810,946.03,544.34,769.85,-437.23,885.35,809.85,593.44,813.10,126.34,822.86,144.76,3.656,0,SACCADE,0.929,0.783,0.882,165.9,lissajous
736400.1319,42.6970,957.95,536.87,745.54,-467.11,879.79,827.34,587.96,1094.07,-342.79,1146.52,140.24,3.542,0,SACCADE,1.303,0.967,0.882,165.8,lissajous
736400.1492,42.7143,970.39,528.30,720.17,-496.25,874.59,843.75,585.29,950.04,-154.86,962.58,138.87,3.508,0,SACCADE,1.101,0.904,0.878,149.3,lissajous
736400.1652,42.7303,981.52,519.89,693.25,-523.73,868.85,856.26,581.91,778.77,-210.38,806.68,139.78,3.530,0,SACCADE,0.928,0.927,0.880,165.8,lissajous
736400.1823,42.7474,992.88,510.51,665.95,-549.85,863.61,871.01,581.85,865.12,-3.48,865.13,141.21,3.567,0,SACCADE,1.002,0.774,0.878,165.9,lissajous
736400.1994,42.7645,1003.82,500.63,638.64,-576.98,860.67,886.66,579.91,913.20,-113.08,920.17,141.47,3.573,0,SACCADE,1.069,0.819,0.880,166.0,lissajous
736400.2154,42.7805,1013.49,491.11,605.94,-596.56,850.32,901.88,575.21,953.98,-294.65,998.45,139.75,3.530,0,SACCADE,1.174,0.888,0.884,165.9,lissajous
736400.2325,42.7976,1023.40,480.48,578.00,-619.80,847.49,913.75,564.00,692.08,-653.75,952.03,137.84,3.482,0,SACCADE,1.123,0.998,0.881,165.9,lissajous
736400.2488,42.8139,1032.28,470.09,546.92,-639.53,841.50,924.65,557.68,671.19,-389.09,775.81,138.77,3.505,0,SACCADE,0.922,0.943,0.880,165.9,lissajous
736400.2655,42.8306,1040.92,459.08,515.75,-657.59,835.72,940.64,547.61,955.21,-601.58,1128.86,133.76,3.379,0,SACCADE,1.351,0.942,0.880,182.5,lissajous
736400.2829,42.8479,1049.29,447.39,482.66,-674.19,829.15,949.88,539.08,532.79,-491.81,725.08,135.24,3.416,0,SACCADE,0.874,0.979,0.882,165.9,lissajous
736400.2997,42.8648,1056.83,435.81,448.81,-688.85,822.16,965.45,533.28,925.85,-345.04,988.05,133.61,3.375,0,SACCADE,1.202,0.804,0.883,165.9,lissajous
736400.3167,42.8818,1063.91,423.84,414.74,-701.60,815.02,977.30,524.54,695.11,-512.52,863.63,132.82,3.355,0,SACCADE,1.060,0.920,0.888,166.0,lissajous
736400.3326,42.8977,1069.97,412.51,380.82,-711.79,807.26,987.63,516.16,649.01,-526.25,835.56,132.37,3.344,0,SACCADE,1.035,0.922,0.888,182.6,lissajous
736400.3492,42.9143,1075.71,400.60,347.29,-720.60,799.92,997.22,504.76,579.52,-689.75,900.88,130.42,3.294,0,SACCADE,1.126,0.969,0.892,166.0,lissajous
736400.3652,42.9303,1080.72,388.95,312.72,-726.55,790.99,1006.14,494.49,556.79,-640.49,848.67,129.23,3.264,0,SACCADE,1.073,0.953,0.891,165.9,lissajous
736400.3820,42.9471,1085.39,376.65,277.86,-731.51,782.50,1014.19,490.83,478.87,-217.69,526.03,134.56,3.399,0,SMOOTH_PURSUIT,0.672,0.710,0.886,165.9,lissajous
736400.3987,42.9638,1089.43,364.39,241.77,-734.28,773.06,1022.98,479.48,525.77,-679.63,859.27,132.90,3.357,0,SACCADE,1.112,0.943,0.889,166.0,lissajous
736400.4154,42.9805,1092.87,352.10,205.47,-735.04,763.22,1034.64,465.48,698.21,-837.75,1090.56,127.45,3.219,0,SACCADE,1.429,0.912,0.888,166.0,lissajous
736400.4318,42.9969,1095.64,340.08,169.27,-733.95,753.21,1047.14,455.44,762.82,-612.67,978.40,125.14,3.161,0,SACCADE,1.299,0.785,0.896,166.0,lissajous
736400.4482,43.0132,1097.82,328.14,133.15,-730.39,742.43,1056.22,444.71,555.39,-656.86,860.19,123.76,3.126,0,SACCADE,1.159,0.867,0.898,166.0,lissajous
736400.4641,43.0292,1099.37,316.59,97.45,-725.38,731.90,1060.61,433.93,275.78,-676.40,730.46,123.58,3.122,0,SACCADE,0.998,0.968,0.897,165.9,lissajous
736400.4799,43.0450,1100.35,305.24,62.27,-719.06,721.75,1064.39,419.67,239.17,-903.67,934.79,119.95,3.030,0,SACCADE,1.295,0.985,0.898,165.9,lissajous
736400.4965,43.0615,1100.79,293.48,26.21,-709.59,710.08,1067.67,403.76,198.37,-959.94,980.22,115.14,2.909,0,SACCADE,1.380,0.986,0.900,165.9,lissajous
736400.5131,43.0782,1100.60,281.79,-10.89,-700.60,700.69,1078.16,392.64,628.71,-666.58,916.30,113.10,2.857,0,SACCADE,1.308,0.717,0.902,165.9,lissajous
736400.5286,43.0937,1099.88,271.19,-46.60,-685.33,686.92,1084.60,383.14,416.33,-613.93,741.79,112.99,2.854,0,SACCADE,1.080,0.788,0.905,165.8,lissajous
736400.5454,43.1104,1098.50,259.92,-82.48,-672.43,677.47,1084.03,368.64,-34.19,-865.30,865.97,109.68,2.771,0,SACCADE,1.278,0.997,0.905,165.8,lissajous
736400.5616,43.1267,1096.57,249.26,-119.03,-656.01,666.72,1094.27,360.92,630.49,-475.07,789.44,111.68,2.821,0,SACCADE,1.184,0.450,0.899,165.8,lissajous
736400.5782,43.1433,1093.99,238.66,-155.31,-638.19,656.82,1090.41,349.89,-232.14,-663.98,703.40,111.29,2.811,0,SACCADE,1.071,0.995,0.900,165.8,lissajous
736400.5949,43.1600,1090.79,228.35,-191.86,-618.34,647.42,1100.32,337.11,594.51,-766.83,970.29,109.17,2.758,0,SACCADE,1.499,0.573,0.895,149.2,lissajous
736400.6117,43.1768,1086.95,218.33,-228.40,-596.74,638.95,1103.11,326.47,165.84,-633.56,654.91,109.34,2.762,0,SACCADE,1.025,0.813,0.892,165.8,lissajous
736400.6275,43.1925,1082.80,209.28,-263.46,-573.65,631.26,1100.37,309.77,-173.46,-1058.59,1072.71,102.01,2.577,0,SACCADE,1.699,0.964,0.888,165.7,lissajous
736400.6444,43.2094,1077.75,199.99,-298.53,-549.56,625.41,1098.22,299.03,-127.29,-635.84,648.45,101.12,2.555,0,SMOOTH_PURSUIT,1.037,0.955,0.886,165.8,lissajous
736400.6615,43.2266,1072.02,191.04,-334.54,-522.66,620.56,1097.98,292.42,-14.29,-385.69,385.95,104.65,2.644,0,SMOOTH_PURSUIT,0.622,0.862,0.879,149.2,lissajous
736400.6786,43.2437,1065.69,182.60,-370.32,-494.17,617.53,1097.23,276.33,-43.76,-941.32,942.34,98.90,2.498,0,SACCADE,1.526,0.827,0.870,165.8,lissajous
736400.6960,43.2611,1058.63,174.52,-405.73,-463.85,616.26,1101.12,268.41,223.79,-454.74,506.83,103.06,2.604,0,SMOOTH_PURSUIT,0.822,0.385,0.865,165.9,lissajous
736400.7128,43.2779,1051.23,167.25,-440.57,-432.77,617.57,1094.34,253.93,-404.06,-862.24,952.22,96.81,2.446,0,SACCADE,1.542,0.937,0.858,165.8,lissajous
736400.7294,43.2945,1043.38,160.61,-473.31,-400.63,620.10,1091.59,242.04,-165.73,-716.88,735.78,94.63,2.391,0,SACCADE,1.187,0.801,0.857,149.2,lissajous
736400.7456,43.3107,1035.17,154.62,-505.80,-368.73,625.93,1093.32,228.49,106.79,-834.38,841.18,94.02,2.375,0,SACCADE,1.344,0.482,0.851,149.2,lissajous
736400.7624,43.3275,1026.12,148.98,-537.44,-335.21,633.41,1090.73,220.63,-154.10,-467.03,491.80,96.48,2.437,0,SMOOTH_PURSUIT,0.776,0.768,0.848,149.2,lissajous
736400.7787,43.3438,1016.89,144.09,-567.87,-300.50,642.48,1086.59,213.71,-254.51,-425.96,496.20,98.51,2.489,0,SMOOTH_PURSUIT,0.772,0.855,0.842,132.6,lissajous
736400.7959,43.3610,1006.58,139.53,-598.52,-264.93,654.53,1085.42,199.44,-68.00,-828.87,831.66,99.02,2.501,0,SACCADE,1.271,0.478,0.831,165.7,lissajous
736400.8127,43.3778,996.03,135.71,-628.90,-228.06,668.98,1079.21,195.14,-370.51,-256.24,450.48,102.22,2.582,0,SMOOTH_PURSUIT,0.673,0.967,0.833,165.7,lissajous
736400.8290,43.3940,985.35,132.59,-657.09,-191.41,684.40,1075.69,187.80,-216.08,-450.85,499.95,105.88,2.675,0,SMOOTH_PURSUIT,0.731,0.667,0.833,149.2,lissajous
736400.8453,43.4104,974.13,130.06,-684.49,-154.82,701.78,1068.24,177.07,-454.51,-655.20,797.42,105.20,2.658,0,SACCADE,1.136,0.737,0.834,165.7,lissajous
736400.8623,43.4273,962.11,128.08,-711.01,-116.98,720.57,1061.80,169.53,-381.34,-445.66,586.54,107.96,2.727,0,SMOOTH_PURSUIT,0.814,0.765,0.839,165.6,lissajous
736400.8797,43.4448,949.23,126.72,-738.28,-77.74,742.36,1048.47,162.48,-763.75,-404.14,864.09,105.49,2.665,0,SACCADE,1.164,0.928,0.836,165.7,lissajous
736400.8960,43.4611,936.75,126.09,-763.24,-38.82,764.23,1044.01,158.00,-272.99,-274.36,387.04,111.90,2.827,0,SMOOTH_PURSUIT,0.506,0.740,0.841,165.7,lissajous
736400.9123,43.4774,923.95,126.07,-786.55,-1.19,786.56,1033.99,152.14,-615.32,-360.16,712.97,113.09,2.857,0,SACCADE,0.906,0.864,0.842,165.6,lissajous
736400.9294,43.4945,910.14,126.70,-810.00,37.30,810.86,1020.35,144.66,-799.75,-438.20,911.94,111.67,2.821,0,SACCADE,1.125,0.854,0.846,165.6,lissajous
736400.9464,43.5115,895.98,128.00,-832.17,76.53,835.68,1014.05,139.53,-370.41,-301.52,477.62,118.63,2.997,0,SMOOTH_PURSUIT,0.572,0.714,0.857,165.7,lissajous
736400.9627,43.5278,882.06,129.88,-852.23,114.63,859.91,1004.39,138.84,-591.64,-42.41,593.16,122.66,3.098,0,SMOOTH_PURSUIT,0.690,0.979,0.863,165.6,lissajous
736400.9792,43.5443,867.68,132.38,-871.71,151.93,884.85,989.35,132.58,-911.60,-379.39,987.40,121.67,3.073,0,SACCADE,1.116,0.844,0.864,165.6,lissajous
736400.9965,43.5616,852.25,135.68,-890.50,189.95,910.53,982.63,132.16,-387.82,-24.39,388.59,130.43,3.295,0,SMOOTH_PURSUIT,0.427,0.963,0.863,165.7,lissajous
736401.0131,43.5782,837.20,139.45,-907.71,227.44,935.77,967.87,132.70,-890.79,32.75,891.39,130.84,3.305,0,BLINK,0.953,0.978,0.864,165.7,lissajous
736401.0287,43.5938,822.82,143.54,-922.99,262.42,959.57,956.37,125.17,-737.49,-483.34,881.76,134.81,3.405,0,BLINK,0.919,0.655,0.865,165.6,lissajous
736401.0454,43.6104,807.21,148.48,-937.39,296.88,983.28,944.25,125.12,-728.05,-2.87,728.05,139.02,3.511,0,BLINK,0.740,0.952,0.868,165.6,lissajous
736401.0617,43.6267,791.70,153.88,-950.63,331.26,1006.70,932.74,123.42,-705.68,-104.35,713.36,144.29,3.644,0,BLINK,0.709,0.886,0.868,165.6,lissajous
736401.0787,43.6438,775.29,160.10,-963.92,365.57,1030.92,919.71,126.74,-765.15,195.27,789.67,148.22,3.744,0,BLINK,0.766,0.994,0.870,165.7,lissajous
736401.0953,43.6604,759.14,166.71,-972.77,397.89,1051.00,904.64,125.46,-908.05,-77.39,911.34,151.23,3.820,0,BLINK,0.867,0.890,0.868,165.7,lissajous
736401.1120,43.6771,742.71,173.90,-983.62,430.16,1073.57,888.25,131.76,-980.81,377.20,1050.84,151.52,3.827,0,BLINK,0.979,0.999,0.864,182.3,lissajous
736401.1275,43.6925,727.38,181.00,-991.39,459.61,1092.75,873.17,130.55,-975.56,-78.13,978.68,154.27,3.896,0,BLINK,0.896,0.871,0.866,165.6,lissajous
736401.1443,43.7094,710.53,189.24,-998.43,488.24,1111.42,861.51,128.32,-691.09,-132.41,703.66,162.80,4.112,0,BLINK,0.633,0.800,0.858,182.2,lissajous
736401.1611,43.7262,693.68,197.91,-1003.78,516.41,1128.82,849.36,135.68,-723.17,438.29,845.62,167.66,4.234,0,BLINK,0.749,0.998,0.865,165.6,lissajous
736401.1772,43.7423,677.50,206.62,-1008.19,542.75,1145.00,830.94,137.81,-1147.96,132.95,1155.63,168.17,4.247,0,BLINK,1.009,0.929,0.858,165.7,lissajous
736401.1932,43.7582,661.34,215.69,-1011.42,567.16,1159.58,808.85,144.25,-1382.27,402.80,1439.77,163.90,4.139,0,SACCADE,1.242,0.974,0.848,149.1,lissajous
736401.2093,43.7744,644.97,225.22,-1012.91,589.96,1172.19,797.24,147.20,-718.29,182.92,741.22,171.10,4.321,0,SACCADE,0.632,0.962,0.839,165.6,lissajous
736401.2262,43.7913,627.89,235.53,-1013.28,611.88,1183.69,781.75,152.88,-919.20,336.99,979.02,174.66,4.411,0,SACCADE,0.827,0.982,0.832,149.0,lissajous
736401.2422,43.8073,611.65,245.67,-1012.69,632.33,1193.89,763.80,161.01,-1119.58,506.57,1228.86,174.12,4.397,0,SACCADE,1.029,0.991,0.826,165.6,lissajous
736401.2588,43.8239,594.86,256.49,-1009.59,650.20,1200.85,748.53,169.01,-917.94,481.31,1036.48,176.82,4.465,0,SACCADE,0.863,0.996,0.821,149.0,lissajous
736401.2754,43.8405,578.19,267.54,-1006.31,667.36,1207.49,736.10,177.87,-750.39,534.48,921.28,181.60,4.586,0,SACCADE,0.763,0.999,0.810,132.4,lissajous
736401.2918,43.8568,561.79,278.72,-1002.96,683.47,1213.70,721.86,186.74,-870.79,542.60,1026.00,184.62,4.662,0,SACCADE,0.845,0.999,0.804,149.0,lissajous
736401.3082,43.8732,545.49,290.11,-993.96,694.66,1212.64,703.43,192.11,-1123.88,327.36,1170.58,185.88,4.694,0,SACCADE,0.965,0.947,0.800,165.6,lissajous
736401.3238,43.8888,530.07,301.14,-988.37,706.91,1215.15,684.12,199.85,-1237.83,496.59,1333.72,184.37,4.656,0,SACCADE,1.098,0.971,0.798,149.0,lissajous
736401.3410,43.9061,513.15,313.51,-979.37,716.24,1213.32,668.65,207.49,-895.48,442.15,998.69,188.20,4.752,0,SACCADE,0.823,0.985,0.799,165.6,lissajous
736401.3576,43.9227,497.11,325.50,-968.35,723.54,1208.81,655.39,216.70,-800.42,555.89,974.52,192.07,4.850,0,SACCADE,0.806,0.999,0.797,149.0,lissajous
736401.3744,43.9394,481.05,337.74,-957.98,730.06,1204.46,638.83,228.19,-988.13,685.15,1202.43,192.08,4.850,0,SACCADE,0.998,0.999,0.793,132.5,lissajous
736401.3909,43.9560,465.44,349.85,-944.40,733.13,1195.56,620.72,243.84,-1095.70,947.22,1448.37,188.01,4.748,0,SACCADE,1.211,0.999,0.795,132.4,lissajous
736401.4071,43.9722,450.36,361.76,-930.85,734.99,1186.04,602.31,253.65,-1135.91,605.54,1287.23,186.49,4.709,0,SACCADE,1.085,0.984,0.788,132.4,lissajous
736401.4234,43.9885,435.45,373.72,-915.66,734.46,1173.83,586.07,261.53,-997.11,483.72,1108.24,187.82,4.743,0,SACCADE,0.944,0.975,0.784,115.9,lissajous
736401.4410,44.0061,419.59,386.64,-899.68,732.78,1160.34,569.96,277.75,-914.10,920.13,1297.00,185.66,4.688,0,SACCADE,1.118,0.994,0.784,149.0,lissajous
736401.4575,44.0226,405.06,398.64,-880.55,727.55,1142.23,557.03,282.45,-783.91,284.66,833.99,191.30,4.830,0,SACCADE,0.730,0.942,0.781,149.0,lissajous
736401.4751,44.0402,389.92,411.32,-861.27,721.09,1123.28,537.33,292.83,-1120.35,590.73,1266.55,189.13,4.776,0,SACCADE,1.128,0.978,0.781,132.5,lissajous
736401.4912,44.0562,376.39,422.79,-841.56,713.13,1103.07,522.11,304.72,-946.71,739.15,1201.09,187.55,4.736,0,SACCADE,1.089,0.999,0.784,165.6,lissajous
736401.5068,44.0719,363.51,433.81,-822.04,703.93,1082.25,501.18,317.56,-1336.70,820.44,1568.40,180.18,4.550,0,SACCADE,1.449,0.988,0.790,149.0,lissajous
736401.5235,44.0886,350.16,445.36,-798.72,690.68,1055.93,487.23,328.49,-834.08,653.41,1059.54,180.13,4.549,0,SACCADE,1.003,0.999,0.791,132.5,lissajous
736401.5400,44.1051,337.40,456.49,-775.34,676.59,1029.04,467.48,342.84,-1200.64,872.20,1484.00,172.73,4.362,0,SACCADE,1.442,0.996,0.801,149.0,lissajous
736401.5568,44.1218,324.79,467.59,-752.09,661.69,1001.74,457.65,356.33,-585.84,804.65,995.32,173.29,4.376,0,SACCADE,0.994,0.976,0.810,149.1,lissajous
736401.5735,44.1385,312.66,478.34,-726.50,643.85,970.74,445.00,369.21,-758.03,771.41,1081.52,171.53,4.332,0,SACCADE,1.114,0.998,0.813,149.1,lissajous
736401.5905,44.1555,300.77,488.94,-699.41,623.80,937.18,424.42,382.08,-1210.37,756.99,1427.59,163.43,4.127,0,SACCADE,1.523,0.986,0.821,165.7,lissajous
736401.6072,44.1722,289.55,499.01,-671.98,602.55,902.57,411.17,395.84,-793.38,824.03,1143.89,159.48,4.028,0,SACCADE,1.267,0.997,0.826,149.1,lissajous
736401.6239,44.1890,278.75,508.73,-643.76,579.73,866.32,398.46,400.96,-757.89,305.00,816.96,161.07,4.068,0,SACCADE,0.943,0.939,0.837,165.7,lissajous
736401.6405,44.2056,268.57,517.93,-614.51,555.15,828.14,384.09,413.35,-866.83,747.87,1144.86,155.83,3.936,0,SACCADE,1.382,1.000,0.842,165.7,lissajous
736401.6566,44.2216,259.18,526.43,-585.07,529.60,789.17,370.00,424.57,-878.21,698.81,1122.31,150.52,3.802,0,SACCADE,1.422,0.998,0.844,165.7,lissajous
736401.6733,44.2384,249.89,534.84,-555.04,502.82,748.93,358.75,435.55,-672.08,655.90,939.09,147.35,3.722,0,SACCADE,1.254,0.999,0.851,165.7,lissajous
736401.6904,44.2555,240.92,542.96,-523.00,473.52,705.51,345.47,451.60,-774.83,936.80,1215.71,138.84,3.507,0,SACCADE,1.723,0.990,0.856,165.8,lissajous
736401.7065,44.2716,233.04,550.08,-490.96,443.55,661.64,330.18,460.39,-952.43,547.54,1098.60,132.21,3.339,0,SACCADE,1.660,0.977,0.856,165.7,lissajous
736401.7238,44.2889,225.11,557.22,-458.26,412.37,616.48,318.02,475.01,-702.95,844.86,1099.06,124.05,3.133,0,SACCADE,1.783,0.990,0.862,165.8,lissajous
736401.7397,44.3047,218.37,563.25,-425.05,380.16,570.26,310.76,481.14,-457.36,386.24,598.63,123.60,3.122,0,SMOOTH_PURSUIT,1.050,1.000,0.853,165.7,lissajous
736401.7563,44.3214,211.84,569.04,-391.67,347.34,523.49,299.34,492.22,-685.06,664.72,954.55,116.44,2.941,0,SACCADE,1.823,0.999,0.851,165.8,lissajous
736401.7738,44.3389,205.59,574.51,-356.50,312.27,473.93,287.11,501.48,-697.95,528.36,875.38,109.45,2.765,0,SACCADE,1.847,0.997,0.846,165.8,lissajous
736401.7905,44.3556,200.25,579.11,-320.17,275.72,422.53,273.94,509.38,-789.18,473.68,920.42,101.45,2.563,0,SACCADE,2.178,0.986,0.837,165.8,lissajous
736401.8077,44.3728,195.36,583.23,-284.54,239.43,371.87,267.09,522.63,-398.70,770.36,867.42,93.90,2.372,0,SACCADE,2.333,0.923,0.826,182.4,lissajous
736401.8237,44.3888,191.38,586.47,-248.69,202.73,320.85,254.37,529.91,-794.24,454.73,915.21,84.66,2.139,0,SACCADE,2.852,0.987,0.818,165.8,lissajous
736401.8408,44.4059,187.74,589.31,-212.83,165.79,269.79,249.48,536.75,-286.32,400.18,492.06,81.08,2.048,0,SMOOTH_PURSUIT,1.824,0.959,0.802,149.2,lissajous
736401.8572,44.4223,184.85,591.40,-176.26,127.94,217.80,237.79,544.34,-713.42,463.30,850.66,70.84,1.790,0,SACCADE,3.906,0.999,0.782,132.6,lissajous
736401.8729,44.4380,182.64,592.83,-140.89,91.28,167.87,231.05,553.86,-429.61,607.34,743.93,62.15,1.570,0,SACCADE,4.431,0.929,0.770,132.6,lissajous
736401.8896,44.4547,180.89,593.74,-105.10,54.09,118.21,228.80,555.25,-135.12,82.84,158.49,61.46,1.553,0,SMOOTH_PURSUIT,1.341,0.997,0.753,115.9,lissajous
736401.9058,44.4709,179.77,594.00,-68.57,16.13,70.44,218.25,568.01,-650.36,786.90,1020.87,46.43,1.173,0,SACCADE,14.492,0.797,0.723,132.5,lissajous
736401.9227,44.4877,179.24,593.63,-31.77,-22.04,38.67,209.88,572.49,-496.63,266.01,563.39,37.22,0.940,1,DRIFT,14.571,0.455,0.705,116.0,lissajous
736401.9392,44.5043,179.33,592.62,5.45,-60.57,60.81,205.71,574.51,-251.60,121.73,279.50,32.01,0.809,1,DRIFT,4.596,-0.514,0.694,116.0,lissajous
736401.9564,44.5215,180.07,590.92,43.06,-99.31,108.25,197.88,578.36,-455.38,224.01,507.49,21.79,0.551,1,DRIFT,4.688,-0.762,0.671,99.5,lissajous
736401.9731,44.5381,181.41,588.62,80.70,-137.88,159.76,192.52,580.13,-322.16,106.35,339.26,13.99,0.353,1,DRIFT,2.124,-0.750,0.672,82.9,lissajous
736401.9890,44.5541,183.27,585.84,116.80,-174.61,210.08,188.13,583.19,-275.69,192.20,336.07,5.53,0.140,1,DRIFT,1.600,-0.931,0.685,82.9,lissajous
736402.0052,44.5702,185.73,582.44,152.21,-210.32,259.62,186.18,587.11,-120.67,242.46,270.83,4.69,0.119,1,DRIFT,1.043,-0.986,0.690,82.8,lissajous
736402.0217,44.5868,188.84,578.37,188.14,-246.23,309.88,186.65,591.30,28.39,253.26,254.85,13.11,0.331,1,DRIFT,0.822,-0.722,0.700,82.8,lissajous
736402.0383,44.6034,192.58,573.68,224.35,-282.00,360.35,186.41,588.87,-14.29,-145.89,146.59,16.40,0.414,1,SMOOTH_PURSUIT,0.407,0.718,0.710,99.4,lissajous
736402.0551,44.6202,196.95,568.35,260.55,-317.28,410.55,179.27,588.22,-424.94,-38.65,426.70,26.60,0.672,1,DRIFT,1.039,-0.562,0.714,82.9,lissajous
736402.0706,44.6357,201.53,562.91,295.30,-350.67,458.44,181.02,593.59,112.40,345.99,363.79,36.91,0.933,1,DRIFT,0.794,-0.528,0.719,82.8,lissajous
736402.0876,44.6527,207.11,556.43,329.15,-382.50,504.63,177.72,592.83,-194.45,-45.13,199.62,46.78,1.182,0,DRIFT,0.396,-0.464,0.723,99.4,lissajous
736402.1039,44.6690,213.05,549.66,364.28,-415.12,552.30,181.55,593.54,234.34,43.79,238.40,54.01,1.365,0,SMOOTH_PURSUIT,0.432,0.510,0.735,116.0,lissajous
736402.1210,44.6861,219.88,542.01,398.99,-446.61,598.87,182.99,589.10,84.10,-259.01,272.32,59.82,1.511,0,SMOOTH_PURSUIT,0.455,0.915,0.742,99.5,lissajous
736402.1374,44.7025,226.97,534.20,432.66,-476.31,643.48,185.15,589.48,131.73,23.40,133.80,69.32,1.751,0,SMOOTH_PURSUIT,0.208,0.533,0.762,132.6,lissajous
736402.1548,44.7198,235.07,525.43,466.77,-505.75,688.23,183.48,587.02,-95.95,-142.07,171.44,80.35,2.030,0,DRIFT,0.249,0.229,0.783,132.7,lissajous
736402.1722,44.7373,243.79,516.13,500.62,-533.91,731.90,187.33,583.42,221.15,-206.71,302.72,87.84,2.219,0,SMOOTH_PURSUIT,0.414,0.998,0.799,132.7,lissajous
736402.1894,44.7545,252.98,506.48,533.51,-560.29,773.67,190.27,580.15,170.86,-189.78,255.36,96.74,2.444,0,SMOOTH_PURSUIT,0.330,1.000,0.813,132.7,lissajous
736402.2065,44.7716,262.68,496.44,566.00,-585.48,814.34,192.01,578.21,101.28,-113.48,152.11,108.07,2.730,0,SMOOTH_PURSUIT,0.187,0.999,0.825,165.9,lissajous
736402.2231,44.7882,272.56,486.37,596.84,-608.26,852.17,193.26,570.26,75.75,-480.25,486.19,115.43,2.916,0,SMOOTH_PURSUIT,0.571,0.814,0.838,166.0,lissajous
736402.2393,44.8044,282.72,476.17,625.71,-628.45,886.82,196.00,564.24,168.63,-370.67,407.22,123.60,3.122,0,SMOOTH_PURSUIT,0.459,0.937,0.852,166.0,lissajous
736402.2564,44.8214,293.87,465.14,654.62,-647.68,920.87,206.54,560.82,619.11,-200.50,650.77,129.54,3.272,0,SACCADE,0.707,0.893,0.857,166.0,lissajous
736402.2732,44.8382,305.35,453.96,683.02,-665.32,953.51,212.81,548.51,373.21,-732.87,822.42,132.29,3.342,0,SACCADE,0.863,0.947,0.859,166.0,lissajous
736402.2888,44.8538,316.41,443.35,708.80,-679.93,982.19,220.60,539.40,498.54,-583.45,767.43,135.67,3.427,0,SACCADE,0.781,0.995,0.862,166.0,lissajous
736402.3052,44.8703,328.48,431.95,734.76,-693.94,1010.65,226.85,529.86,380.44,-580.51,694.06,141.13,3.565,0,SACCADE,0.687,0.973,0.864,166.0,lissajous
736402.3211,44.8862,340.54,420.74,757.74,-704.14,1034.40,240.47,525.32,856.44,-285.30,902.71,144.74,3.656,0,SACCADE,0.873,0.910,0.865,165.9,lissajous
736402.3371,44.9022,353.08,409.28,782.07,-714.83,1059.54,250.58,514.06,630.14,-702.51,943.71,146.58,3.702,0,SACCADE,0.891,0.995,0.869,165.8,lissajous
736402.3539,44.9190,366.54,397.19,804.77,-722.74,1081.66,253.44,500.58,171.17,-805.60,823.58,153.24,3.870,0,SACCADE,0.761,0.808,0.868,165.9,lissajous
736402.3705,44.9356,380.31,385.06,827.01,-729.00,1102.45,262.25,492.65,528.88,-476.63,711.96,159.73,4.034,0,SACCADE,0.646,1.000,0.865,165.8,lissajous
736402.3874,44.9525,394.63,372.68,846.14,-731.46,1118.48,278.49,479.79,959.55,-759.79,1223.93,158.00,3.990,0,SACCADE,1.094,0.999,0.860,165.9,lissajous
736402.4044,44.9695,409.32,360.23,867.77,-734.92,1137.16,287.24,468.32,517.09,-677.64,852.39,163.05,4.118,0,SACCADE,0.750,0.977,0.857,165.9,lissajous
736402.4210,44.9860,424.01,348.05,886.37,-734.89,1151.40,297.88,461.72,642.06,-398.14,755.48,169.79,4.288,0,SACCADE,0.656,0.991,0.854,165.8,lissajous
736402.4369,45.0020,438.44,336.35,903.18,-732.83,1163.09,304.71,448.64,427.53,-818.91,923.79,174.62,4.410,0,SACCADE,0.794,0.918,0.847,149.2,lissajous
736402.4530,45.0181,453.24,324.60,918.70,-729.00,1172.80,322.32,436.95,1093.33,-725.78,1312.30,172.51,4.356,0,SACCADE,1.119,0.996,0.842,165.8,lissajous
736402.4691,45.0342,468.29,312.94,933.82,-723.82,1181.50,332.37,432.37,623.67,-284.10,685.33,180.93,4.569,0,SACCADE,0.580,0.973,0.835,165.7,lissajous
736402.4853,45.0503,483.55,301.40,946.89,-716.09,1187.17,344.55,413.75,755.55,-1155.15,1380.31,178.73,4.513,0,SACCADE,1.163,0.941,0.832,165.7,lissajous
736402.5018,45.0669,499.42,289.71,959.23,-706.62,1191.40,357.95,405.21,809.93,-516.52,960.61,182.63,4.612,0,SACCADE,0.806,0.998,0.831,165.7,lissajous
736402.5184,45.0835,515.56,278.15,970.44,-695.06,1193.68,370.03,389.92,726.36,-918.55,1171.04,183.50,4.634,0,SACCADE,0.981,0.961,0.829,149.1,lissajous
736402.5359,45.1010,532.72,266.23,982.19,-682.30,1195.92,387.92,375.03,1023.98,-852.73,1332.55,181.12,4.574,0,SACCADE,1.114,0.996,0.825,149.1,lissajous
736402.5521,45.1171,548.66,255.50,987.74,-664.61,1190.52,406.61,362.66,1157.66,-766.37,1388.35,177.94,4.493,0,SACCADE,1.166,1.000,0.823,149.1,lissajous
736402.5681,45.1332,564.69,245.06,996.76,-649.29,1189.59,418.70,354.38,752.11,-514.68,911.36,182.38,4.606,0,SACCADE,0.766,1.000,0.817,165.7,lissajous
736402.5841,45.1491,580.64,235.02,1002.00,-630.78,1184.01,430.71,343.55,754.46,-680.44,1015.98,185.09,4.674,0,SACCADE,0.858,0.985,0.816,149.0,lissajous
736402.6000,45.1651,596.75,225.24,1007.39,-611.61,1178.51,448.55,333.32,1115.58,-639.83,1286.03,183.42,4.632,0,SACCADE,1.091,1.000,0.815,165.6,lissajous
736402.6167,45.1818,613.60,215.40,1010.37,-589.60,1169.82,462.40,323.71,830.19,-575.99,1010.44,185.99,4.697,0,SACCADE,0.864,0.997,0.819,149.0,lissajous
736402.6336,45.1987,630.67,205.87,1012.49,-565.66,1159.79,475.73,305.99,790.53,-1050.78,1314.95,184.48,4.659,0,SACCADE,1.134,0.915,0.819,149.0,lissajous
736402.6497,45.2148,647.01,197.15,1013.46,-540.71,1148.68,491.03,295.80,949.28,-632.68,1140.79,184.56,4.660,0,SACCADE,0.993,0.995,0.819,165.5,lissajous
736402.6662,45.2313,663.75,188.64,1012.52,-514.27,1135.64,504.14,283.97,792.64,-715.14,1067.57,185.91,4.695,0,SACCADE,0.940,0.965,0.819,149.0,lissajous
736402.6836,45.2486,681.26,180.23,1010.86,-485.78,1121.53,521.01,273.81,974.57,-586.90,1137.64,185.57,4.686,0,SACCADE,1.014,0.996,0.823,165.6,lissajous
736402.6998,45.2649,697.63,172.82,1007.48,-456.01,1105.88,538.48,261.90,1074.94,-732.59,1300.84,182.38,4.606,0,SACCADE,1.176,0.985,0.828,149.0,lissajous
736402.7169,45.2820,714.74,165.57,1002.37,-425.03,1088.76,558.40,251.81,1167.04,-591.24,1308.26,178.55,4.509,0,SACCADE,1.202,0.998,0.830,132.4,lissajous
736402.7334,45.2985,731.18,159.09,996.70,-393.02,1071.39,571.38,240.09,786.80,-710.23,1059.94,179.16,4.524,0,SACCADE,0.989,0.936,0.827,149.0,lissajous
736402.7500,45.3151,747.64,153.09,990.40,-360.54,1053.98,591.82,237.70,1229.98,-144.19,1238.40,177.31,4.478,0,SACCADE,1.175,0.973,0.835,149.0,lissajous
736402.7664,45.3314,763.68,147.75,980.16,-326.28,1033.04,604.72,227.25,788.08,-638.27,1014.13,177.73,4.488,0,SACCADE,0.982,0.936,0.836,165.5,lissajous
736402.7840,45.3491,780.78,142.63,970.59,-290.90,1013.24,623.02,210.99,1038.76,-922.78,1389.44,171.94,4.342,0,SACCADE,1.371,0.907,0.840,149.0,lissajous
736402.8001,45.3652,796.28,138.51,959.39,-254.77,992.64,638.66,200.13,968.07,-672.74,1178.87,169.24,4.274,0,SACCADE,1.188,0.940,0.845,165.5,lissajous
736402.8156,45.3807,810.98,135.10,947.17,-220.10,972.41,658.79,192.12,1297.41,-515.86,1396.21,162.52,4.104,0,SACCADE,1.436,0.989,0.849,165.5,lissajous
736402.8327,45.3978,826.90,131.96,933.89,-183.99,951.85,671.88,185.36,767.87,-396.55,864.22,163.96,4.141,0,SACCADE,0.908,0.960,0.855,165.6,lissajous
736402.8494,45.4145,842.23,129.52,918.33,-145.99,929.86,687.46,174.74,933.24,-636.53,1129.65,161.24,4.072,0,SACCADE,1.215,0.904,0.857,165.6,lissajous
736402.8666,45.4317,857.75,127.67,902.04,-107.47,908.42,712.59,166.36,1459.75,-486.47,1538.67,150.23,3.794,0,SACCADE,1.694,0.979,0.866,165.7,lissajous
736402.8833,45.4484,872.50,126.53,883.61,-68.56,886.26,723.58,160.80,658.54,-333.13,738.00,152.82,3.860,0,SACCADE,0.833,0.925,0.866,165.7,lissajous
736402.9002,45.4653,887.12,126.02,865.71,-29.94,866.23,742.77,154.65,1136.54,-364.25,1193.49,147.16,3.717,0,SACCADE,1.378,0.962,0.869,165.7,lissajous
736402.9164,45.4815,900.83,126.16,845.35,8.30,845.39,754.13,148.70,700.14,-366.62,790.32,148.43,3.749,0,SACCADE,0.935,0.881,0.867,165.6,lissajous
736402.9344,45.4995,915.66,127.02,824.04,47.79,825.43,772.16,144.63,1001.87,-226.09,1027.06,144.58,3.652,0,SACCADE,1.244,0.961,0.871,165.8,lissajous
736402.9509,45.5160,928.91,128.47,800.80,87.49,805.56,791.00,139.09,1139.08,-335.22,1187.38,138.32,3.494,0,SACCADE,1.474,0.923,0.871,165.7,lissajous
736402.9676,45.5326,941.84,130.55,777.25,125.31,787.29,801.65,139.08,640.19,-0.79,640.20,140.45,3.547,0,SMOOTH_PURSUIT,0.813,0.987,0.867,165.7,lissajous
736402.9845,45.5496,954.59,133.31,753.37,163.40,770.89,818.47,133.32,994.08,-340.24,1050.69,136.12,3.438,0,SACCADE,1.363,0.856,0.867,165.7,lissajous
736403.0017,45.5668,967.12,136.79,727.21,201.57,754.62,833.70,129.77,884.09,-206.25,907.83,133.60,3.375,0,SACCADE,1.203,0.878,0.868,165.7,lissajous
736403.0184,45.5835,978.80,140.77,700.27,238.88,739.89,852.38,129.17,1119.37,-35.53,1119.93,126.95,3.207,0,SACCADE,1.514,0.936,0.869,165.8,lissajous
736403.0357,45.6008,990.44,145.54,672.55,275.67,726.86,864.03,134.31,673.62,297.09,736.22,126.90,3.205,0,SACCADE,1.013,1.000,0.868,165.8,lissajous
736403.0534,45.6185,1001.80,151.07,642.85,312.64,714.84,875.89,128.95,670.73,-303.52,736.21,127.84,3.229,0,SACCADE,1.030,0.639,0.866,165.9,lissajous
736403.0701,45.6352,1012.06,156.90,612.77,348.14,704.76,890.68,130.94,883.30,118.74,891.24,124.12,3.135,0,SACCADE,1.265,0.928,0.869,166.0,lissajous
736403.0855,45.6506,1021.03,162.74,583.65,380.20,696.56,903.68,127.05,845.65,-252.83,882.64,122.66,3.098,0,SACCADE,1.267,0.646,0.868,165.9,lissajous
736403.1019,45.6670,1030.13,169.49,554.87,411.42,690.76,922.10,125.85,1124.10,-73.03,1126.47,116.50,2.943,0,SACCADE,1.631,0.763,0.866,165.9,lissajous
736403.1183,45.6834,1038.74,176.76,523.42,441.91,685.02,931.86,131.74,593.00,357.71,692.53,115.97,2.930,0,SACCADE,1.011,0.987,0.866,165.9,lissajous
736403.1359,45.7009,1047.34,185.04,491.19,473.08,681.96,948.83,130.09,969.26,-94.22,973.82,112.80,2.849,0,SACCADE,1.428,0.650,0.865,165.9,lissajous
736403.1521,45.7172,1054.77,193.20,457.73,502.06,679.39,959.81,135.22,676.13,315.68,746.19,111.26,2.811,0,SACCADE,1.098,0.923,0.865,165.9,lissajous
736403.1681,45.7332,1061.58,201.66,425.22,528.42,678.26,972.31,138.41,780.60,199.62,805.72,109.40,2.764,0,SACCADE,1.188,0.800,0.864,165.9,lissajous
736403.1843,45.7494,1067.95,210.64,392.54,553.81,678.82,982.00,140.49,597.40,127.73,610.91,110.94,2.803,0,SMOOTH_PURSUIT,0.900,0.736,0.864,165.8,lissajous
736403.2013,45.7663,1074.01,220.43,358.16,578.11,680.06,993.92,141.76,703.96,75.14,707.96,112.27,2.836,0,SACCADE,1.041,0.614,0.865,165.9,lissajous
736403.2187,45.7838,1079.64,230.94,321.84,601.40,682.10,1007.03,152.41,749.67,608.97,965.84,106.96,2.702,0,SACCADE,1.416,0.922,0.863,165.9,lissajous
736403.2351,45.8001,1084.31,241.12,286.12,623.32,685.85,1014.13,158.62,435.34,380.83,578.40,108.31,2.736,0,SMOOTH_PURSUIT,0.843,0.912,0.863,165.9,lissajous
736403.2509,45.8160,1088.30,251.29,251.72,642.55,690.10,1025.17,165.84,697.52,455.77,833.22,106.24,2.684,0,SACCADE,1.207,0.815,0.864,165.9,lissajous
736403.2674,45.8325,1091.86,262.15,216.46,659.21,693.84,1033.41,175.20,499.65,568.24,756.67,104.77,2.647,0,SACCADE,1.091,0.920,0.865,165.8,lissajous
736403.2835,45.8486,1094.79,273.07,180.98,675.56,699.38,1037.94,182.79,280.49,469.42,546.84,106.69,2.695,0,SMOOTH_PURSUIT,0.782,0.962,0.866,165.8,lissajous
736403.3006,45.8657,1097.25,284.85,144.33,689.48,704.42,1045.27,190.24,428.99,435.97,611.64,107.95,2.727,0,SMOOTH_PURSUIT,0.868,0.841,0.866,165.8,lissajous
736403.3172,45.8823,1099.03,296.52,107.08,702.06,710.18,1057.29,196.85,723.21,397.73,825.36,108.06,2.730,0,SACCADE,1.162,0.608,0.866,165.8,lissajous
736403.3344,45.8995,1100.23,308.76,69.56,712.54,715.93,1064.87,204.24,441.29,430.48,616.48,110.33,2.787,0,SMOOTH_PURSUIT,0.861,0.765,0.867,165.8,lissajous
736403.3514,45.9165,1100.76,320.99,31.59,721.39,722.08,1071.29,215.53,378.38,665.79,765.80,109.50,2.766,0,SACCADE,1.061,0.890,0.867,165.9,lissajous
736403.3678,45.9329,1100.67,332.98,-5.67,727.86,727.88,1073.83,228.41,154.52,781.68,796.81,107.96,2.727,0,SACCADE,1.095,0.979,0.870,165.9,lissajous
736403.3848,45.9498,1099.95,345.35,-42.80,731.57,732.82,1083.00,235.42,542.33,415.13,682.98,111.22,2.810,0,SACCADE,0.932,0.560,0.871,165.9,lissajous
736403.4015,45.9666,1098.60,357.66,-80.29,734.90,739.28,1089.42,248.30,383.24,768.27,858.55,109.75,2.772,0,SACCADE,1.161,0.841,0.872,165.9,lissajous
736403.4186,45.9837,1096.58,370.24,-117.84,735.05,744.43,1086.68,258.81,-160.39,614.14,634.74,111.87,2.826,0,SMOOTH_PURSUIT,0.853,0.995,0.873,165.9,lissajous
736403.4345,45.9995,1094.15,381.84,-154.11,732.93,748.95,1091.44,269.80,301.30,694.56,757.10,112.07,2.831,0,SACCADE,1.011,0.816,0.873,165.9,lissajous
736403.4508,46.0159,1091.04,393.81,-189.64,730.17,754.39,1096.19,281.70,289.79,726.26,781.95,112.22,2.835,0,SACCADE,1.037,0.806,0.875,165.9,lissajous
736403.4677,46.0328,1087.22,406.04,-225.82,724.19,758.58,1093.63,292.26,-151.67,624.91,643.05,113.96,2.879,0,SMOOTH_PURSUIT,0.848,0.998,0.875,166.0,lissajous
736403.4847,46.0497,1082.78,418.17,-262.43,716.62,763.16,1099.60,303.60,352.61,669.53,756.71,115.81,2.925,0,SACCADE,0.992,0.671,0.872,166.0,lissajous
736403.5019,46.0669,1077.64,430.32,-298.84,706.52,767.13,1103.96,311.91,253.36,483.57,545.93,121.30,3.064,0,SMOOTH_PURSUIT,0.712,0.635,0.874,166.0,lissajous
736403.5182,46.0833,1072.17,441.69,-334.56,695.40,771.69,1100.44,323.45,-215.39,705.56,737.70,121.58,3.071,0,SACCADE,0.956,0.988,0.872,166.1,lissajous
736403.5344,46.0995,1066.20,452.75,-368.45,681.99,775.15,1100.99,336.79,33.90,822.58,823.28,121.07,3.058,0,SACCADE,1.062,0.859,0.874,166.1,lissajous
736403.5516,46.1167,1059.28,464.20,-403.53,667.81,780.26,1095.32,351.99,-330.21,886.77,946.25,117.86,2.977,0,SACCADE,1.213,0.983,0.872,166.1,lissajous
736403.5679,46.1329,1052.17,474.77,-436.10,648.54,781.53,1094.64,363.73,-41.68,720.07,721.27,118.89,3.003,0,SACCADE,0.923,0.861,0.874,166.1,lissajous
736403.5840,46.1491,1044.61,484.94,-469.16,631.37,786.60,1096.41,372.51,109.45,544.99,555.87,123.79,3.127,0,SMOOTH_PURSUIT,0.707,0.669,0.870,166.1,lissajous
736403.6011,46.1662,1036.03,495.39,-501.46,610.61,790.13,1093.20,383.89,-187.53,665.57,691.48,125.30,3.165,0,SACCADE,0.875,0.916,0.868,166.1,lissajous
736403.6175,46.1825,1027.29,505.02,-533.74,588.51,794.49,1089.10,398.67,-250.41,902.45,936.55,123.01,3.107,0,SACCADE,1.179,0.893,0.870,166.1,lissajous
736403.6343,46.1994,1017.80,514.51,-564.39,564.33,798.13,1088.13,410.42,-57.37,698.73,701.08,125.63,3.173,0,SACCADE,0.878,0.763,0.867,149.5,lissajous
736403.6507,46.2158,1008.00,523.40,-595.01,539.20,802.98,1085.67,422.06,-149.82,706.45,722.16,127.68,3.225,0,SACCADE,0.899,0.811,0.868,166.1,lissajous
736403.6674,46.2325,997.59,531.94,-624.84,512.77,808.31,1082.28,433.64,-203.01,695.27,724.30,129.75,3.277,0,SACCADE,0.896,0.826,0.869,166.0,lissajous
736403.6841,46.2492,986.70,540.01,-653.10,484.06,812.93,1077.65,449.25,-277.70,936.48,976.79,128.49,3.245,0,SACCADE,1.202,0.799,0.868,166.0,lissajous
736403.7007,46.2658,975.34,547.59,-681.51,454.78,819.31,1068.67,461.94,-538.98,760.87,932.42,126.68,3.200,0,SACCADE,1.138,0.934,0.870,166.0,lissajous
736403.7172,46.2823,963.70,554.56,-708.03,423.93,825.24,1057.69,470.91,-667.90,545.62,862.44,125.82,3.178,0,SACCADE,1.045,0.989,0.866,149.4,lissajous
736403.7333,46.2984,951.88,560.89,-734.02,392.97,832.59,1050.33,478.81,-456.54,490.39,670.01,128.19,3.238,0,SACCADE,0.805,0.946,0.864,182.6,lissajous
736403.7496,46.3147,939.49,566.78,-758.26,360.67,839.67,1042.97,487.98,-450.46,561.20,719.62,130.08,3.286,0,SACCADE,0.857,0.900,0.869,166.0,lissajous
736403.7667,46.3318,926.14,572.35,-782.52,326.62,847.94,1031.71,497.44,-660.62,554.90,862.75,129.45,3.270,0,SACCADE,1.017,0.954,0.868,166.0,lissajous
736403.7840,46.3491,912.21,577.38,-805.77,290.43,856.51,1029.15,509.69,-147.71,708.48,723.71,135.12,3.413,0,SACCADE,0.845,0.524,0.866,182.6,lissajous
736403.8008,46.3659,898.28,581.65,-828.42,253.94,866.47,1010.66,522.86,-1099.81,783.17,1350.16,126.83,3.204,0,SACCADE,1.558,0.949,0.864,166.0,lissajous
736403.8174,46.3825,884.13,585.27,-850.29,217.60,877.70,1006.22,528.38,-266.82,331.90,425.85,134.69,3.402,0,SMOOTH_PURSUIT,0.485,0.800,0.860,149.4,lissajous
736403.8347,46.3997,869.17,588.36,-868.59,179.57,886.95,990.32,533.98,-923.52,324.79,978.97,132.79,3.354,0,SACCADE,1.104,0.991,0.860,166.1,lissajous
736403.8517,46.4168,854.06,590.76,-888.33,141.19,899.48,981.80,542.83,-500.98,520.68,722.56,136.43,3.446,0,SACCADE,0.803,0.798,0.862,166.1,lissajous
736403.8685,46.4336,838.78,592.49,-905.84,102.61,911.63,968.77,552.30,-771.85,561.18,954.29,136.07,3.437,0,SACCADE,1.047,0.870,0.861,166.0,lissajous
736403.8857,46.4508,822.92,593.59,-922.49,63.56,924.68,955.77,557.74,-756.40,316.51,819.95,137.60,3.476,0,SACCADE,0.887,0.947,0.865,166.1,lissajous
736403.9016,46.4666,808.10,593.99,-936.77,25.50,937.12,942.12,566.30,-862.41,540.48,1017.78,136.86,3.457,0,SACCADE,1.086,0.861,0.865,166.1,lissajous
736403.9177,46.4828,792.79,593.81,-949.57,-11.37,949.64,932.92,567.45,-570.90,71.51,575.36,142.59,3.601,0,SMOOTH_PURSUIT,0.606,0.991,0.863,166.0,lissajous
736403.9349,46.5000,776.24,592.95,-962.01,-49.80,963.30,922.40,572.35,-611.65,284.78,674.70,147.60,3.728,0,SACCADE,0.700,0.884,0.865,166.0,lissajous
736403.9516,46.5167,759.94,591.46,-973.64,-88.84,977.69,904.52,580.47,-1068.25,484.97,1173.18,144.99,3.662,0,SACCADE,1.200,0.869,0.865,166.1,lissajous
736403.9695,46.5346,742.35,589.17,-983.56,-128.39,991.91,888.71,579.27,-883.70,-66.73,886.22,146.70,3.705,0,SACCADE,0.893,0.999,0.865,166.1,lissajous
736403.9867,46.5517,725.33,586.28,-992.15,-168.00,1006.27,878.32,582.88,-605.68,210.20,641.12,153.03,3.865,0,SMOOTH_PURSUIT,0.637,0.877,0.868,166.1,lissajous
736404.0027,46.5678,709.31,582.99,-998.90,-205.05,1019.73,860.68,587.82,-1099.61,308.35,1142.03,151.45,3.825,0,SACCADE,1.120,0.889,0.865,166.1,lissajous
736404.0192,46.5842,692.77,579.03,-1004.36,-240.81,1032.82,849.22,586.27,-696.33,-94.38,702.69,156.61,3.955,0,SACCADE,0.680,0.995,0.859,182.8,lissajous
736404.0352,46.6003,676.59,574.60,-1007.86,-275.77,1044.90,831.66,593.29,-1092.98,437.18,1177.17,156.20,3.945,0,SACCADE,1.127,0.798,0.859,166.1,lissajous
736404.0518,46.6169,659.78,569.44,-1011.93,-310.70,1058.56,812.84,595.92,-1133.20,158.24,1144.20,155.34,3.923,0,SACCADE,1.081,0.906,0.858,166.1,lissajous
736404.0674,46.6325,644.03,564.10,-1012.42,-343.60,1069.13,798.52,592.20,-920.51,-239.00,951.03,157.03,3.966,0,SACCADE,0.890,0.997,0.854,166.0,lissajous
736404.0839,46.6490,627.25,557.87,-1013.78,-376.29,1081.36,781.35,590.86,-1037.80,-81.02,1040.96,157.59,3.980,0,SACCADE,0.963,0.962,0.852,166.0,lissajous
736404.1005,46.6656,610.45,551.09,-1012.22,-408.46,1091.52,763.91,590.51,-1050.15,-21.51,1050.37,158.45,4.002,0,SACCADE,0.962,0.935,0.852,166.0,lissajous
736404.1186,46.6837,592.21,543.12,-1009.75,-441.13,1101.90,749.30,588.61,-808.81,-104.69,815.55,163.55,4.130,0,SACCADE,0.740,0.960,0.849,166.2,lissajous
736404.1353,46.7004,575.40,535.22,-1005.38,-472.40,1110.83,736.72,587.64,-752.55,-58.55,754.82,169.62,4.284,0,SACCADE,0.680,0.935,0.843,166.2,lissajous
736404.1515,46.7166,559.20,527.11,-1001.07,-501.25,1119.55,722.35,585.30,-888.39,-144.18,900.02,173.21,4.374,0,SACCADE,0.804,0.954,0.838,149.5,lissajous
736404.1682,46.7333,542.61,518.30,-994.19,-528.12,1125.75,699.24,581.52,-1384.07,-226.86,1402.54,168.91,4.266,0,SACCADE,1.246,0.947,0.834,166.2,lissajous
736404.1847,46.7498,526.32,509.15,-985.83,-553.75,1130.71,682.58,579.23,-1008.94,-138.65,1018.43,171.25,4.325,0,SACCADE,0.901,0.930,0.841,166.2,lissajous
736404.2014,46.7665,510.01,499.49,-977.56,-578.67,1135.99,666.72,575.51,-950.57,-222.63,976.30,174.17,4.398,0,SACCADE,0.859,0.954,0.838,149.6,lissajous
736404.2177,46.7828,494.21,489.66,-966.84,-601.21,1138.52,654.05,570.89,-774.75,-282.53,824.66,179.30,4.528,0,SACCADE,0.724,0.979,0.830,149.6,lissajous
736404.2335,46.7985,479.20,479.90,-955.19,-621.50,1139.59,633.90,565.02,-1282.97,-373.76,1336.31,176.57,4.459,0,SACCADE,1.173,0.957,0.825,132.9,lissajous
736404.2495,46.8146,464.02,469.59,-943.25,-640.58,1140.20,615.88,558.05,-1119.94,-433.47,1200.90,175.74,4.438,0,SACCADE,1.053,0.974,0.819,166.2,lissajous
736404.2656,46.8307,449.09,459.02,-929.38,-657.84,1138.64,598.63,548.43,-1073.31,-598.59,1228.95,174.23,4.400,0,SACCADE,1.079,0.994,0.818,149.5,lissajous
736404.2828,46.8479,433.34,447.41,-914.65,-674.55,1136.49,587.90,540.65,-623.38,-451.47,769.70,180.51,4.558,0,SACCADE,0.677,1.000,0.814,166.2,lissajous
736404.2997,46.8648,418.22,435.80,-896.64,-688.51,1130.49,565.89,531.83,-1305.14,-523.20,1406.10,176.15,4.448,0,SACCADE,1.244,0.963,0.815,149.6,lissajous
736404.3171,46.8822,402.90,423.57,-879.10,-701.99,1124.99,553.30,523.26,-722.78,-491.81,874.24,180.43,4.556,0,SACCADE,0.777,0.997,0.811,149.7,lissajous
736404.3331,46.8982,389.16,412.18,-859.16,-711.86,1115.75,535.45,511.59,-1115.23,-729.31,1332.53,176.88,4.467,0,SACCADE,1.194,0.994,0.809,149.6,lissajous
736404.3488,46.9139,375.95,400.86,-840.63,-720.62,1107.22,523.38,503.99,-768.23,-484.19,908.09,179.92,4.544,0,SACCADE,0.820,0.989,0.801,132.9,lissajous
736404.3653,46.9303,362.48,388.91,-819.85,-726.86,1095.66,503.86,497.10,-1188.34,-419.18,1260.10,178.02,4.496,0,SACCADE,1.150,0.926,0.799,149.5,lissajous
736404.3823,46.9474,348.89,376.44,-797.10,-731.37,1081.79,485.93,489.81,-1051.37,-427.35,1134.90,177.86,4.491,0,SACCADE,1.049,0.937,0.801,133.0,lissajous
736404.3991,46.9641,335.94,364.15,-773.79,-734.56,1066.92,470.51,475.50,-921.45,-855.19,1257.15,174.67,4.411,0,SACCADE,1.178,1.000,0.805,166.2,lissajous
736404.4153,46.9803,323.79,352.24,-749.23,-734.91,1049.49,456.24,462.98,-880.34,-772.67,1171.33,172.64,4.360,0,SACCADE,1.116,0.998,0.807,149.6,lissajous
736404.4333,46.9983,310.78,339.03,-723.27,-733.76,1030.31,441.24,455.14,-833.63,-435.34,940.46,174.65,4.410,0,SACCADE,0.913,0.952,0.803,133.0,lissajous
736404.4497,47.0147,299.37,327.06,-695.61,-729.95,1008.32,423.23,443.13,-1097.85,-732.36,1319.71,169.75,4.287,0,SACCADE,1.309,0.976,0.808,166.2,lissajous
736404.4655,47.0305,288.79,315.60,-669.20,-724.83,986.51,410.51,429.23,-804.94,-878.99,1191.87,166.52,4.205,0,SACCADE,1.208,1.000,0.813,149.5,lissajous
736404.4823,47.0473,278.01,303.54,-641.68,-717.86,962.84,395.21,423.11,-910.14,-364.25,980.32,167.44,4.229,0,SACCADE,1.018,0.896,0.813,149.6,lissajous
736404.4993,47.0643,267.60,291.50,-612.36,-708.75,936.65,384.59,413.62,-625.17,-558.56,838.35,169.12,4.271,0,SACCADE,0.895,0.992,0.823,166.2,lissajous
736404.5164,47.0815,257.64,279.55,-581.20,-696.72,907.31,375.43,392.17,-533.93,-1250.97,1360.15,162.97,4.116,0,SACCADE,1.499,0.958,0.825,149.6,lissajous
736404.5333,47.0983,248.37,268.04,-549.76,-683.22,876.94,360.86,377.91,-865.24,-846.62,1210.54,157.24,3.971,0,SACCADE,1.380,0.993,0.834,166.3,lissajous
736404.5503,47.1154,239.53,256.63,-517.46,-667.59,844.65,344.65,370.72,-948.55,-420.68,1037.65,155.13,3.918,0,SACCADE,1.228,0.880,0.835,182.9,lissajous
736404.5668,47.1319,231.52,245.89,-486.12,-652.04,813.30,329.00,364.93,-949.96,-351.47,1012.90,153.86,3.886,0,SACCADE,1.245,0.839,0.840,166.3,lissajous
736404.5831,47.1482,224.16,235.61,-452.01,-631.19,776.35,319.81,348.65,-564.45,-1000.23,1148.51,148.07,3.740,0,SACCADE,1.479,0.994,0.850,166.3,lissajous
736404.6001,47.1652,217.04,225.21,-419.40,-611.92,741.85,301.70,333.32,-1065.31,-901.77,1395.73,137.31,3.468,0,SACCADE,1.881,0.964,0.852,166.3,lissajous
736404.6154,47.1805,211.10,216.15,-386.34,-590.46,705.62,296.75,320.28,-322.69,-849.43,908.66,134.82,3.405,0,SACCADE,1.288,0.977,0.851,166.2,lissajous
736404.6330,47.1981,204.91,206.17,-352.20,-567.09,667.56,283.03,306.92,-779.38,-759.12,1087.98,127.49,3.220,0,SACCADE,1.630,0.971,0.853,166.3,lissajous
736404.6492,47.2142,199.80,197.44,-316.69,-541.45,627.27,272.55,291.38,-650.06,-964.02,1162.72,118.82,3.001,0,SACCADE,1.854,0.998,0.854,166.3,lissajous
736404.6652,47.2303,195.26,189.15,-282.43,-515.65,587.93,264.07,284.42,-527.32,-433.01,682.32,117.52,2.969,0,SACCADE,1.161,0.928,0.848,182.8,lissajous
736404.6821,47.2472,191.09,180.91,-246.95,-487.80,546.75,251.71,272.23,-731.96,-721.54,1027.80,109.61,2.769,0,SACCADE,1.880,0.948,0.849,166.2,lissajous
736404.6984,47.2635,187.65,173.43,-210.98,-458.57,504.78,248.97,259.49,-168.15,-781.93,799.80,105.66,2.669,0,SACCADE,1.584,0.976,0.846,166.2,lissajous
736404.7150,47.2801,184.76,166.35,-175.03,-428.25,462.64,236.80,251.66,-735.78,-473.49,874.97,99.93,2.524,0,SACCADE,1.891,0.819,0.839,182.8,lissajous
736404.7308,47.2959,182.55,160.06,-139.42,-397.39,421.14,228.11,242.25,-548.60,-594.13,808.68,93.97,2.374,0,SACCADE,1.920,0.918,0.835,166.2,lissajous
736404.7480,47.3131,180.78,153.79,-102.95,-364.96,379.20,225.70,233.86,-140.59,-488.19,508.03,91.81,2.319,0,SMOOTH_PURSUIT,1.340,1.000,0.824,166.2,lissajous
736404.7637,47.3288,179.74,148.58,-66.35,-331.26,337.84,217.20,225.52,-540.18,-530.91,757.40,85.57,2.162,0,SACCADE,2.242,0.827,0.813,149.5,lissajous
736404.7799,47.3450,179.24,143.75,-30.83,-298.14,299.73,208.68,214.95,-525.51,-651.51,837.03,77.05,1.946,0,SACCADE,2.793,0.839,0.796,132.9,lissajous
736404.7962,47.3613,179.33,139.45,5.44,-263.26,263.31,206.91,201.99,-108.25,-794.14,801.48,68.35,1.727,0,SACCADE,3.044,0.988,0.780,149.4,lissajous
736404.8133,47.3784,180.05,135.58,42.59,-226.98,230.94,200.16,190.32,-395.96,-684.86,791.09,58.31,1.473,0,SACCADE,3.426,0.759,0.762,132.9,lissajous
736404.8311,47.3962,181.50,132.23,81.32,-188.32,205.12,194.32,182.98,-328.19,-411.81,526.58,52.35,1.323,0,SMOOTH_PURSUIT,2.567,0.471,0.749,116.3,lissajous
736404.8476,47.4127,183.47,129.76,119.38,-149.86,191.60,188.22,178.93,-369.82,-245.36,443.81,49.41,1.248,0,DRIFT,2.316,-0.087,0.734,116.3,lissajous
736404.8650,47.4301,186.20,127.81,156.81,-111.30,192.29,190.29,167.72,118.85,-643.33,654.22,40.11,1.013,1,SACCADE,3.402,0.717,0.718,116.4,lissajous
736404.8807,47.4458,189.23,126.66,193.21,-73.39,206.68,184.98,165.35,-338.36,-150.74,370.42,38.92,0.983,1,DRIFT,1.792,-0.709,0.716,99.7,lissajous
736404.8971,47.4622,192.98,126.07,228.21,-36.41,231.10,185.05,162.01,4.04,-203.70,203.74,36.81,0.930,1,DRIFT,0.882,0.177,0.709,99.7,lissajous
736404.9137,47.4787,197.34,126.09,263.71,1.64,263.72,181.36,154.14,-222.90,-475.74,525.37,32.28,0.816,1,DRIFT,1.992,-0.430,0.699,83.1,lissajous
736404.9309,47.4959,202.50,126.79,300.15,40.60,302.88,178.83,146.18,-147.25,-463.27,486.10,30.60,0.773,1,DRIFT,1.605,-0.428,0.695,83.1,lissajous
736404.9474,47.5124,208.04,128.10,335.28,79.28,344.53,178.34,145.88,-29.85,-18.09,34.91,34.61,0.874,1,DRIFT,0.101,-0.952,0.699,99.7,lissajous
736404.9648,47.5298,214.49,130.15,370.99,118.13,389.35,178.27,140.98,-3.79,-281.61,281.63,37.80,0.955,1,DRIFT,0.723,-0.316,0.708,99.7,lissajous
736404.9812,47.5463,221.17,132.73,405.65,156.46,434.77,179.89,133.40,98.41,-460.48,470.88,41.28,1.043,1,DRIFT,1.083,-0.157,0.707,83.1,lissajous
736404.9982,47.5632,228.61,136.02,439.47,193.91,480.34,183.14,133.32,191.54,-4.45,191.59,45.55,1.151,0,SMOOTH_PURSUIT,0.399,0.905,0.712,99.8,lissajous
736405.0137,47.5788,235.97,139.60,472.17,230.02,525.22,182.58,131.46,-35.70,-119.75,124.96,54.00,1.364,0,DRIFT,0.238,-0.677,0.721,99.7,lissajous
736405.0309,47.5960,244.60,144.14,503.62,265.32,569.24,188.91,125.65,369.48,-338.80,501.30,58.67,1.482,0,DRIFT,0.881,0.337,0.722,83.1,lissajous
736405.0474,47.6125,253.47,149.13,536.16,301.37,615.06,190.11,122.24,72.36,-206.56,218.87,68.83,1.739,0,DRIFT,0.356,-0.174,0.723,99.7,lissajous
736405.0647,47.6298,263.30,154.96,567.67,336.52,659.92,192.56,126.41,141.21,241.10,279.41,76.29,1.927,0,SMOOTH_PURSUIT,0.423,0.875,0.728,116.4,lissajous
736405.0810,47.6461,273.04,160.99,598.41,370.60,703.88,194.76,127.24,135.10,51.19,144.47,85.25,2.154,0,SMOOTH_PURSUIT,0.205,0.982,0.736,133.0,lissajous
736405.0965,47.6616,282.78,167.23,627.01,402.09,744.86,198.19,129.46,221.22,142.45,263.11,92.64,2.340,0,SMOOTH_PURSUIT,0.353,1.000,0.749,133.0,lissajous
736405.1136,47.6786,293.92,174.60,654.59,432.69,784.67,209.20,128.31,646.98,-67.32,650.47,96.54,2.439,0,SACCADE,0.829,0.773,0.762,149.6,lissajous
736405.1302,47.6953,305.28,182.31,682.92,463.59,825.41,215.33,131.67,368.31,201.89,420.02,103.23,2.608,0,SMOOTH_PURSUIT,0.509,0.995,0.782,149.6,lissajous
736405.1458,47.7109,316.36,190.00,708.72,491.68,862.57,225.29,134.45,637.23,177.82,661.58,106.67,2.695,0,SACCADE,0.767,0.945,0.796,149.6,lissajous
736405.1619,47.7270,328.16,198.33,733.80,518.45,898.48,230.76,136.34,340.10,117.56,359.85,115.45,2.916,0,SMOOTH_PURSUIT,0.401,0.960,0.812,166.1,lissajous
736405.1786,47.7437,340.80,207.41,758.47,544.55,933.71,238.31,138.12,452.85,107.02,465.32,123.71,3.125,0,SMOOTH_PURSUIT,0.498,0.925,0.826,166.1,lissajous
736405.1960,47.7611,354.45,217.35,783.19,570.24,968.79,249.00,140.38,613.22,129.71,626.79,130.55,3.298,0,SMOOTH_PURSUIT,0.647,0.913,0.842,166.1,lissajous
736405.2130,47.7781,368.14,227.43,807.07,594.56,1002.43,263.23,144.17,839.50,223.51,868.74,133.93,3.383,0,SACCADE,0.867,0.931,0.845,166.1,lissajous
736405.2297,47.7948,381.98,237.73,828.67,616.19,1032.66,269.52,156.11,376.46,714.32,807.45,138.95,3.510,0,SACCADE,0.782,0.902,0.850,166.1,lissajous
736405.2462,47.8113,396.01,248.24,849.32,636.17,1061.16,279.80,168.37,622.19,741.95,968.31,141.01,3.562,0,SACCADE,0.912,0.974,0.849,166.1,lissajous
736405.2631,47.8282,410.72,259.32,869.74,655.13,1088.87,284.95,173.45,304.35,300.39,427.62,152.29,3.846,0,SMOOTH_PURSUIT,0.393,0.991,0.845,166.1,lissajous
736405.2787,47.8438,424.55,269.77,887.45,671.06,1112.60,297.23,181.74,788.22,532.43,951.19,154.79,3.909,0,BLINK,0.855,0.999,0.840,182.7,lissajous
736405.2947,47.8598,439.05,280.76,904.05,685.22,1134.39,307.81,186.53,659.75,298.62,724.18,161.56,4.080,0,BLINK,0.638,0.975,0.839,166.1,lissajous
736405.3117,47.8767,454.62,292.58,919.82,697.91,1154.62,315.73,196.33,467.55,578.62,743.91,168.98,4.268,0,BLINK,0.644,0.971,0.831,149.5,lissajous
736405.3286,47.8937,470.43,304.57,934.78,709.01,1173.24,335.02,200.84,1140.34,266.52,1171.07,170.58,4.308,0,BLINK,0.998,0.913,0.825,166.2,lissajous
736405.3452,47.9103,486.21,316.52,949.29,718.76,1190.70,348.30,213.37,798.95,754.06,1098.60,172.22,4.349,0,BLINK,0.923,0.994,0.818,149.6,lissajous
736405.3610,47.9260,501.36,327.95,961.45,725.82,1204.66,359.95,225.74,739.70,785.37,1078.87,174.48,4.406,0,BLINK,0.896,0.986,0.813,149.5,lissajous
736405.3774,47.9424,517.29,339.93,971.25,730.15,1215.09,379.80,235.17,1209.66,574.91,1339.33,172.86,4.365,0,BLINK,1.102,0.980,0.805,149.5,lissajous
736405.3946,47.9596,534.17,352.55,981.49,733.66,1225.39,390.91,243.19,646.22,466.24,796.85,180.23,4.551,0,BLINK,0.650,1.000,0.796,166.1,lissajous
736405.4114,47.9765,550.83,364.92,989.93,734.73,1232.80,407.49,251.83,984.71,513.43,1110.52,182.58,4.611,0,BLINK,0.901,0.988,0.794,166.1,lissajous
736405.4282,47.9933,567.59,377.25,998.05,734.56,1239.23,421.02,261.87,806.44,597.91,1003.92,186.53,4.710,0,SACCADE,0.810,1.000,0.789,149.6,lissajous
736405.4442,48.0093,583.70,389.00,1003.05,731.22,1241.29,436.00,276.78,931.85,927.76,1314.95,185.50,4.684,0,SACCADE,1.059,0.988,0.788,166.2,lissajous
736405.4611,48.0262,600.72,401.27,1007.92,726.78,1242.63,448.72,287.07,753.48,609.33,969.03,190.12,4.801,0,SACCADE,0.780,0.998,0.786,149.6,lissajous
736405.4765,48.0416,616.28,412.35,1010.88,720.16,1241.17,463.07,299.90,932.48,833.90,1250.96,190.05,4.799,0,SACCADE,1.008,0.994,0.786,132.9,lissajous
736405.4933,48.0584,633.30,424.32,1012.89,711.93,1238.06,479.65,307.10,986.45,428.29,1075.42,193.26,4.880,0,SACCADE,0.869,0.979,0.782,149.6,lissajous
736405.5111,48.0762,651.37,436.81,1013.29,700.81,1232.03,486.86,320.47,404.56,750.20,852.33,201.49,5.087,0,SACCADE,0.692,0.891,0.777,149.6,lissajous
736405.5267,48.0918,667.12,447.52,1012.16,688.05,1223.88,505.46,329.34,1194.62,569.57,1323.45,200.26,5.056,0,SACCADE,1.081,0.988,0.782,149.5,lissajous
736405.5428,48.1079,683.41,458.39,1010.66,674.75,1215.20,521.26,349.52,980.45,1252.39,1590.52,195.31,4.932,0,SACCADE,1.309,0.950,0.787,132.9,lissajous
736405.5587,48.1238,699.44,468.88,1007.02,659.02,1203.49,543.59,358.47,1402.86,562.45,1511.41,191.00,4.823,0,SACCADE,1.256,0.980,0.785,132.9,lissajous
736405.5754,48.1405,716.11,479.55,1001.91,641.24,1189.54,560.68,367.91,1027.13,567.00,1173.23,191.37,4.832,0,SACCADE,0.986,0.998,0.785,149.6,lissajous
736405.5920,48.1571,732.73,489.93,998.24,623.13,1176.76,576.34,385.81,940.95,1075.85,1429.28,187.87,4.744,0,SACCADE,1.215,0.957,0.790,133.0,lissajous
736405.6080,48.1731,748.48,499.50,987.01,599.82,1154.98,586.26,395.13,621.46,583.68,852.58,192.89,4.871,0,SACCADE,0.738,0.978,0.786,149.6,lissajous
736405.6235,48.1886,763.66,508.47,980.21,579.09,1138.49,609.08,405.03,1473.54,639.22,1606.22,186.00,4.697,0,SACCADE,1.411,0.992,0.792,132.9,lissajous
736405.6406,48.2057,780.29,517.98,971.21,555.61,1118.91,620.99,420.25,695.17,889.10,1128.61,186.89,4.719,0,SACCADE,1.009,0.926,0.789,149.5,lissajous
736405.6576,48.2227,796.62,526.98,959.23,528.77,1095.31,642.42,432.20,1259.09,701.64,1441.39,181.00,4.571,0,SACCADE,1.316,1.000,0.792,133.0,lissajous
736405.6746,48.2397,812.67,535.48,946.38,500.78,1070.71,657.32,439.98,878.50,458.58,990.99,182.36,4.605,0,SACCADE,0.926,1.000,0.794,149.6,lissajous
736405.6914,48.2565,828.33,543.40,932.33,471.58,1044.81,674.27,452.70,1009.26,757.88,1262.13,178.77,4.515,0,SACCADE,1.208,0.985,0.801,149.6,lissajous
736405.7090,48.2741,844.46,551.15,916.70,440.47,1017.03,687.72,461.36,764.74,492.06,909.36,180.63,4.561,0,SACCADE,0.894,0.992,0.799,133.0,lissajous
736405.7253,48.2904,859.13,557.81,899.32,408.23,987.64,710.20,476.37,1377.35,919.65,1656.16,169.75,4.287,0,SACCADE,1.677,0.987,0.804,149.6,lissajous
736405.7436,48.3087,875.33,564.69,883.86,375.61,960.36,725.36,492.13,827.54,860.10,1193.56,166.60,4.207,0,SACCADE,1.243,0.920,0.811,166.3,lissajous
736405.7603,48.3254,889.65,570.33,859.44,338.44,923.68,746.95,498.52,1295.84,383.85,1351.50,159.75,4.034,0,SACCADE,1.463,0.996,0.817,166.3,lissajous
736405.7771,48.3422,903.82,575.46,841.03,304.44,894.44,756.78,507.26,583.34,518.66,780.57,162.08,4.093,0,SACCADE,0.873,0.929,0.819,149.7,lissajous
736405.7932,48.3582,916.98,579.78,820.36,269.60,863.53,775.09,510.67,1141.67,212.61,1161.30,157.82,3.986,0,SACCADE,1.345,0.991,0.826,166.3,lissajous
736405.8097,48.3748,930.21,583.67,798.57,234.25,832.22,788.95,522.28,836.25,700.02,1090.57,154.02,3.890,0,SACCADE,1.310,0.916,0.834,166.3,lissajous
736405.8264,48.3914,943.10,586.95,775.68,197.72,800.48,804.95,533.16,962.89,655.18,1164.66,148.25,3.744,0,SACCADE,1.455,0.940,0.837,166.3,lissajous
736405.8437,48.4088,956.10,589.72,750.40,159.60,767.18,819.90,541.90,862.93,504.07,999.37,144.35,3.646,0,SACCADE,1.303,0.950,0.839,166.4,lissajous
736405.8601,48.4252,968.01,591.71,724.17,121.27,734.26,834.22,550.36,870.56,514.67,1011.31,140.04,3.537,0,SACCADE,1.377,0.933,0.851,166.3,lissajous
736405.8764,48.4415,979.39,593.08,699.06,83.99,704.09,851.50,556.54,1061.95,379.70,1127.79,133.01,3.360,0,SACCADE,1.602,0.975,0.852,166.3,lissajous
736405.8940,48.4591,991.17,593.87,670.57,45.00,672.07,866.03,562.82,826.95,357.60,900.96,128.93,3.257,0,SACCADE,1.341,0.942,0.854,166.3,lissajous
736405.9105,48.4756,1001.79,593.96,642.42,5.67,642.44,882.14,565.79,974.65,179.79,991.10,122.92,3.105,0,SACCADE,1.543,0.985,0.853,166.3,lissajous
736405.9277,48.4928,1012.31,593.39,611.97,-33.23,612.87,896.56,574.29,838.47,494.19,973.27,117.32,2.964,0,SACCADE,1.588,0.833,0.852,166.3,lissajous
736405.9450,48.5101,1022.36,592.13,581.66,-72.98,586.22,911.90,576.41,888.27,122.81,896.72,111.57,2.818,0,SACCADE,1.530,0.966,0.852,166.3,lissajous
736405.9608,48.5259,1031.08,590.37,550.76,-110.87,561.81,920.60,578.27,548.96,117.14,561.32,111.15,2.808,0,SMOOTH_PURSUIT,0.999,0.918,0.848,166.3,lissajous
736405.9780,48.5431,1040.03,587.82,519.43,-148.42,540.22,933.10,579.64,725.56,79.56,729.91,107.25,2.709,0,SACCADE,1.351,0.926,0.845,166.3,lissajous
736405.9944,48.5595,1047.99,584.77,487.26,-186.26,521.65,948.14,587.65,921.08,490.73,1043.65,99.89,2.523,0,SACCADE,2.001,0.656,0.840,166.3,lissajous
736406.0115,48.5766,1055.77,580.95,453.89,-223.23,505.82,955.65,584.28,438.13,-196.55,480.20,100.18,2.531,0,SMOOTH_PURSUIT,0.949,0.999,0.835,166.3,lissajous
736406.0286,48.5936,1062.92,576.51,419.68,-260.57,493.99,971.83,589.57,949.43,310.30,998.85,92.02,2.325,0,SACCADE,2.022,0.644,0.829,166.3,lissajous
736406.0454,48.6105,1069.41,571.50,385.12,-296.87,486.26,986.79,591.60,887.37,120.31,895.49,85.04,2.148,0,SACCADE,1.842,0.703,0.826,166.2,lissajous
736406.0624,48.6275,1075.37,565.85,349.73,-332.03,482.24,992.15,592.88,314.91,75.17,323.76,87.50,2.210,0,SMOOTH_PURSUIT,0.671,0.546,0.820,149.6,lissajous
736406.0790,48.6441,1080.58,559.79,314.52,-366.27,482.78,1005.30,589.16,794.40,-224.74,825.58,80.80,2.041,0,SACCADE,1.710,0.833,0.817,166.3,lissajous
736406.0956,48.6607,1085.23,553.14,279.27,-399.21,487.19,1015.87,590.57,634.44,84.85,640.09,78.82,1.991,0,SMOOTH_PURSUIT,1.314,0.460,0.817,166.3,lissajous
736406.1122,48.6773,1089.26,545.99,243.16,-430.40,494.33,1023.33,592.09,449.77,91.24,458.93,80.45,2.032,0,DRIFT,0.928,0.309,0.817,149.7,lissajous
736406.1295,48.6946,1092.83,538.01,206.43,-461.58,505.64,1030.28,587.28,401.74,-278.03,488.57,79.63,2.012,0,SMOOTH_PURSUIT,0.966,0.855,0.816,149.7,lissajous
736406.1467,48.7117,1095.73,529.58,168.91,-492.24,520.41,1041.90,587.42,678.65,8.02,678.69,79.01,1.996,0,SACCADE,1.304,0.313,0.815,166.4,lissajous
736406.1630,48.7281,1097.88,521.09,131.94,-520.00,536.48,1054.40,584.84,764.94,-157.61,781.00,77.17,1.950,0,SACCADE,1.456,0.436,0.814,149.7,lissajous
736406.1791,48.7441,1099.42,512.32,96.06,-545.66,554.05,1056.14,580.74,108.34,-255.80,277.80,80.96,2.045,0,SMOOTH_PURSUIT,0.501,0.974,0.818,149.7,lissajous
736406.1960,48.7611,1100.43,502.67,59.42,-570.20,573.29,1064.06,579.07,468.07,-98.60,478.34,84.61,2.137,0,DRIFT,0.834,0.306,0.822,149.7,lissajous
736406.2124,48.7775,1100.80,492.89,22.30,-594.24,594.66,1070.22,574.78,374.06,-260.23,455.68,87.42,2.208,0,SMOOTH_PURSUIT,0.766,0.601,0.827,149.7,lissajous
736406.2288,48.7939,1100.56,482.80,-14.31,-615.64,615.80,1077.93,570.00,470.72,-291.81,553.83,90.09,2.276,0,SMOOTH_PURSUIT,0.899,0.507,0.831,166.3,lissajous
736406.2454,48.8105,1099.72,472.28,-51.00,-635.55,637.59,1080.21,560.67,137.83,-563.66,580.27,90.51,2.287,0,SMOOTH_PURSUIT,0.910,0.949,0.836,149.7,lissajous
736406.2624,48.8275,1098.21,461.14,-88.29,-653.85,659.79,1084.87,551.09,273.12,-562.61,625.40,90.93,2.297,0,SMOOTH_PURSUIT,0.948,0.833,0.838,149.8,lissajous
736406.2791,48.8442,1096.11,449.93,-125.80,-671.48,683.16,1093.98,542.35,545.88,-523.37,756.24,92.44,2.335,0,SACCADE,1.107,0.547,0.841,149.8,lissajous
736406.2945,48.8596,1093.63,439.36,-161.09,-685.04,703.73,1090.67,534.36,-214.64,-517.83,560.56,95.04,2.401,0,SMOOTH_PURSUIT,0.797,0.987,0.846,149.7,lissajous
736406.3114,48.8764,1090.33,427.64,-196.38,-697.45,724.57,1091.39,523.42,43.18,-650.69,652.12,95.79,2.420,0,SACCADE,0.900,0.943,0.847,166.3,lissajous
736406.3280,48.8931,1086.44,415.80,-233.29,-710.02,747.36,1098.24,518.35,410.70,-304.14,511.06,103.23,2.608,0,DRIFT,0.684,0.315,0.852,149.7,lissajous
736406.3437,48.9088,1082.23,404.54,-267.61,-717.14,765.44,1096.62,504.96,-103.41,-852.89,859.14,101.44,2.563,0,SACCADE,1.122,0.972,0.850,166.2,lissajous
736406.3601,48.9252,1077.28,392.65,-302.12,-724.73,785.18,1096.21,498.70,-24.77,-381.46,382.26,107.73,2.721,0,SMOOTH_PURSUIT,0.487,0.946,0.853,166.2,lissajous
736406.3768,48.9419,1071.66,380.47,-337.32,-730.59,804.70,1099.51,488.75,197.90,-596.91,628.86,111.80,2.824,0,SMOOTH_PURSUIT,0.781,0.730,0.857,166.2,lissajous
736406.3935,48.9586,1065.46,368.24,-371.96,-733.63,822.54,1096.41,480.09,-186.07,-519.28,551.61,116.05,2.932,0,SMOOTH_PURSUIT,0.671,0.992,0.859,166.2,lissajous
736406.4105,48.9756,1058.52,355.70,-406.67,-735.02,840.02,1098.28,468.32,109.69,-689.97,698.63,119.43,3.017,0,SACCADE,0.832,0.788,0.860,166.2,lissajous
736406.4273,48.9924,1051.14,343.42,-440.69,-734.01,856.14,1095.41,459.60,-171.52,-521.30,548.79,124.33,3.140,0,SMOOTH_PURSUIT,0.641,0.975,0.861,166.3,lissajous
736406.4441,49.0091,1043.18,331.13,-474.41,-731.91,872.21,1092.42,449.49,-178.31,-601.95,627.81,128.19,3.238,0,SMOOTH_PURSUIT,0.720,0.959,0.863,166.3,lissajous
736406.4597,49.0248,1035.26,319.75,-505.59,-726.64,885.23,1094.96,436.90,162.66,-804.02,820.31,131.48,3.321,0,SACCADE,0.927,0.691,0.863,166.2,lissajous
736406.4758,49.0409,1026.60,308.11,-537.60,-722.51,900.57,1089.57,421.07,-334.81,-982.68,1038.15,129.32,3.267,0,SACCADE,1.153,0.952,0.861,166.2,lissajous
736406.4923,49.0574,1017.30,296.42,-565.24,-710.53,907.94,1087.55,412.09,-123.08,-545.65,559.36,135.33,3.418,0,SMOOTH_PURSUIT,0.616,0.900,0.862,166.1,lissajous
736406.5095,49.0746,1007.03,284.36,-597.54,-702.02,921.89,1085.20,400.43,-136.59,-678.65,692.26,139.94,3.535,0,SACCADE,0.751,0.874,0.863,166.2,lissajous
736406.5262,49.0913,996.55,272.85,-627.26,-688.98,931.74,1079.84,387.78,-320.69,-757.53,822.61,141.93,3.585,0,SACCADE,0.883,0.943,0.863,166.2,lissajous
736406.5423,49.1074,985.99,261.97,-655.72,-675.06,941.10,1075.35,373.86,-278.90,-863.68,907.60,143.19,3.617,0,SACCADE,0.964,0.897,0.863,166.2,lissajous
736406.5595,49.1246,974.22,250.63,-683.60,-658.92,949.46,1065.09,365.09,-595.77,-509.19,783.71,146.15,3.691,0,SACCADE,0.825,0.998,0.862,166.2,lissajous
736406.5760,49.1411,962.48,240.04,-710.86,-640.72,957.00,1055.74,350.85,-566.28,-862.34,1031.65,144.83,3.658,0,SACCADE,1.078,0.967,0.863,166.2,lissajous
736406.5920,49.1571,950.71,230.11,-736.48,-621.73,963.82,1046.34,345.11,-588.47,-359.23,689.45,149.56,3.777,0,SACCADE,0.715,0.988,0.862,166.2,lissajous
736406.6082,49.1733,938.36,220.35,-761.80,-601.94,970.91,1039.04,325.20,-450.01,-1228.14,1307.99,145.36,3.671,0,SACCADE,1.347,0.852,0.858,166.2,lissajous
736406.6255,49.1905,924.85,210.40,-782.88,-576.54,972.27,1031.51,315.30,-436.40,-573.49,720.65,149.60,3.778,0,SACCADE,0.741,0.960,0.858,166.2,lissajous
736406.6427,49.2078,910.93,200.89,-808.18,-552.28,978.86,1021.34,299.84,-590.32,-897.55,1074.28,148.26,3.745,0,SACCADE,1.097,0.925,0.857,166.2,lissajous
736406.6587,49.2238,897.65,192.47,-830.05,-526.28,982.83,1008.66,293.95,-792.73,-368.35,874.13,150.40,3.799,0,SACCADE,0.889,0.992,0.857,166.2,lissajous
736406.6747,49.2398,884.01,184.45,-849.96,-499.76,986.00,999.68,275.93,-559.37,-1122.20,1253.89,147.48,3.725,0,SACCADE,1.272,0.838,0.855,166.1,lissajous
736406.6914,49.2565,869.50,176.58,-868.84,-471.16,988.37,991.86,266.88,-468.68,-542.33,716.79,152.06,3.841,0,SACCADE,0.725,0.935,0.853,166.1,lissajous
736406.7081,49.2731,854.74,169.25,-888.16,-441.44,991.81,981.03,256.77,-651.50,-607.83,891.02,153.66,3.881,0,SACCADE,0.898,0.958,0.853,166.2,lissajous
736406.7242,49.2893,840.12,162.61,-904.66,-410.34,993.37,966.99,244.73,-868.53,-745.66,1144.71,151.12,3.817,0,SACCADE,1.152,0.960,0.853,166.2,lissajous
736406.7410,49.3061,824.67,156.27,-920.86,-378.36,995.56,953.84,231.75,-783.45,-773.15,1100.71,149.62,3.779,0,SACCADE,1.106,0.925,0.854,166.2,lissajous
736406.7575,49.3226,809.20,150.56,-935.36,-344.73,996.86,942.52,225.83,-684.37,-357.82,772.27,153.11,3.867,0,SACCADE,0.775,0.992,0.852,166.2,lissajous
736406.7736,49.3387,793.92,145.55,-949.33,-311.22,999.04,932.35,218.24,-631.88,-471.47,788.39,156.36,3.949,0,SACCADE,0.789,0.948,0.851,166.1,lissajous
736406.7901,49.3552,778.13,141.01,-960.60,-276.54,999.61,915.94,207.89,-998.41,-630.18,1180.66,153.19,3.869,0,SACCADE,1.181,0.960,0.856,166.1,lissajous
736406.8066,49.3717,762.04,137.02,-972.64,-241.18,1002.10,904.83,198.92,-671.68,-541.75,862.93,155.64,3.931,0,SACCADE,0.861,0.907,0.860,166.1,lissajous
736406.8232,49.3883,745.71,133.62,-981.60,-204.49,1002.67,887.09,190.91,-1066.77,-481.62,1170.45,152.55,3.853,0,SACCADE,1.167,0.976,0.860,166.0,lissajous
736406.8409,49.4060,728.21,130.68,-990.14,-166.16,1003.99,876.43,174.30,-603.40,-940.28,1117.24,154.50,3.902,0,SACCADE,1.113,0.672,0.861,166.1,lissajous
736406.8576,49.4227,711.52,128.55,-998.41,-127.38,1006.51,861.70,174.77,-880.76,28.11,881.21,157.13,3.968,0,SACCADE,0.876,0.987,0.859,166.1,lissajous
736406.8737,49.4388,695.40,127.11,-1003.60,-89.88,1007.62,851.74,165.37,-620.01,-585.12,852.51,160.96,4.065,0,SACCADE,0.846,0.786,0.857,166.0,lissajous
736406.8900,49.4551,678.99,126.25,-1007.96,-52.73,1009.33,828.22,158.33,-1445.43,-432.23,1508.68,152.63,3.855,0,SACCADE,1.495,0.972,0.854,166.0,lissajous
736406.9071,49.4722,661.67,126.01,-1010.66,-14.19,1010.76,816.35,157.05,-692.43,-74.64,696.44,157.76,3.984,0,SACCADE,0.689,0.996,0.852,166.1,lissajous
736406.9227,49.4878,645.90,126.37,-1013.39,23.56,1013.66,802.09,151.58,-916.51,-351.90,981.74,158.21,3.996,0,SACCADE,0.969,0.925,0.852,166.0,lissajous
736406.9389,49.5040,629.44,127.35,-1013.52,60.23,1015.30,785.94,140.28,-993.97,-695.73,1213.27,157.04,3.966,0,SACCADE,1.195,0.784,0.855,166.0,lissajous
736406.9550,49.5201,613.13,128.92,-1012.26,97.35,1016.93,771.84,137.64,-875.23,-163.64,890.39,158.95,4.014,0,SACCADE,0.876,0.961,0.856,165.9,lissajous
736406.9714,49.5365,596.57,131.12,-1009.86,134.35,1018.76,751.05,136.27,-1268.42,-83.56,1271.17,154.56,3.904,0,SACCADE,1.248,0.980,0.858,165.8,lissajous
736406.9884,49.5535,579.50,134.04,-1007.45,172.16,1022.06,741.23,135.91,-579.22,-21.27,579.61,161.74,4.085,0,SMOOTH_PURSUIT,0.567,0.979,0.850,149.3,lissajous
736407.0055,49.5706,562.32,137.64,-1001.88,210.08,1023.67,718.25,132.50,-1340.24,-198.87,1354.92,156.01,3.940,0,SACCADE,1.324,0.938,0.848,165.9,lissajous
736407.0225,49.5875,545.46,141.83,-995.24,247.42,1025.54,707.39,129.69,-640.87,-166.02,662.03,162.39,4.101,0,SACCADE,0.646,0.879,0.845,166.0,lissajous
736407.0392,49.6042,528.98,146.57,-987.54,283.60,1027.46,686.28,129.15,-1265.10,-32.36,1265.52,158.26,3.997,0,SACCADE,1.232,0.954,0.848,166.0,lissajous
736407.0554,49.6205,513.05,151.75,-978.95,318.38,1029.43,674.39,127.32,-730.50,-112.08,739.05,163.18,4.121,0,SACCADE,0.718,0.893,0.843,149.4,lissajous
736407.0720,49.6370,497.03,157.57,-968.71,352.02,1030.69,655.27,127.09,-1156.38,-14.07,1156.46,161.15,4.070,0,SACCADE,1.122,0.936,0.839,149.4,lissajous
736407.0885,49.6536,481.15,163.96,-957.52,385.20,1032.10,639.00,127.54,-981.17,27.19,981.54,161.99,4.091,0,SACCADE,0.951,0.938,0.836,149.4,lissajous
736407.1052,49.6703,465.37,170.93,-945.20,417.62,1033.34,618.26,126.42,-1241.72,-67.23,1243.54,159.24,4.022,0,SACCADE,1.203,0.892,0.839,165.9,lissajous
736407.1224,49.6874,449.46,178.61,-929.81,448.64,1032.39,600.73,126.94,-1024.78,30.62,1025.23,159.85,4.037,0,SACCADE,0.993,0.913,0.837,149.4,lissajous
736407.1393,49.7044,433.96,186.73,-914.96,479.52,1033.00,585.71,132.77,-886.68,343.84,951.02,161.06,4.068,0,SACCADE,0.921,0.994,0.835,166.0,lissajous
736407.1565,49.7216,418.51,195.48,-897.46,508.46,1031.49,569.67,137.25,-931.41,260.41,967.13,161.99,4.091,0,SACCADE,0.938,0.971,0.837,149.4,lissajous
736407.1735,49.7385,403.61,204.57,-878.90,536.01,1029.45,553.79,139.53,-937.12,134.57,946.74,163.65,4.133,0,SACCADE,0.920,0.919,0.836,166.0,lissajous
736407.1904,49.7555,389.04,214.10,-860.54,562.64,1028.15,544.09,140.84,-572.47,77.26,577.66,171.49,4.331,0,SMOOTH_PURSUIT,0.562,0.903,0.827,149.4,lissajous
736407.2072,49.7723,374.92,223.96,-838.96,586.22,1023.48,524.43,144.34,-1168.69,207.91,1187.04,169.39,4.278,0,SACCADE,1.160,0.907,0.824,166.1,lissajous
736407.2243,49.7894,360.97,234.36,-817.72,609.27,1019.74,505.59,150.80,-1104.31,378.65,1167.42,167.02,4.218,0,SACCADE,1.145,0.952,0.826,149.5,lissajous
736407.2418,49.8069,347.03,245.43,-794.81,631.06,1014.87,488.88,158.83,-952.51,457.99,1056.89,166.20,4.197,0,SACCADE,1.041,0.975,0.824,149.6,lissajous
736407.2584,49.8235,334.25,256.21,-770.17,650.02,1007.82,473.11,163.86,-950.64,303.15,997.80,166.77,4.212,0,SACCADE,0.990,0.924,0.828,166.3,lissajous
736407.2749,49.8400,321.95,267.21,-745.81,667.03,1000.58,456.29,174.25,-1019.96,630.38,1199.04,163.36,4.126,0,SACCADE,1.198,0.985,0.827,149.6,lissajous
736407.2905,49.8556,310.70,277.84,-721.12,681.72,992.35,440.53,182.37,-1010.28,520.06,1136.27,161.16,4.070,0,SACCADE,1.145,0.961,0.828,149.5,lissajous
736407.3066,49.8717,299.47,289.06,-695.81,694.54,983.13,427.45,188.94,-810.03,407.37,906.69,162.49,4.104,0,SACCADE,0.922,0.950,0.827,166.1,lissajous
736407.3240,49.8890,287.90,301.28,-668.28,706.24,972.31,409.43,198.50,-1041.13,552.35,1178.57,159.16,4.020,0,SACCADE,1.212,0.948,0.835,166.2,lissajous
736407.3402,49.9053,277.50,312.93,-639.85,716.16,960.36,398.37,210.51,-680.41,738.59,1004.22,158.42,4.001,0,SACCADE,1.046,1.000,0.834,149.6,lissajous
736407.3577,49.9228,266.83,325.58,-610.05,723.72,946.54,383.16,215.70,-869.28,296.38,918.42,160.03,4.042,0,SACCADE,0.970,0.857,0.831,149.6,lissajous
736407.3734,49.9385,257.72,337.04,-579.97,729.21,931.73,365.45,229.11,-1127.77,853.65,1414.42,152.50,3.852,0,SACCADE,1.518,0.969,0.830,166.2,lissajous
736407.3904,49.9555,248.38,349.49,-550.18,733.43,916.85,351.99,235.54,-792.71,378.89,878.60,154.02,3.890,0,SACCADE,0.958,0.886,0.832,166.2,lissajous
736407.4080,49.9731,239.26,362.44,-517.36,735.16,898.96,343.05,250.55,-507.44,851.94,991.61,152.62,3.855,0,SACCADE,1.103,0.997,0.832,149.6,lissajous
736407.4238,49.9889,231.60,374.05,-484.65,734.32,879.83,330.54,259.66,-790.92,576.51,978.73,151.25,3.820,0,SACCADE,1.112,0.937,0.831,149.5,lissajous
736407.4412,50.0063,223.76,386.76,-451.91,731.97,860.24,316.45,270.71,-812.31,636.48,1031.97,148.52,3.751,0,SACCADE,1.200,0.938,0.833,166.2,lissajous
736407.4572,50.0223,217.03,398.46,-418.68,728.26,840.03,306.15,283.74,-640.62,811.10,1033.57,145.27,3.669,0,SACCADE,1.230,0.989,0.835,166.2,lissajous
736407.4745,50.0396,210.38,410.93,-384.31,721.47,817.45,291.51,294.69,-846.86,633.15,1057.38,141.75,3.580,0,SACCADE,1.294,0.905,0.834,166.2,lissajous
736407.4913,50.0563,204.55,422.86,-348.82,712.62,793.41,288.03,305.08,-208.06,620.80,654.74,144.36,3.646,0,SACCADE,0.825,0.991,0.833,166.2,lissajous
736407.5077,50.0728,199.38,434.43,-314.20,703.02,770.03,271.32,325.28,-1014.93,1227.57,1592.80,130.73,3.302,0,SACCADE,2.068,0.964,0.832,166.2,lissajous
736407.5242,50.0893,194.78,445.81,-278.90,690.47,744.68,265.46,333.50,-355.37,498.71,612.37,132.70,3.352,0,SMOOTH_PURSUIT,0.822,0.972,0.831,166.2,lissajous
736407.5413,50.1064,190.62,457.38,-242.73,676.20,718.45,255.48,342.54,-583.05,528.05,786.63,131.89,3.331,0,SACCADE,1.095,0.882,0.830,166.2,lissajous
736407.5582,50.1232,187.16,468.50,-205.90,660.03,691.40,248.50,359.91,-415.00,1031.89,1112.21,124.71,3.150,0,SACCADE,1.609,0.997,0.830,166.2,lissajous
736407.5744,50.1395,184.40,478.93,-169.72,642.48,664.52,235.49,375.82,-801.06,979.38,1265.26,115.07,2.907,0,SACCADE,1.904,0.910,0.828,166.2,lissajous
736407.5915,50.1566,182.13,489.57,-132.99,622.89,636.93,232.52,382.71,-173.29,403.07,438.74,118.15,2.985,0,SMOOTH_PURSUIT,0.689,0.981,0.827,166.2,lissajous
736407.6086,50.1737,180.50,499.84,-95.12,600.83,608.31,217.82,395.00,-860.99,719.48,1122.04,111.28,2.811,0,SACCADE,1.845,0.753,0.825,166.3,lissajous
736407.6256,50.1907,179.53,509.68,-57.28,577.97,580.81,212.69,403.78,-301.05,515.82,597.25,110.97,2.803,0,SMOOTH_PURSUIT,1.028,0.909,0.823,166.3,lissajous
736407.6422,50.2073,179.20,518.84,-19.76,552.04,552.40,207.11,414.29,-335.85,632.75,716.36,108.22,2.734,0,SACCADE,1.297,0.899,0.822,166.3,lissajous
736407.6581,50.2231,179.46,527.21,16.38,527.52,527.77,205.42,425.88,-106.95,731.69,739.46,104.60,2.642,0,SACCADE,1.401,0.985,0.818,149.6,lissajous
736407.6741,50.2392,180.30,535.27,52.01,501.28,503.97,198.18,441.21,-450.13,952.71,1053.69,95.74,2.419,0,SACCADE,2.091,0.855,0.810,149.6,lissajous
736407.6906,50.2557,181.74,543.03,87.96,471.93,480.05,191.94,447.54,-379.56,384.95,540.60,96.03,2.426,0,SMOOTH_PURSUIT,1.126,0.571,0.802,166.2,lissajous
736407.7082,50.2732,183.95,550.80,125.72,441.80,459.34,191.30,461.84,-36.35,812.54,813.35,89.27,2.255,0,SACCADE,1.771,0.949,0.796,149.7,lissajous
736407.7242,50.2893,186.57,557.40,162.94,410.39,441.56,187.67,474.99,-225.91,818.20,848.81,82.42,2.082,0,SACCADE,1.922,0.798,0.785,133.0,lissajous
736407.7413,50.3064,189.97,563.83,199.12,377.87,427.13,183.80,484.37,-226.98,550.52,595.47,79.71,2.014,0,SMOOTH_PURSUIT,1.394,0.640,0.777,133.0,lissajous
736407.7583,50.3234,193.99,569.69,236.27,343.77,417.13,185.76,495.09,115.00,629.73,640.14,75.05,1.896,0,SMOOTH_PURSUIT,1.535,0.912,0.764,116.5,lissajous
736407.7752,50.3403,198.60,574.90,272.79,308.63,411.91,185.57,504.31,-11.57,546.05,546.17,71.78,1.813,0,SMOOTH_PURSUIT,1.326,0.735,0.756,149.8,lissajous
736407.7911,50.3562,203.50,579.26,307.93,273.97,412.16,181.53,514.94,-253.67,667.49,714.07,67.97,1.717,0,SACCADE,1.732,0.356,0.748,133.1,lissajous
736407.8081,50.3731,209.30,583.30,342.57,238.35,417.33,181.60,524.11,4.41,541.05,541.07,65.35,1.651,0,SMOOTH_PURSUIT,1.296,0.578,0.739,116.5,lissajous
736407.8239,50.3890,215.26,586.50,376.67,202.22,427.52,181.66,526.75,3.64,167.21,167.25,68.55,1.732,0,SMOOTH_PURSUIT,0.391,0.492,0.732,99.8,lissajous
736407.8400,50.4051,221.86,589.19,409.41,166.50,441.97,183.77,536.07,130.70,578.09,592.68,65.36,1.651,0,SMOOTH_PURSUIT,1.341,0.572,0.719,83.1,lissajous
736407.8571,50.4221,229.42,591.39,443.05,129.02,461.46,184.44,543.90,39.39,458.97,460.65,65.41,1.652,0,SMOOTH_PURSUIT,0.998,0.361,0.713,116.4,lissajous
736407.8730,50.4381,237.03,592.84,475.82,91.29,484.49,183.89,554.08,-34.42,637.02,637.95,65.77,1.662,0,DRIFT,1.317,0.135,0.706,99.7,lissajous
736407.8903,50.4553,245.77,593.76,508.11,53.16,510.88,189.18,563.99,307.53,576.09,653.03,63.94,1.615,0,SACCADE,1.278,0.560,0.699,99.8,lissajous
736407.9075,50.4726,255.10,593.99,541.02,13.42,541.19,191.74,566.83,148.17,164.14,221.13,68.94,1.742,0,SMOOTH_PURSUIT,0.409,0.688,0.698,116.4,lissajous
736407.9245,50.4896,264.86,593.55,572.88,-26.16,573.48,195.58,570.82,225.63,234.36,325.32,72.91,1.842,0,SMOOTH_PURSUIT,0.567,0.660,0.696,99.8,lissajous
736407.9418,50.5069,275.30,592.41,604.09,-65.71,607.66,196.42,575.10,48.66,247.63,252.37,80.76,2.040,0,DRIFT,0.415,0.086,0.702,99.8,lissajous
736407.9587,50.5238,286.01,590.64,634.00,-104.87,642.61,202.17,579.24,340.49,245.47,419.75,84.61,2.138,0,SMOOTH_PURSUIT,0.653,0.705,0.703,99.8,lissajous
736407.9756,50.5407,297.21,588.22,663.09,-143.33,678.40,212.89,588.74,635.08,562.11,848.11,84.31,2.130,0,SACCADE,1.250,0.592,0.693,133.1,lissajous
736407.9923,50.5573,308.72,585.20,690.48,-180.99,713.81,215.18,585.28,137.00,-207.24,248.43,93.54,2.363,0,SMOOTH_PURSUIT,0.348,0.745,0.704,149.7,lissajous
736408.0100,50.5750,321.43,581.32,718.54,-219.31,751.26,226.01,589.09,612.54,215.21,649.25,95.73,2.418,0,SMOOTH_PURSUIT,0.864,0.806,0.717,133.2,lissajous
736408.0263,50.5914,333.60,577.13,744.71,-256.48,787.64,229.06,592.00,186.23,178.04,257.64,105.59,2.667,0,SMOOTH_PURSUIT,0.327,0.458,0.720,133.1,lissajous
736408.0439,50.6089,347.11,571.99,769.79,-292.78,823.59,238.96,590.90,564.01,-62.45,567.46,109.80,2.774,0,SMOOTH_PURSUIT,0.689,0.968,0.728,149.8,lissajous
736408.0604,50.6255,360.24,566.56,793.74,-328.37,858.98,252.19,589.21,799.94,-102.38,806.47,110.40,2.789,0,SACCADE,0.939,0.965,0.737,149.8,lissajous
736408.0779,50.6430,374.57,560.19,816.70,-363.04,893.75,258.49,589.22,359.40,0.90,359.40,119.65,3.022,0,SMOOTH_PURSUIT,0.402,0.913,0.755,166.5,lissajous
736408.0938,50.6589,387.88,553.90,838.65,-396.29,927.57,272.94,590.38,910.04,72.78,912.95,120.59,3.046,0,SACCADE,0.984,0.867,0.761,149.9,lissajous
736408.1105,50.6755,402.17,546.78,858.09,-427.22,958.56,278.26,586.46,319.87,-235.47,397.20,130.10,3.286,0,SMOOTH_PURSUIT,0.414,0.985,0.764,166.5,lissajous
736408.1276,50.6926,417.17,538.95,877.53,-458.33,990.01,293.29,590.28,879.01,223.42,906.96,134.09,3.387,0,SACCADE,0.916,0.745,0.766,166.5,lissajous
736408.1448,50.7099,432.60,530.53,896.10,-488.67,1020.69,303.82,586.74,611.32,-205.19,644.84,140.52,3.549,0,SMOOTH_PURSUIT,0.632,0.985,0.768,166.6,lissajous
736408.1613,50.7264,447.69,521.99,912.91,-517.01,1049.15,313.26,583.15,571.11,-217.23,611.03,147.69,3.730,0,SMOOTH_PURSUIT,0.582,0.988,0.773,166.6,lissajous
736408.1779,50.7430,463.13,512.95,928.32,-543.50,1075.72,328.48,580.38,915.23,-166.50,930.25,150.59,3.803,0,SACCADE,0.865,0.939,0.774,166.6,lissajous
736408.1943,50.7594,478.57,503.64,943.05,-568.79,1101.30,343.57,578.57,921.57,-110.71,928.20,154.41,3.900,0,SACCADE,0.843,0.912,0.771,166.6,lissajous
736408.2116,50.7767,495.10,493.39,955.09,-591.96,1123.67,358.01,573.76,834.45,-278.21,879.60,158.91,4.013,0,SACCADE,0.783,0.973,0.766,149.9,lissajous
736408.2280,50.7931,510.94,483.33,967.42,-614.46,1146.06,368.71,567.42,653.48,-386.91,759.43,165.23,4.173,0,SACCADE,0.663,1.000,0.763,166.6,lissajous
736408.2445,50.8096,527.06,472.87,977.69,-634.46,1165.51,380.40,560.04,709.27,-447.62,838.71,170.61,4.308,0,SACCADE,0.720,1.000,0.757,166.6,lissajous
736408.2613,50.8264,543.66,461.88,986.95,-653.11,1183.48,395.72,547.19,910.58,-763.99,1188.63,170.77,4.313,0,SACCADE,1.004,0.994,0.758,166.6,lissajous
736408.2776,50.8427,559.91,450.95,994.88,-669.93,1199.41,411.33,539.21,955.75,-488.70,1073.45,172.82,4.364,0,SACCADE,0.895,0.993,0.753,149.9,lissajous
736408.2947,50.8598,577.02,439.24,1000.55,-684.37,1212.21,424.49,536.89,769.39,-135.46,781.22,181.11,4.574,0,SACCADE,0.644,0.911,0.742,150.0,lissajous
736408.3113,50.8764,593.70,427.67,1006.77,-698.30,1225.24,444.29,529.20,1194.72,-464.21,1281.74,180.65,4.562,0,SACCADE,1.046,0.972,0.740,150.0,lissajous
736408.3282,50.8933,610.79,415.67,1009.68,-708.90,1233.69,460.99,517.21,987.19,-708.78,1215.28,180.97,4.570,0,SACCADE,0.985,1.000,0.737,133.3,lissajous
736408.3460,50.9110,628.75,402.92,1012.40,-718.59,1241.50,471.11,508.57,570.10,-486.49,749.46,189.77,4.792,0,SACCADE,0.604,0.996,0.732,150.1,lissajous
736408.3623,50.9274,645.29,391.08,1014.02,-726.33,1247.32,491.91,495.27,1275.56,-816.10,1514.29,185.42,4.682,0,SACCADE,1.214,0.999,0.733,133.4,lissajous
736408.3784,50.9435,661.65,379.28,1012.08,-730.22,1248.01,505.25,487.16,825.64,-501.73,966.14,189.99,4.798,0,SACCADE,0.774,0.997,0.722,133.4,lissajous
736408.3957,50.9608,679.13,366.58,1011.21,-734.01,1249.53,520.65,481.97,890.65,-300.03,939.83,196.03,4.950,0,SACCADE,0.752,0.954,0.711,116.7,lissajous
736408.4123,50.9773,695.79,354.44,1007.63,-734.85,1247.13,534.95,464.56,864.79,-1053.03,1362.61,194.93,4.922,0,SACCADE,1.093,0.968,0.703,100.0,lissajous
736408.4292,50.9943,712.82,341.98,1003.07,-733.89,1242.88,552.02,455.54,1005.20,-531.53,1137.08,196.86,4.971,0,SACCADE,0.915,0.989,0.694,133.4,lissajous
736408.4462,51.0113,729.76,329.56,997.91,-731.46,1237.28,565.74,446.66,808.04,-523.03,962.54,201.54,5.089,0,SACCADE,0.778,0.998,0.688,150.1,lissajous
736408.4636,51.0287,746.94,316.96,989.69,-725.74,1227.26,587.63,429.74,1261.82,-974.95,1594.59,195.18,4.928,0,SACCADE,1.299,1.000,0.695,133.5,lissajous
736408.4811,51.0462,764.13,304.37,981.24,-718.75,1216.32,599.03,418.37,650.71,-648.59,918.74,200.63,5.066,0,SACCADE,0.755,0.989,0.685,116.8,lissajous
736408.4972,51.0622,779.71,292.98,970.22,-708.87,1201.59,616.82,411.40,1107.41,-434.02,1189.43,201.39,5.085,0,SACCADE,0.990,0.967,0.677,100.1,lissajous
736408.5134,51.0785,795.30,281.64,960.35,-698.95,1187.78,633.99,394.06,1058.11,-1068.92,1504.06,196.61,4.964,0,SACCADE,1.266,0.987,0.682,116.8,lissajous
736408.5309,51.0960,811.91,269.62,947.22,-685.54,1169.27,649.50,382.80,884.41,-641.63,1092.64,197.96,4.998,0,SACCADE,0.934,1.000,0.690,133.5,lissajous
736408.5472,51.1123,827.09,258.71,933.37,-670.64,1149.32,661.89,369.36,761.47,-826.38,1123.72,198.84,5.021,0,SACCADE,0.978,0.979,0.699,150.3,lissajous
736408.5632,51.1283,841.83,248.21,918.57,-654.36,1127.81,686.06,356.93,1507.09,-774.64,1694.52,189.96,4.797,0,SACCADE,1.502,0.990,0.708,133.5,lissajous
736408.5800,51.1451,856.95,237.55,902.68,-636.34,1104.43,705.78,350.10,1177.62,-407.89,1246.26,188.46,4.759,0,SACCADE,1.128,0.961,0.712,116.8,lissajous
736408.5961,51.1611,871.18,227.65,885.51,-616.56,1079.01,717.59,341.52,734.36,-534.16,908.08,191.20,4.828,0,SACCADE,0.842,1.000,0.699,133.5,lissajous
736408.6120,51.1771,884.99,218.16,867.37,-595.49,1052.12,736.78,323.50,1205.43,-1131.45,1653.25,181.83,4.592,0,SACCADE,1.571,0.988,0.717,150.3,lissajous
736408.6285,51.1936,899.03,208.68,849.53,-573.70,1025.10,756.80,311.27,1211.22,-739.95,1419.35,175.37,4.429,0,SACCADE,1.385,0.999,0.724,133.5,lissajous
736408.6463,51.2114,913.76,198.93,825.46,-546.32,989.87,770.86,297.71,788.13,-760.18,1095.00,173.71,4.387,0,SACCADE,1.106,0.983,0.732,150.3,lissajous
736408.6638,51.2289,927.77,189.88,803.68,-519.33,956.87,790.25,288.92,1112.00,-503.94,1220.86,169.47,4.280,0,SACCADE,1.276,0.989,0.736,150.3,lissajous
736408.6802,51.2453,940.61,181.80,779.91,-490.77,921.47,806.93,276.52,1012.84,-753.26,1262.23,163.84,4.138,0,SACCADE,1.370,0.997,0.744,150.3,lissajous
736408.6973,51.2624,953.50,173.93,755.06,-460.99,884.66,821.32,262.37,843.64,-828.88,1182.70,159.03,4.016,0,SACCADE,1.337,0.974,0.749,150.3,lissajous
736408.7138,51.2789,965.56,166.82,730.15,-430.50,847.62,831.71,250.85,628.66,-697.33,938.87,158.04,3.991,0,SACCADE,1.108,0.954,0.760,167.0,lissajous
736408.7299,51.2950,976.86,160.41,704.33,-399.36,809.67,850.99,241.26,1201.85,-597.71,1342.27,149.60,3.778,0,SACCADE,1.658,0.999,0.767,166.8,lissajous
736408.7460,51.3111,987.84,154.46,681.05,-369.23,774.70,865.08,237.89,874.30,-209.24,898.99,148.42,3.749,0,SACCADE,1.160,0.966,0.772,166.8,lissajous
736408.7626,51.3277,998.62,148.92,647.67,-332.93,728.22,877.68,226.96,756.59,-656.60,1001.77,143.93,3.635,0,SACCADE,1.376,0.971,0.773,166.8,lissajous
736408.7792,51.3442,1008.89,143.96,621.81,-299.92,690.36,894.26,215.55,1003.21,-690.76,1218.02,135.15,3.414,0,SACCADE,1.764,0.988,0.777,166.8,lissajous
736408.7953,51.3603,1018.43,139.69,592.77,-265.18,649.38,906.40,206.77,754.54,-545.34,930.98,130.58,3.298,0,SACCADE,1.434,0.979,0.777,166.8,lissajous
736408.8127,51.3778,1028.26,135.70,562.41,-228.82,607.18,921.18,193.87,845.51,-738.27,1122.47,121.86,3.078,0,SACCADE,1.849,0.946,0.778,166.8,lissajous
736408.8294,51.3945,1037.08,132.52,529.89,-190.87,563.22,930.87,184.56,582.67,-559.32,807.68,118.27,2.988,0,SACCADE,1.434,0.913,0.772,166.8,lissajous
736408.8463,51.4114,1045.49,129.93,497.71,-153.25,520.77,950.87,184.67,1182.71,6.51,1182.73,109.32,2.762,0,SACCADE,2.271,0.954,0.770,166.8,lissajous
736408.8639,51.4290,1053.66,127.92,464.16,-114.16,477.99,958.07,171.87,409.20,-727.37,834.58,105.21,2.658,0,SACCADE,1.746,0.684,0.767,166.9,lissajous
736408.8809,51.4460,1060.98,126.65,429.11,-74.39,435.51,971.98,164.84,814.87,-412.23,913.21,96.85,2.447,0,SACCADE,2.097,0.956,0.757,150.2,lissajous
736408.8971,51.4621,1067.36,126.07,395.61,-36.23,397.27,977.03,155.70,313.64,-567.23,648.17,95.06,2.402,0,SMOOTH_PURSUIT,1.632,0.562,0.747,166.8,lissajous
736408.9133,51.4784,1073.26,126.09,362.06,1.17,362.06,993.49,155.11,1010.64,-36.26,1011.29,84.88,2.144,0,SACCADE,2.793,0.999,0.736,166.8,lissajous
736408.9301,51.4952,1078.75,126.75,327.53,39.34,329.89,1000.86,149.71,439.34,-321.49,544.41,81.20,2.051,0,SMOOTH_PURSUIT,1.650,0.731,0.725,150.1,lissajous
736408.9465,51.5116,1083.53,128.01,292.27,77.46,302.36,1015.65,144.51,904.38,-318.13,958.70,69.85,1.765,0,SACCADE,3.171,0.827,0.710,150.1,lissajous
736408.9625,51.5276,1087.66,129.85,257.46,114.51,281.77,1025.49,136.22,612.67,-516.67,801.44,62.50,1.579,0,SACCADE,2.844,0.437,0.697,166.7,lissajous
736408.9796,51.5447,1091.45,132.45,221.68,152.15,268.87,1034.85,134.61,548.16,-94.01,556.16,56.64,1.431,0,SMOOTH_PURSUIT,2.069,0.717,0.693,166.8,lissajous
736408.9954,51.5605,1094.38,135.44,185.80,189.04,265.06,1042.60,132.84,490.57,-112.05,503.20,51.85,1.310,0,SMOOTH_PURSUIT,1.898,0.525,0.691,150.0,lissajous
736409.0127,51.5778,1096.97,139.34,149.55,225.78,270.82,1048.25,131.63,327.20,-69.87,334.58,49.32,1.246,0,SMOOTH_PURSUIT,1.235,0.366,0.688,133.4,lissajous
736409.0298,51.5948,1098.87,143.83,111.52,263.10,285.76,1057.01,129.91,512.88,-100.72,522.68,44.12,1.115,0,DRIFT,1.829,0.206,0.682,116.7,lissajous
736409.0466,51.6117,1100.12,148.87,73.88,299.31,308.29,1059.11,127.86,124.92,-121.88,174.52,46.08,1.164,0,DRIFT,0.566,-0.506,0.686,100.0,lissajous
736409.0631,51.6282,1100.72,154.40,36.73,334.09,336.10,1068.96,129.10,595.39,74.77,600.07,40.61,1.026,1,DRIFT,1.785,0.232,0.681,116.7,lissajous
736409.0796,51.6447,1100.72,160.48,-0.11,369.93,369.93,1074.07,125.12,311.32,-241.75,394.16,44.27,1.119,0,DRIFT,1.065,-0.614,0.684,133.4,lissajous
736409.0970,51.6620,1100.07,167.41,-37.58,398.62,400.39,1081.82,128.46,445.28,191.88,484.86,43.01,1.087,0,DRIFT,1.211,0.308,0.690,133.4,lissajous
736409.1135,51.6786,1098.82,174.58,-75.41,432.85,439.37,1089.74,129.41,478.23,57.43,481.67,46.07,1.164,0,DRIFT,1.096,-0.053,0.698,133.4,lissajous
736409.1298,51.6949,1096.99,182.14,-111.96,463.36,476.70,1089.34,131.48,-24.55,126.79,129.15,51.23,1.294,0,SMOOTH_PURSUIT,0.271,0.999,0.715,133.3,lissajous
736409.1468,51.7118,1094.48,190.47,-148.66,492.39,514.34,1092.46,134.68,184.45,189.12,264.17,55.82,1.410,0,SMOOTH_PURSUIT,0.514,0.484,0.725,133.4,lissajous
736409.1631,51.7282,1091.45,198.98,-185.16,520.01,551.99,1095.76,136.58,201.22,116.28,232.40,62.54,1.580,0,DRIFT,0.421,0.181,0.744,133.4,lissajous
736409.1789,51.7439,1087.98,207.56,-220.27,545.73,588.51,1094.85,140.23,-57.69,231.90,238.97,67.68,1.710,0,SMOOTH_PURSUIT,0.406,0.990,0.757,133.3,lissajous
736409.1948,51.7599,1083.92,216.65,-254.61,569.60,623.91,1100.09,142.61,328.73,148.94,360.89,75.79,1.915,0,DRIFT,0.578,0.005,0.770,149.9,lissajous
736409.2113,51.7764,1079.16,226.41,-289.40,592.49,659.39,1100.05,145.61,-2.58,182.43,182.45,83.46,2.108,0,SMOOTH_PURSUIT,0.277,0.905,0.782,133.3,lissajous
736409.2284,51.7935,1073.58,236.95,-324.92,614.29,694.93,1099.45,154.12,-34.89,495.94,497.16,86.78,2.192,0,SMOOTH_PURSUIT,0.715,0.915,0.788,150.0,lissajous
736409.2457,51.8108,1067.35,247.91,-361.22,635.60,731.07,1101.20,160.96,101.57,396.75,409.55,93.30,2.357,0,SMOOTH_PURSUIT,0.560,0.720,0.795,150.0,lissajous
736409.2621,51.8271,1060.87,258.61,-395.76,653.90,764.34,1098.76,174.76,-148.99,842.44,855.51,92.02,2.325,0,SACCADE,1.119,0.933,0.795,150.0,lissajous
736409.2787,51.8438,1053.71,269.80,-429.51,670.62,796.38,1098.61,181.23,-9.26,388.07,388.19,99.30,2.509,0,SMOOTH_PURSUIT,0.487,0.855,0.800,150.0,lissajous
736409.2959,51.8609,1045.77,281.55,-463.71,686.21,828.19,1097.90,184.72,-41.46,203.62,207.79,109.98,2.778,0,SMOOTH_PURSUIT,0.251,0.924,0.809,166.7,lissajous
736409.3119,51.8770,1037.81,292.76,-495.58,698.08,856.10,1095.15,191.53,-171.42,424.21,457.54,116.35,2.939,0,SMOOTH_PURSUIT,0.534,0.973,0.815,166.7,lissajous
736409.3284,51.8935,1029.12,304.45,-527.17,709.28,883.74,1090.84,204.31,-261.50,775.46,818.37,117.63,2.971,0,SACCADE,0.926,0.951,0.815,166.7,lissajous
736409.3453,51.9104,1019.68,316.59,-558.53,718.37,909.96,1088.95,209.17,-111.68,287.42,308.36,127.82,3.229,0,SMOOTH_PURSUIT,0.339,0.958,0.823,166.8,lissajous
736409.3623,51.9273,1009.68,328.90,-589.63,725.65,935.00,1086.53,220.27,-142.43,654.82,670.14,133.06,3.361,0,SACCADE,0.717,0.892,0.825,166.8,lissajous
736409.3793,51.9444,999.10,341.37,-620.10,730.93,958.53,1080.63,233.55,-346.12,777.84,851.37,135.18,3.414,0,SACCADE,0.888,0.960,0.826,166.8,lissajous
736409.3959,51.9610,988.35,353.52,-649.21,733.94,979.87,1073.07,241.29,-456.54,467.54,653.47,140.62,3.552,0,SACCADE,0.667,0.999,0.827,166.8,lissajous
736409.4124,51.9775,977.19,365.64,-676.76,734.70,998.89,1066.33,246.88,-408.68,339.38,531.22,148.49,3.750,0,SMOOTH_PURSUIT,0.532,0.991,0.829,166.8,lissajous
736409.4305,51.9955,964.43,378.92,-705.63,734.43,1018.48,1060.11,266.11,-343.87,1063.22,1117.44,147.92,3.736,0,SACCADE,1.097,0.899,0.825,166.8,lissajous
736409.4471,52.0122,952.21,391.12,-732.25,730.54,1034.35,1052.62,275.35,-448.54,553.37,712.32,153.25,3.871,0,SACCADE,0.689,0.994,0.824,166.9,lissajous
736409.4629,52.0280,940.25,402.57,-756.95,725.76,1048.67,1045.83,289.06,-430.41,868.54,969.34,155.02,3.915,0,SACCADE,0.924,0.941,0.822,166.9,lissajous
736409.4789,52.0440,927.81,414.05,-780.06,719.16,1060.98,1034.93,297.24,-683.00,512.93,854.16,158.49,4.003,0,SACCADE,0.805,0.995,0.823,166.8,lissajous
736409.4947,52.0598,915.14,425.27,-802.35,710.88,1071.97,1025.08,309.36,-623.91,767.16,988.84,159.76,4.035,0,SACCADE,0.922,0.987,0.820,183.4,lissajous
736409.5110,52.0761,901.68,436.72,-823.93,700.68,1081.57,1016.34,319.69,-535.00,632.66,828.54,163.84,4.138,0,SACCADE,0.766,0.987,0.819,166.8,lissajous
736409.5281,52.0932,887.26,448.46,-844.31,687.38,1088.74,1005.94,333.14,-608.81,787.82,995.65,165.47,4.179,0,SACCADE,0.914,0.974,0.818,166.8,lissajous
736409.5445,52.1096,873.06,459.51,-865.09,673.38,1096.28,996.46,351.03,-577.44,1089.68,1233.22,164.30,4.149,0,SACCADE,1.125,0.912,0.815,166.8,lissajous
736409.5613,52.1264,858.20,470.56,-883.40,656.73,1100.77,984.24,358.57,-726.49,447.77,853.39,168.61,4.258,0,BLINK,0.775,0.996,0.812,166.8,lissajous
736409.5788,52.1439,842.43,481.72,-901.68,638.13,1104.65,967.77,371.44,-941.67,735.64,1194.95,166.95,4.216,0,BLINK,1.082,0.999,0.813,166.9,lissajous
736409.5953,52.1604,827.32,491.89,-918.11,617.63,1106.52,957.44,385.72,-627.63,868.08,1071.20,167.94,4.241,0,BLINK,0.968,0.938,0.817,166.9,lissajous
736409.6122,52.1773,811.53,501.97,-933.42,596.03,1107.48,949.23,399.48,-485.65,813.14,947.13,171.65,4.335,0,BLINK,0.855,0.894,0.815,166.9,lissajous
736409.6277,52.1928,796.82,510.87,-946.28,572.96,1106.22,930.51,404.92,-1204.52,350.27,1254.42,170.58,4.308,0,BLINK,1.134,0.966,0.816,166.8,lissajous
736409.6440,52.2091,781.18,519.84,-960.83,550.68,1107.45,920.53,414.10,-612.35,563.88,832.43,174.93,4.418,0,BLINK,0.752,0.975,0.812,166.8,lissajous
736409.6608,52.2258,764.98,528.58,-968.49,522.61,1100.50,904.14,432.73,-980.32,1113.30,1483.39,168.98,4.267,0,BLINK,1.348,0.938,0.813,166.8,lissajous
736409.6769,52.2419,749.19,536.58,-980.14,496.27,1098.62,895.18,439.15,-555.93,398.80,684.18,175.52,4.432,0,BLINK,0.623,0.988,0.808,166.8,lissajous
736409.6930,52.2581,733.26,544.12,-988.30,468.02,1093.51,878.42,452.40,-1039.61,822.25,1325.47,171.71,4.336,0,BLINK,1.212,0.974,0.810,166.8,lissajous
736409.7090,52.2741,717.26,551.17,-996.95,439.42,1089.49,868.45,464.89,-621.75,778.31,996.16,174.07,4.396,0,BLINK,0.914,0.886,0.809,150.1,lissajous
736409.7257,52.2907,700.61,557.95,-1001.07,407.74,1080.92,851.72,478.82,-1005.91,837.31,1308.79,170.57,4.308,0,SACCADE,1.211,0.953,0.812,166.7,lissajous
736409.7425,52.3076,683.63,564.28,-1006.28,375.17,1073.94,828.14,483.09,-1397.02,253.23,1419.78,165.76,4.186,0,SACCADE,1.322,0.984,0.814,166.8,lissajous
736409.7595,52.3246,666.45,570.09,-1010.92,341.41,1067.01,818.51,498.83,-566.39,926.04,1085.52,167.93,4.241,0,SACCADE,1.017,0.767,0.813,166.8,lissajous
736409.7765,52.3416,649.27,575.28,-1012.33,305.95,1057.55,800.20,506.75,-1079.27,467.18,1176.04,165.76,4.186,0,SACCADE,1.112,0.993,0.817,166.8,lissajous
736409.7931,52.3582,632.43,579.77,-1013.62,270.43,1049.07,786.77,512.31,-808.17,334.03,874.48,168.44,4.254,0,SACCADE,0.834,0.991,0.813,183.5,lissajous
736409.8098,52.3749,615.52,583.68,-1012.26,234.12,1038.98,772.36,522.95,-862.48,636.96,1072.19,168.19,4.248,0,SACCADE,1.032,0.918,0.819,166.8,lissajous
736409.8263,52.3914,598.86,586.94,-1010.87,197.63,1030.01,756.16,532.92,-982.95,605.43,1154.44,166.32,4.200,0,SACCADE,1.121,0.936,0.819,150.1,lissajous
736409.8433,52.4083,581.76,589.66,-1007.80,160.20,1020.45,739.72,539.24,-969.23,372.33,1038.28,165.81,4.187,0,SACCADE,1.017,0.978,0.822,166.8,lissajous
736409.8604,52.4254,564.63,591.73,-1002.19,121.50,1009.53,724.70,543.46,-878.77,247.15,912.86,167.19,4.222,0,SACCADE,0.904,0.988,0.819,166.9,lissajous
736409.8773,52.4423,547.79,593.13,-996.38,82.69,999.80,709.45,550.26,-902.32,402.38,987.97,167.25,4.224,0,SACCADE,0.988,0.944,0.830,166.9,lissajous
736409.8939,52.4590,531.32,593.87,-988.44,44.08,989.42,693.34,557.42,-967.01,429.40,1058.06,166.07,4.194,0,SACCADE,1.069,0.931,0.830,166.9,lissajous
736409.9106,52.4757,514.91,593.96,-980.89,5.57,980.91,675.47,566.15,-1068.17,522.05,1188.92,162.95,4.115,0,SACCADE,1.212,0.901,0.832,166.9,lissajous
736409.9267,52.4918,499.32,593.44,-969.61,-32.29,970.15,658.50,569.21,-1054.82,189.93,1071.79,161.02,4.067,0,SACCADE,1.105,0.978,0.832,166.9,lissajous
736409.9428,52.5078,483.92,592.33,-959.90,-69.35,962.40,640.01,577.33,-1153.10,506.23,1259.33,156.81,3.960,0,SACCADE,1.309,0.884,0.833,166.9,lissajous
736409.9589,52.5240,468.67,590.62,-946.96,-106.14,952.89,619.42,578.96,-1277.81,101.31,1281.82,151.21,3.819,0,SACCADE,1.345,0.982,0.838,166.9,lissajous
736409.9749,52.5400,453.70,588.33,-933.85,-142.73,944.69,610.42,577.98,-561.65,-61.08,564.96,157.06,3.967,0,SMOOTH_PURSUIT,0.598,0.999,0.834,166.8,lissajous
736409.9913,52.5564,438.64,585.39,-919.21,-179.23,936.52,589.10,588.29,-1300.83,629.15,1444.99,150.50,3.801,0,SACCADE,1.543,0.800,0.840,183.5,lissajous
736410.0077,52.5728,423.80,581.85,-905.37,-216.23,930.84,571.49,591.89,-1074.70,219.76,1096.93,148.03,3.739,0,SACCADE,1.178,0.906,0.845,166.8,lissajous
736410.0244,52.5895,409.02,577.65,-883.63,-251.30,918.67,554.74,588.50,-1001.60,-202.55,1021.88,146.12,3.691,0,SACCADE,1.112,0.997,0.846,166.8,lissajous
736410.0413,52.6064,394.37,572.78,-867.32,-288.04,913.90,540.17,592.56,-862.79,240.04,895.56,147.13,3.716,0,SACCADE,0.980,0.830,0.844,166.8,lissajous
736410.0576,52.6227,380.53,567.51,-847.85,-323.03,907.30,527.05,596.27,-803.64,227.29,835.16,149.31,3.771,0,SACCADE,0.920,0.802,0.844,166.8,lissajous
736410.0741,52.6392,366.88,561.62,-826.83,-356.49,900.41,509.08,593.84,-1087.93,-146.91,1097.81,145.81,3.683,0,SACCADE,1.219,0.963,0.845,166.8,lissajous
736410.0901,52.6552,353.99,555.40,-805.39,-388.86,894.35,490.53,590.05,-1159.49,-236.85,1183.44,140.87,3.558,0,SACCADE,1.323,0.969,0.845,166.8,lissajous
736410.1070,52.6720,340.83,548.33,-782.47,-420.36,888.24,483.19,588.47,-436.44,-93.86,446.41,147.91,3.736,0,SMOOTH_PURSUIT,0.503,0.961,0.836,166.7,lissajous
736410.1239,52.6890,327.94,540.65,-759.36,-452.54,883.98,462.39,592.90,-1225.53,260.83,1252.98,144.24,3.643,0,SACCADE,1.417,0.734,0.837,166.7,lissajous
736410.1402,52.7053,316.00,532.80,-732.34,-481.03,876.19,446.20,589.08,-993.02,-233.74,1020.16,141.84,3.583,0,SACCADE,1.164,0.939,0.835,166.7,lissajous
736410.1573,52.7223,303.96,524.12,-706.69,-509.70,871.32,431.10,585.52,-886.22,-209.50,910.65,141.19,3.566,0,SACCADE,1.045,0.924,0.835,166.7,lissajous
736410.1745,52.7396,292.25,514.85,-679.51,-537.94,866.67,418.09,581.20,-754.69,-250.40,795.15,142.26,3.593,0,SACCADE,0.917,0.940,0.836,166.7,lissajous
736410.1908,52.7559,281.62,505.65,-650.98,-563.37,860.91,400.61,579.60,-1070.76,-98.08,1075.24,140.10,3.538,0,SACCADE,1.249,0.813,0.834,150.0,lissajous
736410.2075,52.7726,271.23,495.85,-622.44,-587.15,855.67,390.17,575.35,-625.52,-254.33,675.24,143.06,3.613,0,SACCADE,0.789,0.932,0.834,166.7,lissajous
736410.2239,52.7890,261.49,485.84,-592.99,-609.43,850.31,373.30,568.76,-1026.89,-401.29,1102.51,139.20,3.516,0,SACCADE,1.297,0.910,0.833,166.6,lissajous
736410.2400,52.8051,252.43,475.72,-563.06,-629.45,844.54,364.33,559.46,-557.61,-578.23,803.29,139.76,3.530,0,SACCADE,0.951,0.999,0.833,166.6,lissajous
736410.2562,52.8213,243.82,465.24,-532.63,-647.61,838.50,351.75,551.02,-777.98,-521.49,936.59,137.87,3.482,0,SACCADE,1.117,0.958,0.833,166.5,lissajous
736410.2733,52.8384,235.23,453.84,-501.21,-665.50,833.13,335.08,546.53,-972.76,-262.09,1007.45,136.24,3.441,0,SACCADE,1.209,0.789,0.835,166.6,lissajous
736410.2903,52.8553,227.32,442.32,-467.55,-680.82,825.91,324.21,539.81,-642.80,-397.71,755.89,137.44,3.472,0,SACCADE,0.915,0.915,0.834,166.7,lissajous
736410.3076,52.8727,219.79,430.25,-433.32,-694.69,818.75,306.55,528.87,-1016.31,-629.54,1195.50,131.35,3.318,0,SACCADE,1.460,0.897,0.837,166.7,lissajous
736410.3249,52.8900,212.90,418.02,-398.23,-706.95,811.40,303.72,519.75,-163.77,-526.56,551.44,136.37,3.445,0,SMOOTH_PURSUIT,0.680,0.978,0.829,183.4,lissajous
736410.3410,52.9061,207.06,406.51,-363.85,-716.67,803.75,289.14,510.71,-908.01,-563.24,1068.51,132.65,3.350,0,SACCADE,1.329,0.855,0.830,166.7,lissajous
736410.3567,52.9217,201.88,395.18,-330.38,-723.40,795.27,274.81,500.55,-914.67,-648.66,1121.33,128.15,3.237,0,SACCADE,1.410,0.865,0.829,166.6,lissajous
736410.3732,52.9383,196.97,383.09,-296.70,-730.08,788.07,263.76,492.94,-667.11,-459.10,809.82,128.57,3.248,0,SACCADE,1.028,0.835,0.836,166.7,lissajous
736410.3906,52.9557,192.45,370.34,-259.75,-732.45,777.14,255.08,482.23,-498.86,-615.50,792.28,128.23,3.239,0,SACCADE,1.019,0.943,0.834,183.3,lissajous
736410.4077,52.9728,188.65,357.80,-222.80,-735.16,768.18,250.59,473.08,-263.20,-536.85,597.90,130.86,3.305,0,SMOOTH_PURSUIT,0.778,0.987,0.831,183.3,lissajous
736410.4241,52.9892,185.59,345.71,-186.16,-734.61,757.83,241.35,455.44,-561.40,-1071.75,1209.88,123.09,3.109,0,SACCADE,1.596,0.973,0.831,166.6,lissajous
736410.4396,53.0047,183.25,334.37,-151.07,-732.39,747.81,228.02,450.57,-860.65,-314.58,916.34,124.53,3.146,0,SACCADE,1.225,0.526,0.830,166.6,lissajous
736410.4562,53.0213,181.33,322.31,-115.69,-728.37,737.50,223.95,436.98,-246.12,-821.12,857.21,122.33,3.090,0,SACCADE,1.162,0.991,0.831,166.6,lissajous
736410.4717,53.0368,180.09,311.08,-80.06,-722.22,726.65,219.19,426.37,-305.52,-682.13,747.42,121.74,3.075,0,SACCADE,1.029,0.952,0.831,166.5,lissajous
736410.4877,53.0528,179.37,299.64,-45.00,-714.96,716.38,213.47,411.44,-358.13,-933.66,999.99,116.88,2.952,0,SACCADE,1.396,0.954,0.830,166.5,lissajous
736410.5044,53.0695,179.22,287.89,-8.60,-704.90,704.95,207.12,402.51,-380.54,-535.39,656.85,117.97,2.980,0,SACCADE,0.932,0.822,0.842,166.5,lissajous
736410.5208,53.0858,179.68,276.56,28.16,-692.81,693.38,199.64,387.54,-457.40,-915.75,1023.63,112.76,2.848,0,SACCADE,1.476,0.876,0.840,166.5,lissajous
736410.5371,53.1021,180.74,265.47,64.55,-680.16,683.22,203.30,379.31,224.27,-504.84,552.41,116.05,2.931,0,SMOOTH_PURSUIT,0.809,0.948,0.838,166.4,lissajous
736410.5537,53.1188,182.42,254.42,101.08,-664.30,671.95,195.23,367.62,-485.48,-702.38,853.84,113.92,2.878,0,SACCADE,1.271,0.728,0.839,166.4,lissajous
736410.5705,53.1355,184.73,243.57,138.07,-647.05,661.61,192.69,352.89,-151.37,-878.35,891.30,109.61,2.769,0,SACCADE,1.347,0.928,0.840,166.4,lissajous
736410.5875,53.1526,187.72,232.88,175.20,-627.31,651.31,186.37,342.16,-370.68,-629.24,730.31,109.29,2.761,0,SACCADE,1.121,0.693,0.841,166.4,lissajous
736410.6041,53.1692,191.25,222.79,212.19,-606.74,642.78,180.96,330.34,-325.43,-710.68,781.65,108.05,2.729,0,SACCADE,1.216,0.721,0.839,166.4,lissajous
736410.6211,53.1862,195.47,212.87,248.59,-583.69,634.42,179.85,314.82,-65.30,-913.35,915.68,103.14,2.606,0,SACCADE,1.443,0.890,0.838,166.4,lissajous
736410.6375,53.2026,200.14,203.68,284.51,-559.48,627.67,181.22,305.72,83.62,-554.38,560.65,103.78,2.622,0,SMOOTH_PURSUIT,0.893,0.949,0.834,166.4,lissajous
736410.6548,53.2198,205.66,194.50,320.24,-533.47,622.20,180.53,294.76,-40.20,-636.92,638.19,103.36,2.611,0,SMOOTH_PURSUIT,1.026,0.823,0.830,149.8,lissajous
736410.6717,53.2368,211.69,185.94,356.64,-506.36,619.35,179.96,279.48,-33.44,-903.66,904.27,98.77,2.495,0,SACCADE,1.460,0.796,0.820,166.5,lissajous
736410.6882,53.2532,218.12,178.08,390.12,-476.22,615.61,182.40,268.63,148.12,-657.45,673.93,97.34,2.459,0,SACCADE,1.095,0.894,0.816,149.9,lissajous
736410.7045,53.2696,225.04,170.79,424.02,-447.41,616.41,181.70,261.88,-43.11,-413.90,416.14,100.88,2.548,0,SMOOTH_PURSUIT,0.675,0.651,0.814,166.5,lissajous
736410.7213,53.2864,232.75,163.76,457.65,-416.77,618.98,184.59,248.85,171.10,-772.65,791.37,97.78,2.470,0,SACCADE,1.278,0.817,0.813,166.5,lissajous
736410.7383,53.3034,241.09,157.24,490.51,-383.57,622.67,186.40,247.59,106.39,-74.12,129.67,105.62,2.668,0,SMOOTH_PURSUIT,0.208,0.998,0.807,149.9,lissajous
736410.7552,53.3203,249.91,151.34,523.57,-350.04,629.81,189.62,228.99,191.56,-1104.88,1121.37,98.31,2.483,0,SACCADE,1.780,0.690,0.792,133.2,lissajous
736410.7711,53.3362,258.74,146.30,554.38,-316.23,638.23,189.71,222.98,5.89,-377.25,377.29,103.17,2.606,0,SMOOTH_PURSUIT,0.591,0.509,0.783,133.2,lissajous
736410.7877,53.3527,268.41,141.64,584.03,-281.83,648.47,193.94,208.86,255.15,-853.45,890.77,100.32,2.534,0,SACCADE,1.374,0.674,0.772,133.2,lissajous
736410.8041,53.3692,278.53,137.58,614.22,-246.47,661.82,195.83,199.29,114.62,-580.24,591.45,103.19,2.607,0,SMOOTH_PURSUIT,0.894,0.545,0.775,166.4,lissajous
736410.8206,53.3856,289.08,134.13,642.62,-210.23,676.13,203.13,191.35,445.09,-484.24,657.72,103.25,2.608,0,SACCADE,0.973,0.872,0.781,149.8,lissajous
736410.8372,53.4023,300.22,131.24,670.74,-173.46,692.81,208.19,185.02,304.71,-380.75,487.67,106.59,2.693,0,SMOOTH_PURSUIT,0.704,0.800,0.776,166.5,lissajous
736410.8529,53.4180,311.19,129.09,697.26,-136.95,710.59,217.50,174.21,591.94,-687.59,907.29,103.98,2.627,0,SACCADE,1.277,0.786,0.774,149.8,lissajous
736410.8689,53.4340,322.75,127.48,722.42,-100.80,729.42,229.56,170.09,753.70,-257.14,796.36,102.47,2.588,0,SACCADE,1.092,0.982,0.766,133.1,lissajous
736410.8854,53.4505,335.10,126.43,747.53,-63.50,750.22,234.09,160.64,274.12,-572.14,634.42,106.64,2.694,0,SMOOTH_PURSUIT,0.846,0.507,0.769,166.4,lissajous
736410.9028,53.4679,348.52,126.00,773.00,-24.44,773.39,246.40,155.28,708.68,-308.33,772.85,106.24,2.684,0,SACCADE,0.999,0.929,0.774,149.8,lissajous
736410.9189,53.4840,361.32,126.23,795.54,14.19,795.66,250.93,153.33,281.78,-121.44,306.83,113.67,2.871,0,SMOOTH_PURSUIT,0.386,0.911,0.781,166.4,lissajous
736410.9346,53.4997,374.19,127.03,817.59,50.90,819.18,259.19,144.91,525.01,-534.72,749.37,116.38,2.940,0,SACCADE,0.915,0.655,0.786,149.6,lissajous
736410.9509,53.5160,387.81,128.46,837.39,87.60,841.96,269.00,138.87,602.87,-371.50,708.15,119.26,3.013,0,SACCADE,0.841,0.792,0.791,166.2,lissajous
736410.9678,53.5329,402.32,130.58,858.42,125.58,867.55,278.30,138.84,550.03,-1.90,550.03,124.30,3.140,0,SMOOTH_PURSUIT,0.634,0.989,0.792,166.2,lissajous
736410.9851,53.5502,417.54,133.43,878.16,164.36,893.41,293.73,136.97,890.10,-107.98,896.63,123.87,3.129,0,SACCADE,1.004,0.954,0.797,166.3,lissajous
736411.0010,53.5661,431.76,136.63,895.31,201.34,917.67,303.66,135.86,625.14,-69.37,628.97,128.11,3.236,0,SMOOTH_PURSUIT,0.685,0.945,0.800,166.2,lissajous
736411.0168,53.5819,446.20,140.37,912.28,236.52,942.45,317.03,128.83,845.24,-444.56,955.02,129.68,3.276,0,SACCADE,1.013,0.740,0.807,166.1,lissajous
736411.0329,53.5980,461.13,144.74,926.89,271.04,965.71,328.57,126.68,716.78,-133.74,729.15,133.78,3.379,0,SACCADE,0.755,0.892,0.809,166.1,lissajous
736411.0498,53.6148,476.95,149.88,940.43,305.78,988.89,344.67,128.00,956.84,78.89,960.08,134.07,3.386,0,SACCADE,0.971,0.973,0.808,166.1,lissajous
736411.0664,53.6315,492.88,155.57,954.18,340.70,1013.18,354.80,124.78,606.40,-193.07,636.40,141.47,3.573,0,SMOOTH_PURSUIT,0.628,0.795,0.813,166.0,lissajous
736411.0827,53.6478,508.56,161.64,965.74,373.85,1035.57,369.02,126.58,876.17,110.63,883.12,143.87,3.634,0,SACCADE,0.853,0.970,0.811,166.0,lissajous
736411.0997,53.6648,525.16,168.55,976.65,406.51,1057.87,380.32,130.40,664.91,224.61,701.82,149.77,3.783,0,SACCADE,0.663,0.998,0.815,182.7,lissajous
736411.1169,53.6819,542.11,176.09,986.46,438.95,1079.72,399.74,130.97,1129.87,33.23,1130.36,149.35,3.772,0,SACCADE,1.047,0.925,0.811,166.1,lissajous
736411.1331,53.6982,558.26,183.72,993.06,468.71,1098.11,405.08,130.20,328.15,-46.97,331.49,162.27,4.098,0,SMOOTH_PURSUIT,0.302,0.835,0.799,166.0,lissajous
736411.1490,53.7141,574.16,191.62,1000.74,497.32,1117.50,424.76,133.53,1239.14,209.22,1256.68,160.30,4.048,0,SACCADE,1.125,0.957,0.797,182.6,lissajous
736411.1660,53.7311,591.26,200.54,1005.59,524.45,1134.14,437.66,138.96,758.24,319.56,822.82,165.49,4.179,0,SACCADE,0.726,0.997,0.794,166.0,lissajous
736411.1817,53.7468,607.11,209.17,1008.64,549.76,1148.73,453.69,139.85,1020.42,56.72,1021.99,168.35,4.252,0,SACCADE,0.890,0.903,0.787,149.4,lissajous
736411.1986,53.7637,624.18,218.86,1012.24,574.54,1163.92,466.13,141.58,738.08,102.71,745.19,175.93,4.443,0,SACCADE,0.640,0.929,0.780,182.5,lissajous
736411.2158,53.7808,641.57,229.12,1013.10,597.98,1176.42,483.80,148.31,1029.44,391.86,1101.50,177.26,4.476,0,SACCADE,0.936,0.986,0.778,166.0,lissajous
736411.2331,53.7982,659.16,239.90,1012.92,620.24,1187.73,498.22,153.76,830.06,313.74,887.37,182.54,4.610,0,SACCADE,0.747,0.982,0.770,149.4,lissajous
736411.2488,53.8139,675.00,249.92,1011.51,639.91,1196.93,515.38,163.05,1096.02,593.24,1246.28,181.72,4.589,0,SACCADE,1.041,0.998,0.766,182.6,lissajous
736411.2653,53.8304,691.66,260.77,1009.13,657.59,1204.48,532.38,171.93,1029.79,538.31,1162.00,182.38,4.605,0,SACCADE,0.965,0.995,0.765,166.0,lissajous
736411.2819,53.8469,708.29,271.92,1004.30,673.32,1209.12,551.87,178.76,1176.87,411.95,1246.88,182.06,4.597,0,SACCADE,1.031,0.968,0.762,149.4,lissajous
736411.2989,53.8639,725.29,283.63,999.41,688.34,1213.52,566.96,184.32,887.19,327.41,945.68,186.89,4.719,0,SACCADE,0.779,0.969,0.754,166.0,lissajous
736411.3146,53.8797,740.87,294.63,991.85,700.12,1214.06,581.44,194.21,921.70,629.29,1116.03,188.42,4.758,0,SACCADE,0.919,1.000,0.753,149.3,lissajous
736411.3318,53.8968,757.80,306.86,985.14,711.64,1215.29,597.23,203.36,918.55,532.54,1061.76,191.04,4.824,0,SACCADE,0.874,0.995,0.749,149.3,lissajous
736411.3475,53.9126,773.18,318.21,975.29,719.99,1212.26,618.58,217.17,1353.85,875.29,1612.15,184.70,4.664,0,SACCADE,1.330,0.998,0.751,132.7,lissajous
736411.3651,53.9301,790.07,330.94,964.05,726.43,1207.10,635.02,227.05,939.04,564.46,1095.63,186.63,4.713,0,SACCADE,0.908,0.995,0.745,149.3,lissajous
736411.3810,53.9460,805.21,342.57,951.70,731.08,1200.09,652.08,232.53,1071.67,344.19,1125.58,188.57,4.762,0,SACCADE,0.938,0.941,0.744,149.3,lissajous
736411.3968,53.9619,820.08,354.19,939.43,734.12,1192.25,670.51,241.30,1164.83,554.43,1290.05,187.38,4.732,0,SACCADE,1.082,0.976,0.745,132.6,lissajous
736411.4127,53.9778,834.79,365.87,925.55,734.97,1181.88,681.25,258.45,675.38,1078.48,1272.50,187.39,4.732,0,SACCADE,1.077,0.943,0.738,116.0,lissajous
736411.4291,53.9941,849.70,377.90,910.85,734.43,1170.05,699.24,268.41,1098.57,608.32,1255.75,186.09,4.699,0,SACCADE,1.073,0.985,0.742,116.0,lissajous
736411.4465,54.0116,865.31,390.67,893.12,730.96,1154.10,717.75,280.46,1059.03,689.82,1263.89,184.18,4.651,0,SACCADE,1.095,0.994,0.748,132.6,lissajous
736411.4635,54.0286,880.16,403.00,874.53,725.90,1136.54,729.13,288.18,670.24,454.59,809.86,189.72,4.791,0,SACCADE,0.713,0.995,0.744,132.6,lissajous
736411.4804,54.0455,894.58,415.12,855.19,718.99,1117.27,751.84,298.09,1347.01,587.59,1469.59,184.59,4.661,0,SACCADE,1.315,0.959,0.738,116.0,lissajous
736411.4971,54.0622,908.57,427.02,835.08,710.35,1096.34,764.07,308.66,730.16,630.95,965.00,186.79,4.717,0,SACCADE,0.880,1.000,0.731,149.2,lissajous
736411.5128,54.0778,921.25,437.92,811.68,697.63,1070.29,777.04,323.68,830.11,961.41,1270.19,183.98,4.646,0,SACCADE,1.187,0.989,0.739,149.1,lissajous
736411.5296,54.0946,934.55,449.46,791.15,686.45,1047.44,792.39,334.84,913.42,663.82,1129.16,182.61,4.611,0,SACCADE,1.078,0.996,0.738,149.1,lissajous
736411.5459,54.1110,947.08,460.43,767.49,671.78,1019.96,807.15,343.62,903.91,537.64,1051.72,182.28,4.603,0,SACCADE,1.031,0.983,0.740,165.7,lissajous
736411.5615,54.1265,958.66,470.64,743.85,656.02,991.81,828.35,363.87,1362.34,1301.45,1884.07,168.46,4.254,0,SACCADE,1.900,0.999,0.756,149.1,lissajous
736411.5777,54.1427,970.32,480.99,719.01,638.35,961.49,846.35,372.24,1109.74,515.88,1223.78,164.91,4.165,0,SACCADE,1.273,0.958,0.761,165.6,lissajous
736411.5939,54.1590,981.57,491.04,693.77,619.58,930.15,860.87,377.55,895.45,327.91,953.60,165.67,4.184,0,SACCADE,1.025,0.929,0.762,165.6,lissajous
736411.6098,54.1749,992.20,500.57,666.85,598.47,896.03,869.25,394.62,525.71,1070.96,1193.03,162.30,4.099,0,SACCADE,1.331,0.928,0.777,149.1,lissajous
736411.6265,54.1915,1002.83,510.16,638.89,575.67,859.99,882.42,410.14,791.43,932.19,1222.84,156.53,3.953,0,SACCADE,1.422,0.991,0.787,165.6,lissajous
736411.6435,54.2086,1013.22,519.54,610.07,551.37,822.31,903.56,420.26,1241.96,594.39,1376.87,147.92,3.736,0,SACCADE,1.674,0.959,0.790,165.6,lissajous
736411.6602,54.2252,1022.87,528.28,579.06,524.30,781.15,915.42,433.90,711.22,818.69,1084.48,143.01,3.612,0,SACCADE,1.388,0.993,0.796,165.5,lissajous
736411.6757,54.2408,1031.41,536.02,549.72,498.01,741.76,927.97,442.01,807.60,521.75,961.48,139.78,3.531,0,SACCADE,1.296,0.987,0.799,165.5,lissajous
736411.6923,54.2573,1040.00,543.79,518.59,469.43,699.50,937.84,451.98,596.42,601.83,847.30,137.35,3.469,0,SACCADE,1.211,0.999,0.799,165.5,lissajous
736411.7093,54.2744,1048.28,551.27,486.56,439.38,655.59,948.55,462.74,628.53,632.34,891.57,133.36,3.369,0,SACCADE,1.360,0.999,0.798,165.5,lissajous
736411.7257,54.2907,1055.71,557.95,453.36,407.66,609.69,958.83,475.22,628.15,761.71,987.31,127.39,3.218,0,SACCADE,1.619,0.989,0.801,182.1,lissajous
736411.7428,54.3079,1062.91,564.39,420.09,375.29,563.31,971.66,487.11,748.24,693.43,1020.15,119.58,3.020,0,SACCADE,1.811,1.000,0.799,165.6,lissajous
736411.7595,54.3246,1069.34,570.07,385.29,341.00,514.52,981.20,495.00,572.10,473.27,742.48,115.77,2.924,0,SACCADE,1.443,0.999,0.793,182.1,lissajous
736411.7773,54.3424,1075.56,575.51,349.43,305.19,463.95,994.02,505.84,719.77,608.38,942.44,107.25,2.709,0,SACCADE,2.031,1.000,0.791,165.6,lissajous
736411.7942,54.3593,1080.86,580.05,312.81,268.24,412.07,1009.52,513.48,915.72,451.54,1021.00,97.57,2.465,0,SACCADE,2.478,0.969,0.785,165.7,lissajous
736411.8108,54.3759,1085.45,583.89,277.05,231.83,361.25,1016.90,520.55,444.99,426.10,616.10,93.34,2.358,0,SMOOTH_PURSUIT,1.705,0.998,0.775,149.1,lissajous
736411.8277,54.3928,1089.52,587.19,241.21,195.02,310.19,1024.05,529.06,422.96,504.41,658.27,87.55,2.212,0,SACCADE,2.122,0.981,0.762,149.1,lissajous
736411.8435,54.4086,1092.77,589.69,205.52,158.26,259.40,1037.00,537.55,819.80,537.18,980.12,76.34,1.929,0,SACCADE,3.778,0.997,0.747,149.0,lissajous
736411.8611,54.4261,1095.74,591.81,169.07,120.50,207.61,1044.62,545.55,433.33,455.30,628.55,68.94,1.742,0,SMOOTH_PURSUIT,3.028,0.982,0.729,132.5,lissajous
736411.8768,54.4418,1097.82,593.10,132.49,82.50,156.08,1052.73,555.45,517.28,630.88,815.83,58.74,1.484,0,SACCADE,5.227,0.947,0.709,149.0,lissajous
736411.8939,54.4589,1099.46,593.86,96.08,44.71,105.97,1055.58,560.11,166.63,272.50,319.41,55.36,1.399,0,SMOOTH_PURSUIT,3.014,0.833,0.694,132.5,lissajous
736411.9107,54.4758,1100.45,593.96,58.40,5.59,58.67,1067.59,569.15,714.48,537.44,894.05,41.17,1.040,1,SACCADE,15.240,0.853,0.669,115.9,lissajous
736411.9269,54.4920,1100.80,593.43,21.64,-32.55,39.09,1069.13,575.95,94.85,419.17,429.77,36.17,0.914,1,DRIFT,10.995,-0.690,0.654,132.5,lissajous
736411.9433,54.5084,1100.56,592.28,-14.74,-70.14,71.67,1077.21,574.71,492.05,-75.58,497.82,29.22,0.738,1,DRIFT,6.946,-0.055,0.643,115.9,lissajous
736411.9599,54.5250,1099.70,590.49,-51.56,-108.08,119.75,1079.86,582.56,159.39,473.67,499.77,21.37,0.540,1,DRIFT,4.173,-0.993,0.634,99.4,lissajous
736411.9764,54.5415,1098.25,588.09,-88.27,-145.60,170.27,1083.82,582.71,240.55,9.26,240.73,15.39,0.389,1,DRIFT,1.414,-0.551,0.638,115.9,lissajous
736411.9941,54.5592,1096.01,584.83,-126.15,-184.07,223.15,1093.02,583.87,519.33,65.41,523.44,3.14,0.079,1,DRIFT,2.346,-0.664,0.638,116.0,lissajous
736412.0101,54.5752,1093.39,581.28,-163.28,-221.41,275.11,1093.77,590.93,47.14,439.96,442.48,9.66,0.244,1,DRIFT,1.608,-0.863,0.647,99.4,lissajous
736412.0269,54.5920,1090.05,576.95,-199.36,-257.38,325.56,1092.82,590.75,-56.89,-10.72,57.89,14.07,0.355,1,SMOOTH_PURSUIT,0.178,0.748,0.663,82.8,lissajous
736412.0441,54.6092,1085.99,571.91,-236.29,-293.68,376.94,1096.01,594.81,185.89,236.59,300.88,25.00,0.632,1,DRIFT,0.798,-1.000,0.668,82.8,lissajous
736412.0606,54.6257,1081.50,566.50,-272.41,-328.68,426.90,1099.61,596.43,218.71,98.13,239.71,34.98,0.884,1,DRIFT,0.562,-0.897,0.672,82.8,lissajous
736412.0776,54.6427,1076.25,560.31,-308.37,-363.04,476.33,1100.87,591.78,73.62,-272.90,282.66,39.95,1.009,1,SMOOTH_PURSUIT,0.593,0.567,0.677,99.4,lissajous
736412.0941,54.6592,1070.58,553.78,-343.73,-396.18,524.51,1098.10,592.47,-167.98,42.01,173.15,47.48,1.200,0,SMOOTH_PURSUIT,0.330,0.453,0.687,99.4,lissajous
736412.1106,54.6757,1064.35,546.73,-378.11,-427.76,570.92,1098.35,587.58,15.43,-297.05,297.45,53.15,1.343,0,SMOOTH_PURSUIT,0.521,0.714,0.694,115.9,lissajous
736412.1278,54.6928,1057.26,538.85,-412.29,-458.37,616.51,1097.26,587.89,-63.76,18.22,66.31,63.27,1.599,0,SMOOTH_PURSUIT,0.108,0.439,0.721,132.5,lissajous
736412.1441,54.7092,1049.96,530.87,-446.51,-488.40,661.74,1095.10,587.52,-132.07,-22.37,133.95,72.43,1.830,0,SMOOTH_PURSUIT,0.202,0.789,0.736,132.5,lissajous
736412.1604,54.7254,1042.19,522.50,-478.49,-515.53,703.36,1093.45,584.64,-101.06,-177.44,204.20,80.56,2.035,0,SMOOTH_PURSUIT,0.290,0.974,0.746,132.5,lissajous
736412.1766,54.7417,1033.90,513.69,-510.29,-541.79,744.26,1092.06,580.70,-85.74,-242.49,257.20,88.73,2.242,0,SMOOTH_PURSUIT,0.346,0.915,0.765,149.1,lissajous
736412.1936,54.7587,1024.68,504.04,-542.31,-567.36,784.85,1088.51,579.08,-208.70,-95.27,229.41,98.52,2.489,0,SMOOTH_PURSUIT,0.292,0.929,0.775,149.1,lissajous
736412.2105,54.7756,1015.01,494.08,-573.32,-590.92,823.34,1085.64,577.00,-170.22,-123.52,210.31,108.93,2.752,0,SMOOTH_PURSUIT,0.255,0.985,0.793,165.7,lissajous
736412.2265,54.7916,1005.32,484.24,-603.42,-612.97,860.15,1084.21,570.72,-89.17,-391.26,401.30,117.05,2.957,0,SMOOTH_PURSUIT,0.467,0.851,0.803,165.6,lissajous
736412.2430,54.8081,994.89,473.80,-631.99,-632.73,894.30,1079.71,560.98,-272.43,-590.13,649.98,121.63,3.072,0,SMOOTH_PURSUIT,0.727,0.939,0.808,182.2,lissajous
736412.2599,54.8249,983.78,462.84,-660.47,-651.32,927.60,1071.44,550.36,-491.94,-631.03,800.13,123.87,3.129,0,SACCADE,0.863,0.992,0.810,165.6,lissajous
736412.2762,54.8413,972.53,451.91,-688.59,-668.69,959.84,1059.94,546.62,-703.57,-229.07,739.92,128.88,3.255,0,SACCADE,0.771,0.898,0.815,165.6,lissajous
736412.2923,54.8574,961.04,440.93,-714.07,-682.83,988.01,1055.46,537.96,-278.34,-538.43,606.12,135.39,3.420,0,SMOOTH_PURSUIT,0.613,0.946,0.826,182.1,lissajous
736412.3094,54.8744,948.40,429.03,-740.05,-696.28,1016.11,1048.14,527.60,-428.31,-606.21,742.25,140.23,3.542,0,SACCADE,0.730,0.980,0.830,182.2,lissajous
736412.3266,54.8917,935.20,416.83,-765.17,-707.53,1042.15,1040.24,516.81,-458.44,-625.86,775.80,145.01,3.663,0,SACCADE,0.744,0.982,0.829,182.2,lissajous
736412.3440,54.9091,921.46,404.35,-790.87,-718.14,1068.27,1029.21,504.69,-634.27,-697.60,942.84,147.24,3.719,0,SACCADE,0.883,0.995,0.833,182.2,lissajous
736412.3604,54.9255,908.10,392.44,-813.28,-725.01,1089.52,1018.19,502.69,-670.67,-121.71,681.62,155.81,3.935,0,SACCADE,0.626,0.853,0.831,165.6,lissajous
736412.3779,54.9430,893.52,379.69,-834.99,-730.20,1109.23,1007.76,493.38,-597.99,-533.31,801.26,161.16,4.070,0,SACCADE,0.722,1.000,0.829,182.2,lissajous
736412.3942,54.9593,879.51,367.68,-856.23,-733.94,1127.74,999.54,482.96,-502.32,-636.35,810.72,166.42,4.203,0,SACCADE,0.719,0.981,0.826,165.7,lissajous
736412.4120,54.9771,863.92,354.59,-875.93,-735.13,1143.53,990.74,466.48,-494.29,-925.94,1049.61,169.12,4.271,0,SACCADE,0.918,0.928,0.823,182.3,lissajous
736412.4280,54.9930,849.69,342.91,-894.06,-734.17,1156.87,980.33,460.34,-654.13,-385.55,759.30,175.66,4.436,0,SACCADE,0.656,0.988,0.821,182.2,lissajous
736412.4444,55.0095,834.73,330.90,-910.43,-731.42,1167.85,967.27,447.94,-795.07,-754.73,1096.25,176.82,4.465,0,SACCADE,0.939,0.997,0.817,165.6,lissajous
736412.4615,55.0266,818.88,318.46,-926.15,-726.53,1177.12,957.28,433.85,-583.49,-823.35,1009.14,180.19,4.550,0,SACCADE,0.857,0.959,0.814,182.2,lissajous
736412.4785,55.0436,802.87,306.22,-941.03,-719.64,1184.66,942.67,421.39,-859.03,-732.59,1129.00,181.13,4.574,0,SACCADE,0.953,0.999,0.812,165.7,lissajous
736412.4947,55.0598,787.39,294.69,-954.01,-710.75,1189.67,930.23,409.22,-766.20,-749.84,1072.06,183.09,4.623,0,SACCADE,0.901,0.991,0.807,165.8,lissajous
736412.5113,55.0764,771.40,283.09,-966.55,-700.80,1193.88,913.78,395.34,-994.22,-839.29,1301.10,181.31,4.578,0,SACCADE,1.090,0.997,0.802,149.2,lissajous
736412.5277,55.0928,755.33,271.77,-975.98,-687.52,1193.82,905.19,387.98,-521.76,-446.76,686.89,189.64,4.789,0,SACCADE,0.575,0.996,0.795,149.2,lissajous
736412.5441,55.1092,739.22,260.76,-985.25,-673.33,1193.35,882.61,373.95,-1381.04,-857.91,1625.82,182.68,4.613,0,SACCADE,1.362,0.999,0.795,165.7,lissajous
736412.5597,55.1248,723.68,250.46,-994.13,-658.47,1192.42,868.55,360.55,-899.31,-856.94,1242.22,181.95,4.595,0,SACCADE,1.042,0.985,0.792,149.1,lissajous
736412.5764,55.1415,707.04,239.81,-998.96,-639.89,1186.34,859.00,345.85,-573.59,-882.68,1052.68,185.30,4.679,0,SACCADE,0.887,0.911,0.789,149.0,lissajous
736412.5930,55.1581,690.35,229.50,-1004.71,-620.41,1180.82,841.62,337.40,-1045.53,-508.74,1162.74,185.81,4.692,0,SACCADE,0.985,0.995,0.785,165.6,lissajous
736412.6095,55.1746,673.68,219.60,-1009.39,-599.47,1173.98,826.81,327.35,-897.00,-608.44,1083.89,187.24,4.728,0,SACCADE,0.923,0.998,0.783,165.6,lissajous
736412.6258,55.1909,657.19,210.21,-1013.69,-577.67,1166.74,810.73,316.04,-988.40,-695.38,1208.50,186.48,4.709,0,SACCADE,1.036,0.995,0.790,165.6,lissajous
736412.6428,55.2078,640.04,200.86,-1010.86,-550.76,1151.16,797.64,294.12,-771.90,-1291.87,1504.91,183.12,4.624,0,SACCADE,1.307,0.861,0.792,165.7,lissajous
736412.6594,55.2245,623.20,192.12,-1013.36,-525.78,1141.64,779.26,288.03,-1105.86,-366.37,1164.97,183.18,4.626,0,SACCADE,1.020,0.987,0.798,165.7,lissajous
736412.6760,55.2411,606.37,183.84,-1011.75,-498.10,1127.72,765.01,273.79,-856.86,-856.95,1211.84,182.36,4.605,0,SACCADE,1.075,0.947,0.802,165.7,lissajous
736412.6924,55.2575,589.83,176.14,-1010.68,-470.15,1114.69,749.69,262.72,-935.43,-675.75,1153.98,181.80,4.591,0,SACCADE,1.035,0.982,0.809,165.7,lissajous
736412.7099,55.2750,572.21,168.46,-1003.50,-437.98,1094.91,729.07,254.36,-1175.02,-476.47,1267.95,178.84,4.516,0,SACCADE,1.158,1.000,0.816,165.8,lissajous
736412.7254,55.2905,556.70,162.13,-999.65,-407.46,1079.50,720.03,247.59,-582.49,-436.36,727.81,184.33,4.655,0,SACCADE,0.674,0.967,0.810,165.7,lissajous
736412.7430,55.3080,539.31,155.56,-992.62,-375.05,1061.11,698.28,232.60,-1241.66,-855.41,1507.80,176.65,4.461,0,SACCADE,1.421,0.971,0.817,165.7,lissajous
736412.7603,55.3254,522.21,149.66,-984.38,-339.95,1041.43,680.73,225.03,-1009.94,-435.53,1099.85,175.53,4.433,0,SACCADE,1.056,0.997,0.818,149.2,lissajous
736412.7774,55.3425,505.59,144.47,-974.92,-304.34,1021.32,666.48,220.94,-836.05,-240.34,869.91,178.14,4.498,0,SACCADE,0.852,1.000,0.815,182.4,lissajous
736412.7941,55.3592,489.46,139.98,-963.49,-268.27,1000.15,652.20,208.68,-852.80,-732.09,1123.94,176.65,4.461,0,SACCADE,1.124,0.906,0.821,165.8,lissajous
736412.8101,55.3752,474.27,136.26,-951.70,-232.81,979.76,632.77,200.74,-1217.12,-497.10,1314.72,171.12,4.321,0,SACCADE,1.342,0.989,0.823,149.2,lissajous
736412.8253,55.3904,459.95,133.24,-938.82,-198.29,959.53,613.10,190.11,-1289.85,-697.31,1466.27,163.37,4.126,0,SACCADE,1.528,0.959,0.826,149.1,lissajous
736412.8427,55.4078,443.85,130.42,-925.57,-161.94,939.63,601.56,176.76,-663.70,-767.68,1014.81,164.37,4.151,0,SACCADE,1.080,0.775,0.825,165.7,lissajous
736412.8600,55.4251,428.18,128.30,-907.94,-122.50,916.17,575.96,173.76,-1483.00,-173.63,1493.13,154.61,3.905,0,SACCADE,1.630,1.000,0.827,182.3,lissajous
736412.8770,55.4421,413.04,126.89,-891.18,-83.47,895.08,565.20,165.81,-633.52,-468.04,787.66,157.06,3.967,0,SACCADE,0.880,0.856,0.827,182.3,lissajous
736412.8932,55.4583,398.87,126.15,-873.24,-45.26,874.42,543.54,157.24,-1334.30,-527.95,1434.95,147.98,3.737,0,SACCADE,1.641,0.948,0.830,165.7,lissajous
736412.9091,55.4742,385.31,126.02,-854.05,-8.18,854.09,534.57,148.79,-565.18,-532.43,776.48,150.99,3.813,0,SACCADE,0.909,0.734,0.828,165.7,lissajous
736412.9249,55.4900,372.08,126.47,-834.54,28.44,835.03,513.93,148.38,-1301.73,-25.89,1301.99,143.54,3.625,0,SACCADE,1.559,0.999,0.833,182.2,lissajous
736412.9405,55.5056,359.41,127.48,-814.32,64.64,816.88,498.44,141.12,-995.93,-466.53,1099.79,139.70,3.528,0,SACCADE,1.346,0.869,0.836,165.6,lissajous
736412.9573,55.5224,346.11,129.19,-792.27,101.74,798.78,480.84,137.74,-1048.40,-201.16,1067.53,135.00,3.410,0,SACCADE,1.336,0.950,0.839,182.2,lissajous
736412.9741,55.5392,333.19,131.54,-768.16,139.96,780.81,460.55,134.22,-1206.13,-209.19,1224.13,127.39,3.218,0,SACCADE,1.568,0.939,0.841,182.3,lissajous
736412.9902,55.5553,321.21,134.39,-743.96,177.10,764.75,450.10,133.26,-649.48,-60.21,652.27,128.89,3.256,0,SACCADE,0.853,0.947,0.845,182.3,lissajous
736413.0066,55.5717,309.41,137.89,-718.98,213.33,749.96,436.86,133.92,-806.14,40.64,807.16,127.52,3.221,0,SACCADE,1.076,0.972,0.845,182.3,lissajous
736413.0233,55.5884,297.84,142.06,-692.39,249.59,736.01,420.80,133.49,-961.64,-26.19,962.00,123.25,3.113,0,SACCADE,1.307,0.931,0.846,182.3,lissajous
736413.0402,55.6053,286.60,146.90,-665.16,285.99,724.04,401.22,127.99,-1157.79,-325.14,1202.58,116.18,2.935,0,SACCADE,1.661,0.778,0.844,182.3,lissajous
736413.0577,55.6228,275.51,152.52,-634.85,321.69,711.70,391.18,129.64,-575.42,94.37,583.11,117.91,2.978,0,SMOOTH_PURSUIT,0.819,0.953,0.843,182.3,lissajous
736413.0743,55.6394,265.45,158.45,-605.09,356.71,702.40,376.66,124.93,-872.52,-282.89,917.24,116.16,2.934,0,SACCADE,1.306,0.663,0.844,182.4,lissajous
736413.0909,55.6560,255.92,164.91,-575.30,389.89,694.97,367.29,128.09,-566.11,190.73,597.37,117.30,2.963,0,SMOOTH_PURSUIT,0.860,0.964,0.845,182.4,lissajous
736413.1067,55.6717,247.32,171.54,-544.73,420.63,688.23,351.97,129.55,-970.70,92.59,975.10,112.76,2.848,0,SACCADE,1.417,0.846,0.844,182.3,lissajous
736413.1230,55.6881,238.91,178.91,-514.92,451.04,684.53,337.87,134.58,-862.69,307.49,915.85,108.44,2.739,0,SACCADE,1.338,0.930,0.845,182.3,lissajous
736413.1396,55.7047,230.90,186.88,-482.71,480.23,680.91,329.31,132.96,-516.08,-97.67,525.24,112.22,2.835,0,SMOOTH_PURSUIT,0.771,0.565,0.844,182.3,lissajous
736413.1558,55.7209,223.60,195.12,-449.95,507.89,678.53,314.86,137.03,-890.98,251.02,925.66,108.18,2.733,0,SACCADE,1.364,0.841,0.843,182.2,lissajous
736413.1724,55.7375,216.68,203.99,-417.32,535.03,678.53,303.69,138.66,-673.49,98.15,680.61,108.81,2.749,0,SACCADE,1.003,0.722,0.842,182.2,lissajous
736413.1889,55.7540,210.35,213.25,-383.40,560.47,679.06,298.38,141.13,-321.34,149.73,354.51,113.80,2.875,0,SMOOTH_PURSUIT,0.522,0.860,0.840,182.2,lissajous
736413.2048,55.7698,204.81,222.50,-349.71,583.81,680.54,285.81,143.48,-793.23,148.57,807.02,113.16,2.858,0,SACCADE,1.186,0.663,0.840,182.2,lissajous
736413.2204,55.7854,199.87,231.94,-316.64,605.21,683.04,270.01,147.22,-1012.46,239.21,1040.34,110.00,2.779,0,SACCADE,1.523,0.655,0.839,182.1,lissajous
736413.2370,55.8021,195.17,242.36,-282.25,625.42,686.16,259.38,161.46,-638.34,855.58,1067.47,103.29,2.609,0,SACCADE,1.556,0.977,0.836,182.1,lissajous
736413.2530,55.8181,191.20,252.69,-247.25,644.77,690.55,248.98,171.05,-649.22,597.96,882.63,100.02,2.527,0,SACCADE,1.278,0.896,0.836,182.1,lissajous
736413.2695,55.8346,187.71,263.61,-211.81,661.65,694.73,240.35,177.39,-522.92,384.49,649.06,101.02,2.552,0,SMOOTH_PURSUIT,0.934,0.810,0.836,182.1,lissajous
736413.2872,55.8522,184.64,275.54,-174.50,677.71,699.82,232.82,179.18,-427.78,101.60,439.68,107.73,2.721,0,SMOOTH_PURSUIT,0.628,0.466,0.836,182.1,lissajous
736413.3030,55.8680,182.46,286.47,-137.75,691.67,705.25,228.25,188.98,-288.86,619.86,683.86,107.71,2.721,0,SACCADE,0.970,0.971,0.839,182.0,lissajous
736413.3202,55.8853,180.72,298.61,-101.28,704.10,711.35,217.05,200.02,-650.06,640.92,912.88,105.07,2.654,0,SACCADE,1.283,0.796,0.840,165.5,lissajous
736413.3365,55.9016,179.67,310.26,-63.96,714.04,716.90,218.40,207.58,82.97,462.97,470.35,109.75,2.772,0,SMOOTH_PURSUIT,0.656,0.965,0.842,182.0,lissajous
736413.3537,55.9187,179.21,322.65,-26.70,722.18,722.68,211.65,216.52,-394.22,521.51,653.74,110.97,2.803,0,SACCADE,0.905,0.819,0.844,165.6,lissajous
736413.3710,55.9361,179.42,335.25,11.68,728.25,728.34,204.68,228.11,-402.26,669.12,780.73,110.09,2.781,0,SACCADE,1.072,0.849,0.844,182.2,lissajous
736413.3871,55.9522,180.20,347.06,48.91,732.96,734.59,200.82,237.09,-239.74,558.03,607.35,111.88,2.826,0,SMOOTH_PURSUIT,0.827,0.890,0.845,182.1,lissajous
736413.4030,55.9681,181.55,358.76,84.51,734.72,739.56,196.03,250.02,-300.93,812.03,866.00,109.69,2.771,0,SACCADE,1.171,0.892,0.846,165.5,lissajous
736413.4188,55.9839,183.44,370.35,119.65,734.99,744.67,191.63,257.16,-279.03,452.76,531.84,113.48,2.867,0,SMOOTH_PURSUIT,0.714,0.756,0.849,182.0,lissajous
736413.4352,56.0003,185.98,382.39,155.19,733.32,749.56,188.81,271.23,-171.43,856.77,873.75,111.19,2.809,0,SACCADE,1.166,0.919,0.849,182.1,lissajous
736413.4511,56.0161,189.01,393.97,190.61,729.63,754.12,184.56,279.49,-267.63,520.29,585.09,114.57,2.894,0,SMOOTH_PURSUIT,0.776,0.745,0.849,165.5,lissajous
736413.4678,56.0329,192.80,406.12,226.21,724.14,758.65,184.45,287.96,-6.64,504.96,505.01,118.45,2.992,0,SMOOTH_PURSUIT,0.666,0.951,0.848,165.5,lissajous
736413.4840,56.0491,197.04,417.72,261.80,716.57,762.89,179.67,305.34,-295.23,1073.75,1113.60,113.71,2.872,0,SACCADE,1.460,0.815,0.845,182.1,lissajous
736413.5000,56.0651,201.78,429.03,296.35,707.68,767.23,180.28,313.73,37.62,525.09,526.44,117.28,2.963,0,SMOOTH_PURSUIT,0.686,0.948,0.845,165.5,lissajous
736413.5163,56.0814,207.16,440.38,330.42,696.38,770.80,178.46,329.06,-111.51,940.11,946.70,114.96,2.904,0,SACCADE,1.228,0.847,0.844,165.5,lissajous
736413.5330,56.0981,213.26,451.79,365.10,683.58,774.98,178.95,339.04,29.53,597.98,598.71,117.85,2.977,0,SMOOTH_PURSUIT,0.773,0.904,0.844,182.1,lissajous
736413.5492,56.1143,219.74,462.65,399.05,668.60,778.63,183.78,352.65,297.38,838.31,889.50,115.72,2.923,0,SACCADE,1.142,0.981,0.843,165.5,lissajous
736413.5661,56.1312,227.04,473.65,432.66,651.77,782.30,183.27,363.65,-30.05,651.91,652.60,118.38,2.990,0,SACCADE,0.834,0.807,0.841,182.1,lissajous
736413.5824,56.1474,234.60,483.93,465.62,633.09,785.88,184.16,373.75,54.69,621.83,624.23,121.17,3.061,0,SMOOTH_PURSUIT,0.794,0.854,0.841,165.5,lissajous
736413.5991,56.1642,242.94,494.19,497.99,612.99,789.78,190.35,382.87,369.84,544.89,658.55,123.11,3.110,0,SACCADE,0.834,0.996,0.839,182.0,lissajous
736413.6144,56.1794,251.00,503.22,528.86,592.01,793.83,192.97,401.21,171.66,1201.79,1213.99,117.36,2.965,0,SACCADE,1.529,0.832,0.834,165.4,lissajous
736413.6309,56.1960,260.25,512.64,558.55,569.29,797.54,194.95,413.73,119.80,757.13,766.55,118.51,2.994,0,SACCADE,0.961,0.814,0.833,165.4,lissajous
736413.6480,56.2131,270.33,521.94,589.71,544.20,802.44,196.19,430.86,72.36,1001.47,1004.08,117.44,2.967,0,SACCADE,1.251,0.729,0.832,165.4,lissajous
736413.6644,56.2294,280.47,530.41,619.29,517.18,806.84,198.25,434.71,126.09,235.09,266.78,126.17,3.187,0,SMOOTH_PURSUIT,0.331,0.928,0.827,181.9,lissajous
736413.6813,56.2464,291.46,538.70,648.49,489.36,812.41,203.55,447.08,312.54,730.03,794.12,126.97,3.207,0,SACCADE,0.977,0.868,0.828,181.9,lissajous
736413.6986,56.2637,303.19,546.65,677.33,459.11,818.26,210.80,463.31,418.80,937.38,1026.68,124.42,3.143,0,SACCADE,1.255,0.850,0.830,165.4,lissajous
736413.7146,56.2796,314.42,553.49,705.11,428.92,825.32,221.42,471.66,666.70,523.79,847.84,123.87,3.129,0,SACCADE,1.027,0.993,0.829,181.9,lissajous
736413.7312,56.2963,326.55,560.09,729.64,397.18,830.74,229.57,476.47,489.92,289.65,569.14,128.05,3.234,0,SMOOTH_PURSUIT,0.685,0.999,0.838,165.4,lissajous
736413.7476,56.3127,338.93,566.07,754.67,364.62,838.14,237.43,489.74,479.07,808.49,939.77,127.00,3.208,0,SACCADE,1.121,0.833,0.834,181.9,lissajous
736413.7644,56.3295,352.07,571.65,781.27,331.83,848.82,247.91,497.16,622.83,441.09,763.20,128.06,3.235,0,SACCADE,0.899,0.977,0.838,181.9,lissajous
736413.7812,56.3462,365.49,576.60,800.89,295.27,853.58,255.20,510.18,435.28,777.38,890.95,128.75,3.252,0,SACCADE,1.044,0.760,0.836,165.4,lissajous
736413.7978,56.3629,379.19,580.92,824.45,260.20,864.54,264.97,516.88,587.92,402.80,712.68,130.95,3.308,0,SACCADE,0.824,0.957,0.837,181.9,lissajous
736413.8148,56.3799,393.62,584.74,846.10,223.62,875.15,278.69,524.79,804.18,464.04,928.46,129.63,3.274,0,SACCADE,1.061,0.965,0.837,165.4,lissajous
736413.8319,56.3970,408.42,587.91,866.26,185.72,885.94,286.38,538.19,450.22,784.48,904.49,131.78,3.329,0,SACCADE,1.021,0.669,0.840,182.0,lissajous
736413.8480,56.4131,422.65,590.30,884.84,148.44,897.20,296.33,537.93,618.89,-16.56,619.11,136.75,3.454,0,SMOOTH_PURSUIT,0.690,0.981,0.839,182.0,lissajous
736413.8638,56.4288,436.87,592.07,902.00,112.30,908.96,307.54,549.14,711.20,711.09,1005.71,136.27,3.442,0,SACCADE,1.106,0.789,0.839,182.0,lissajous
736413.8798,56.4449,451.60,593.29,917.29,75.82,920.42,322.83,553.27,951.69,257.11,985.81,134.85,3.406,0,SACCADE,1.071,0.984,0.838,182.0,lissajous
736413.8954,56.4605,466.12,593.90,931.65,39.39,932.48,333.56,565.58,688.96,789.91,1048.15,135.55,3.424,0,SACCADE,1.124,0.689,0.838,181.9,lissajous
736413.9118,56.4768,481.57,593.94,945.20,2.55,945.20,342.99,569.50,576.77,240.02,624.72,140.72,3.554,0,SMOOTH_PURSUIT,0.661,0.924,0.842,181.9,lissajous
736413.9280,56.4931,497.13,593.37,957.50,-35.06,958.14,358.59,574.08,959.86,281.99,1000.43,139.88,3.533,0,SACCADE,1.044,0.948,0.842,181.9,lissajous
736413.9438,56.5089,512.41,592.24,968.76,-71.94,971.42,372.58,576.31,887.43,141.31,898.61,140.73,3.554,0,SACCADE,0.925,0.973,0.842,181.9,lissajous
736413.9603,56.5254,528.62,590.43,978.54,-108.98,984.59,388.58,580.31,965.72,241.70,995.51,140.40,3.546,0,SACCADE,1.011,0.937,0.843,181.9,lissajous
736413.9774,56.5425,545.45,587.92,987.75,-147.20,998.66,402.61,584.57,823.30,250.09,860.45,142.88,3.609,0,SACCADE,0.862,0.904,0.843,181.8,lissajous
736413.9938,56.5589,561.77,584.89,995.23,-184.77,1012.24,411.85,587.30,563.86,166.23,587.85,149.93,3.787,0,SMOOTH_PURSUIT,0.581,0.891,0.840,181.9,lissajous
736414.0107,56.5757,578.68,581.15,1001.57,-221.70,1025.81,432.26,587.77,1208.70,27.76,1209.02,146.56,3.702,0,SACCADE,1.179,0.971,0.839,181.9,lissajous
736414.0280,56.5931,596.16,576.65,1007.00,-259.16,1039.81,447.50,589.28,877.50,87.28,881.83,149.20,3.768,0,SACCADE,0.848,0.939,0.838,165.5,lissajous
736414.0438,56.6089,612.13,571.99,1009.82,-294.44,1051.87,454.61,597.93,449.77,546.92,708.11,159.64,4.032,0,SACCADE,0.673,0.394,0.835,182.0,lissajous
736414.0609,56.6260,629.39,566.39,1012.25,-328.86,1064.33,473.23,596.11,1092.31,-107.08,1097.55,158.96,4.015,0,SACCADE,1.031,0.977,0.835,165.4,lissajous
736414.0775,56.6426,646.26,560.34,1013.25,-363.21,1076.38,490.96,595.18,1064.70,-55.98,1066.17,159.16,4.020,0,SACCADE,0.991,0.958,0.831,165.5,lissajous
736414.0951,56.6602,664.03,553.37,1012.94,-397.09,1087.99,506.20,593.76,868.80,-80.81,872.55,162.91,4.114,0,SACCADE,0.802,0.961,0.827,165.5,lissajous
736414.1110,56.6761,680.11,546.55,1010.76,-428.92,1098.00,524.03,588.66,1120.64,-320.43,1165.55,161.66,4.083,0,SACCADE,1.062,0.992,0.825,182.0,lissajous
736414.1276,56.6927,696.89,538.91,1007.82,-458.98,1107.41,533.09,589.47,544.28,48.60,546.44,171.42,4.329,0,SMOOTH_PURSUIT,0.493,0.870,0.824,165.4,lissajous
736414.1433,56.7084,712.65,531.25,1003.73,-487.73,1115.96,553.33,586.00,1288.37,-221.18,1307.22,168.47,4.255,0,SACCADE,1.171,0.960,0.823,165.4,lissajous
736414.1600,56.7251,729.24,522.69,996.85,-514.45,1121.77,572.62,583.43,1159.02,-154.14,1169.22,167.99,4.243,0,BLINK,1.042,0.941,0.821,165.4,lissajous
736414.1766,56.7416,745.66,513.71,990.76,-541.67,1129.16,589.12,581.18,995.52,-135.53,1004.70,170.47,4.305,0,BLINK,0.890,0.934,0.815,148.9,lissajous
736414.1936,56.7587,762.37,504.07,981.62,-566.83,1133.52,606.33,579.54,1011.65,-96.74,1016.26,173.33,4.377,0,BLINK,0.897,0.910,0.807,165.5,lissajous
736414.2103,56.7754,778.64,494.17,972.00,-591.05,1137.60,622.46,574.00,963.77,-331.14,1019.07,175.39,4.429,0,BLINK,0.896,0.977,0.805,165.4,lissajous
736414.2273,56.7924,794.95,483.76,959.82,-612.82,1138.77,639.13,564.66,980.60,-549.14,1123.89,175.57,4.434,0,BLINK,0.987,0.998,0.800,165.4,lissajous
736414.2444,56.8095,811.13,472.93,948.25,-634.38,1140.89,653.99,555.27,870.74,-550.29,1030.05,177.41,4.480,0,BLINK,0.903,1.000,0.796,165.5,lissajous
736414.2608,56.8259,826.49,462.20,933.80,-652.68,1139.29,670.59,552.52,1009.45,-167.23,1023.21,180.17,4.550,0,BLINK,0.898,0.902,0.792,165.5,lissajous
736414.2769,56.8420,841.28,451.43,919.04,-669.03,1136.77,687.58,543.37,1055.67,-568.40,1198.97,179.10,4.523,0,BLINK,1.055,0.991,0.795,182.0,lissajous
736414.2935,56.8585,856.23,440.11,903.53,-684.02,1133.25,701.52,532.00,842.38,-687.21,1087.14,179.94,4.544,0,BLINK,0.959,0.999,0.796,165.4,lissajous
736414.3110,56.8761,871.74,427.90,884.99,-696.91,1126.45,721.60,529.41,1146.06,-148.00,1155.58,181.23,4.577,0,SACCADE,1.026,0.858,0.793,149.0,lissajous
736414.3277,56.8928,886.23,416.04,866.67,-709.08,1119.78,741.59,518.75,1195.52,-637.17,1354.71,177.40,4.480,0,SACCADE,1.210,0.981,0.793,165.5,lissajous
736414.3440,56.9091,900.03,404.34,846.34,-717.66,1109.65,752.96,505.55,697.15,-809.76,1068.51,178.53,4.508,0,SACCADE,0.963,0.988,0.799,149.0,lissajous
736414.3607,56.9258,913.80,392.25,825.87,-725.08,1099.00,770.11,500.01,1028.63,-332.32,1080.98,179.61,4.536,0,SACCADE,0.984,0.918,0.798,165.5,lissajous
736414.3770,56.9421,926.92,380.34,805.14,-731.35,1087.72,782.22,488.47,743.26,-707.81,1026.37,180.64,4.562,0,SACCADE,0.944,1.000,0.799,165.5,lissajous
736414.3940,56.9591,940.20,367.86,779.99,-732.79,1070.21,802.30,479.31,1179.70,-538.41,1296.76,177.30,4.477,0,SACCADE,1.212,0.947,0.801,149.0,lissajous
736414.4101,56.9752,952.37,356.04,757.36,-735.41,1055.66,823.37,473.61,1310.50,-354.33,1357.56,174.54,4.408,0,SACCADE,1.286,0.874,0.797,132.5,lissajous
736414.4258,56.9909,963.91,344.48,732.98,-734.46,1037.64,831.10,460.54,491.24,-830.73,965.11,176.37,4.454,0,SACCADE,0.930,0.969,0.793,165.6,lissajous
736414.4418,57.0069,975.23,332.78,708.26,-732.15,1018.66,846.57,439.31,967.49,-1328.34,1643.33,167.04,4.218,0,SACCADE,1.613,0.990,0.795,165.5,lissajous
736414.4583,57.0234,986.47,320.78,681.68,-727.52,996.99,865.01,428.77,1117.69,-638.41,1287.16,162.54,4.105,0,SACCADE,1.291,0.956,0.795,165.5,lissajous
736414.4762,57.0412,998.14,307.90,652.99,-720.94,972.70,877.11,420.49,677.87,-463.75,821.32,165.30,4.175,0,SACCADE,0.844,0.973,0.795,149.0,lissajous
736414.4922,57.0572,1008.11,296.51,623.30,-711.84,946.16,891.79,412.31,917.11,-511.62,1050.16,164.13,4.145,0,SACCADE,1.110,0.942,0.793,165.5,lissajous
736414.5083,57.0734,1017.72,285.17,595.37,-702.56,920.90,906.55,397.00,914.66,-948.41,1317.60,157.68,3.982,0,SACCADE,1.431,0.998,0.801,182.0,lissajous
736414.5250,57.0901,1027.18,273.62,564.93,-689.92,891.71,917.84,388.35,674.48,-516.35,849.43,158.49,4.003,0,SACCADE,0.953,0.973,0.802,165.5,lissajous
736414.5412,57.1063,1035.81,262.69,534.47,-676.34,862.03,936.38,375.28,1147.16,-809.11,1403.80,150.21,3.794,0,SACCADE,1.628,0.959,0.807,165.5,lissajous
736414.5575,57.1226,1044.03,251.91,502.93,-660.16,829.91,943.22,364.11,419.16,-683.97,802.19,150.83,3.809,0,SACCADE,0.967,0.995,0.826,165.5,lissajous
736414.5740,57.1390,1051.76,241.35,471.09,-642.88,797.01,959.52,355.31,992.67,-535.66,1127.97,146.61,3.703,0,SACCADE,1.415,0.903,0.831,182.1,lissajous
736414.5899,57.1550,1058.76,231.40,439.03,-624.17,763.11,971.51,340.00,751.81,-960.50,1219.75,139.31,3.519,0,SACCADE,1.598,0.999,0.833,182.1,lissajous
736414.6057,57.1708,1065.19,221.85,406.67,-603.72,727.91,986.05,325.59,919.35,-910.73,1294.08,130.48,3.296,0,SACCADE,1.778,0.981,0.836,182.1,lissajous
736414.6222,57.1873,1071.37,212.24,373.51,-581.80,691.38,991.61,316.59,336.58,-544.79,640.38,131.34,3.317,0,SMOOTH_PURSUIT,0.926,1.000,0.835,182.1,lissajous
736414.6389,57.2039,1077.00,202.97,338.98,-557.71,652.65,1005.85,297.32,856.02,-1158.88,1440.75,118.18,2.985,0,SACCADE,2.208,0.996,0.838,182.0,lissajous
736414.6553,57.2203,1081.99,194.24,304.03,-532.03,612.77,1009.65,293.71,231.56,-220.03,319.42,123.00,3.107,0,SMOOTH_PURSUIT,0.521,0.958,0.826,182.0,lissajous
736414.6726,57.2376,1086.63,185.51,267.99,-504.42,571.19,1024.00,277.35,829.52,-945.62,1257.90,111.16,2.808,0,SACCADE,2.202,0.973,0.823,182.1,lissajous
736414.6898,57.2549,1090.60,177.33,230.80,-474.89,528.00,1029.75,271.10,333.56,-362.57,492.67,111.79,2.824,0,SMOOTH_PURSUIT,0.933,0.958,0.815,182.2,lissajous
736414.7059,57.2710,1093.74,170.15,194.36,-444.65,485.27,1036.88,257.37,441.91,-850.55,958.49,104.12,2.630,0,SACCADE,1.975,0.998,0.810,165.6,lissajous
736414.7224,57.2875,1096.36,163.31,158.81,-414.79,444.15,1046.90,243.76,607.24,-824.88,1024.29,94.44,2.386,0,SACCADE,2.306,0.964,0.803,182.1,lissajous
736414.7386,57.3037,1098.34,157.14,122.31,-381.78,400.90,1057.57,237.35,660.66,-396.86,770.69,89.97,2.273,0,SACCADE,1.922,0.752,0.796,165.5,lissajous
736414.7547,57.3198,1099.73,151.50,86.77,-350.07,360.67,1059.09,224.03,94.07,-826.88,832.21,83.14,2.100,0,SACCADE,2.307,0.992,0.784,165.5,lissajous
736414.7717,57.3368,1100.58,146.14,50.02,-316.14,320.07,1069.61,214.55,619.72,-558.28,834.10,75.10,1.897,0,SACCADE,2.606,0.777,0.772,165.4,lissajous
736414.7876,57.3526,1100.80,141.67,13.43,-281.46,281.78,1069.94,211.11,20.76,-216.95,217.94,75.99,1.920,0,SMOOTH_PURSUIT,0.773,0.999,0.758,165.4,lissajous
736414.8041,57.3692,1100.42,137.59,-22.67,-246.60,247.64,1075.96,195.75,365.09,-929.88,998.98,63.09,1.594,0,SACCADE,4.034,0.893,0.741,148.8,lissajous
736414.8204,57.3855,1099.45,134.15,-59.24,-210.48,218.66,1082.92,192.09,425.62,-224.26,481.09,60.25,1.522,0,DRIFT,2.200,0.209,0.727,132.3,lissajous
736414.8376,57.4027,1097.80,131.18,-96.44,-173.14,198.19,1088.10,182.21,302.08,-575.51,649.97,51.94,1.312,0,SMOOTH_PURSUIT,3.280,0.547,0.713,148.9,lissajous
736414.8535,57.4186,1095.68,129.02,-133.08,-135.80,190.14,1090.21,173.18,132.23,-566.84,582.06,44.50,1.124,0,SMOOTH_PURSUIT,3.061,0.537,0.701,148.8,lissajous
736414.8707,57.4357,1092.77,127.34,-169.62,-98.14,195.96,1095.05,172.29,282.16,-51.64,286.84,45.02,1.137,0,DRIFT,1.464,-0.761,0.695,132.3,lissajous
736414.8873,57.4524,1089.33,126.35,-206.72,-59.35,215.07,1094.86,160.90,-11.26,-685.79,685.88,34.99,0.884,1,SACCADE,3.189,0.292,0.685,115.8,lissajous
736414.9049,57.4700,1085.05,126.00,-243.29,-19.82,244.09,1097.05,152.29,124.27,-488.36,503.93,28.90,0.730,1,DRIFT,2.064,-0.167,0.674,99.3,lissajous
736414.9208,57.4859,1080.59,126.30,-279.93,18.87,280.56,1103.45,147.75,401.13,-284.79,491.95,31.35,0.792,1,DRIFT,1.753,-0.852,0.666,82.7,lissajous
736414.9373,57.5024,1075.40,127.23,-314.31,56.26,319.30,1104.75,138.75,79.04,-545.83,551.53,31.53,0.797,1,DRIFT,1.727,-0.315,0.652,66.2,lissajous
736414.9543,57.5194,1069.46,128.84,-349.64,94.73,362.25,1103.92,137.57,-48.98,-69.47,85.00,35.55,0.898,1,DRIFT,0.235,0.342,0.654,99.3,lissajous
736414.9713,57.5364,1062.92,131.11,-384.93,133.50,407.42,1096.87,133.87,-414.59,-217.35,468.11,34.07,0.861,1,SMOOTH_PURSUIT,1.149,0.685,0.656,99.3,lissajous
736414.9880,57.5531,1055.93,133.97,-419.34,171.51,453.05,1100.54,132.74,220.56,-67.96,230.79,44.63,1.128,0,DRIFT,0.509,-0.996,0.656,82.7,lissajous
736415.0037,57.5688,1048.83,137.23,-451.69,207.53,497.08,1096.34,133.18,-267.41,27.66,268.84,47.68,1.205,0,SMOOTH_PURSUIT,0.541,0.947,0.660,99.2,lissajous
736415.0202,57.5853,1040.83,141.25,-484.60,243.48,542.32,1094.71,130.62,-98.89,-155.01,183.87,54.92,1.388,0,DRIFT,0.339,0.102,0.667,82.7,lissajous
736415.0370,57.6020,1032.20,145.91,-515.34,278.61,585.83,1093.65,130.04,-63.04,-34.47,71.85,63.47,1.604,0,SMOOTH_PURSUIT,0.123,0.544,0.670,99.2,lissajous
736415.0526,57.6177,1023.64,150.81,-546.81,313.22,630.17,1090.66,126.47,-191.30,-227.92,297.56,71.30,1.801,0,DRIFT,0.472,0.177,0.676,115.7,lissajous
736415.0697,57.6348,1013.76,156.76,-577.04,346.94,673.31,1087.25,130.33,-199.12,225.26,300.65,78.10,1.973,0,SMOOTH_PURSUIT,0.447,0.954,0.682,115.7,lissajous
736415.0855,57.6506,1004.19,162.75,-606.84,379.99,715.99,1082.71,129.41,-287.98,-58.62,293.89,85.30,2.155,0,SMOOTH_PURSUIT,0.410,0.725,0.691,132.2,lissajous
736415.1029,57.6680,993.13,169.92,-635.92,412.16,757.80,1075.12,127.51,-436.36,-109.10,449.79,92.30,2.332,0,SMOOTH_PURSUIT,0.594,0.682,0.707,148.8,lissajous
736415.1187,57.6837,982.66,176.91,-664.37,443.37,798.73,1066.39,126.87,-553.83,-40.55,555.31,97.54,2.464,0,SMOOTH_PURSUIT,0.695,0.789,0.725,148.7,lissajous
736415.1345,57.6996,971.73,184.37,-690.25,471.70,836.04,1062.04,132.18,-274.49,334.87,432.99,104.31,2.635,0,SMOOTH_PURSUIT,0.518,0.960,0.740,148.7,lissajous
736415.1512,57.7163,959.75,192.73,-717.20,500.48,874.56,1057.51,135.44,-271.45,195.67,334.62,113.31,2.862,0,SMOOTH_PURSUIT,0.383,1.000,0.757,165.2,lissajous
736415.1666,57.7317,948.35,200.83,-741.15,526.38,909.05,1046.15,138.35,-737.89,189.22,761.76,116.06,2.932,0,SACCADE,0.838,0.934,0.767,165.2,lissajous
736415.1836,57.7487,935.29,210.25,-765.36,551.84,943.56,1037.19,140.25,-525.19,111.13,536.82,123.63,3.123,0,SMOOTH_PURSUIT,0.569,0.915,0.779,165.2,lissajous
736415.2004,57.7654,922.08,219.90,-789.86,577.09,978.22,1032.47,141.25,-282.13,59.94,288.43,135.55,3.424,0,SMOOTH_PURSUIT,0.295,0.912,0.791,165.2,lissajous
736415.2173,57.7824,908.33,230.06,-812.27,599.94,1009.81,1016.96,146.95,-916.61,336.83,976.53,136.77,3.455,0,SACCADE,0.967,0.960,0.793,165.2,lissajous
736415.2347,57.7998,893.80,240.88,-835.20,622.43,1041.62,1010.54,154.12,-369.04,411.57,552.79,145.46,3.674,0,SMOOTH_PURSUIT,0.531,0.980,0.794,181.8,lissajous
736415.2510,57.8161,879.85,251.35,-855.63,642.07,1069.75,999.21,162.77,-695.27,530.99,874.84,148.63,3.754,0,SACCADE,0.818,1.000,0.793,165.3,lissajous
736415.2669,57.8320,865.92,261.85,-874.28,659.32,1095.02,988.42,169.63,-676.75,430.46,802.05,153.34,3.873,0,SACCADE,0.732,0.997,0.790,165.2,lissajous
736415.2825,57.8476,852.05,272.35,-891.44,674.55,1117.89,976.82,180.41,-746.17,693.12,1018.42,154.98,3.914,0,SACCADE,0.911,0.995,0.788,165.2,lissajous
736415.2997,57.8648,836.38,284.24,-908.53,688.91,1140.19,964.53,187.15,-711.83,390.72,812.01,160.78,4.060,0,SACCADE,0.712,0.989,0.783,165.2,lissajous
736415.3170,57.8821,820.37,296.38,-924.84,701.75,1160.94,950.41,200.49,-816.33,770.78,1122.72,161.57,4.080,0,SACCADE,0.967,0.994,0.778,165.2,lissajous
736415.3340,57.8991,804.44,308.46,-939.57,712.35,1179.08,939.14,205.45,-664.58,292.28,726.01,169.57,4.282,0,SACCADE,0.616,0.973,0.773,181.7,lissajous
736415.3496,57.9147,789.54,319.73,-953.93,721.72,1196.19,923.17,216.92,-1022.24,734.52,1258.76,168.61,4.258,0,SACCADE,1.052,1.000,0.770,165.1,lissajous
736415.3658,57.9309,773.96,331.48,-962.49,725.82,1205.49,916.71,226.79,-399.33,609.87,728.98,177.02,4.470,0,SACCADE,0.605,0.941,0.760,148.6,lissajous
736415.3826,57.9477,757.56,343.79,-974.81,731.68,1218.85,906.27,233.95,-620.47,425.81,752.52,184.87,4.668,0,SACCADE,0.617,0.999,0.745,132.1,lissajous
736415.3995,57.9646,740.95,356.18,-984.28,734.29,1228.00,883.76,247.50,-1333.99,802.68,1556.86,179.46,4.532,0,SACCADE,1.268,0.995,0.739,165.1,lissajous
736415.4171,57.9821,723.51,369.09,-992.90,735.08,1235.40,872.72,255.13,-628.65,434.40,764.14,187.75,4.741,0,SACCADE,0.619,0.999,0.729,165.1,lissajous
736415.4334,57.9985,707.17,381.08,-1000.06,733.82,1240.41,858.00,264.19,-900.44,554.66,1057.56,190.83,4.819,0,SACCADE,0.853,0.997,0.727,165.1,lissajous
736415.4511,58.0161,689.44,393.96,-1004.70,729.61,1241.67,841.84,277.44,-915.88,750.56,1184.14,191.84,4.844,0,SACCADE,0.954,0.998,0.723,148.7,lissajous
736415.4666,58.0317,673.73,405.23,-1009.64,724.79,1242.86,829.38,287.16,-801.26,624.74,1016.03,195.36,4.933,0,SACCADE,0.817,0.999,0.718,148.6,lissajous
736415.4833,58.0484,656.87,417.19,-1011.72,717.19,1240.14,809.95,296.67,-1165.55,571.11,1297.95,194.82,4.919,0,SACCADE,1.047,0.987,0.713,132.1,lissajous
736415.5001,58.0651,639.88,429.06,-1013.02,707.70,1235.74,800.62,312.70,-555.98,955.26,1105.27,198.44,5.011,0,SACCADE,0.894,0.907,0.709,148.6,lissajous
736415.5161,58.0812,623.65,440.21,-1012.76,696.38,1229.07,782.05,327.60,-1159.69,930.18,1486.65,194.35,4.907,0,SACCADE,1.210,0.997,0.710,148.6,lissajous
736415.5319,58.0970,607.59,451.07,-1012.05,684.14,1221.60,760.32,336.95,-1368.65,588.86,1489.95,190.66,4.814,0,SACCADE,1.220,0.982,0.722,148.6,lissajous
736415.5480,58.1131,591.40,461.81,-1009.23,669.58,1211.15,742.49,348.55,-1112.06,723.64,1326.77,188.82,4.768,0,SACCADE,1.095,1.000,0.731,165.1,lissajous
736415.5652,58.1303,574.11,473.04,-1005.50,652.98,1198.93,734.05,368.37,-490.68,1151.95,1252.10,191.15,4.827,0,SACCADE,1.044,0.830,0.734,148.6,lissajous
736415.5808,58.1459,558.52,482.94,-1000.15,634.64,1184.51,716.47,373.16,-1127.48,307.19,1168.58,192.36,4.857,0,SACCADE,0.987,0.956,0.732,132.1,lissajous
736415.5978,58.1628,541.62,493.39,-994.20,615.14,1169.12,696.09,387.60,-1199.64,850.06,1470.28,187.22,4.728,0,SACCADE,1.258,0.998,0.738,165.1,lissajous
736415.6140,58.1790,525.65,503.00,-985.87,593.04,1150.50,682.14,396.70,-860.77,561.68,1027.82,189.18,4.777,0,SACCADE,0.893,0.999,0.739,148.6,lissajous
736415.6302,58.1952,509.82,512.24,-977.06,570.27,1131.30,662.35,414.17,-1221.76,1077.95,1629.32,181.33,4.579,0,SACCADE,1.440,0.981,0.750,148.5,lissajous
736415.6461,58.2112,494.44,520.92,-966.96,546.16,1110.54,648.71,425.48,-857.21,711.16,1113.80,181.41,4.581,0,SACCADE,1.003,0.984,0.749,148.5,lissajous
736415.6621,58.2272,479.15,529.26,-955.21,520.54,1087.84,634.73,436.41,-873.38,682.69,1108.54,181.18,4.575,0,SACCADE,1.019,0.986,0.748,132.0,lissajous
736415.6786,58.2437,463.59,537.40,-943.15,493.71,1064.56,615.80,441.03,-1147.87,280.27,1181.59,180.15,4.549,0,SACCADE,1.110,0.971,0.751,148.5,lissajous
736415.6947,58.2597,448.64,544.88,-928.96,465.04,1038.86,598.05,455.91,-1102.93,924.83,1439.36,173.89,4.391,0,SACCADE,1.386,0.973,0.757,164.9,lissajous
736415.7117,58.2768,433.07,552.29,-914.03,435.00,1012.26,578.69,466.22,-1136.06,605.25,1287.23,169.16,4.272,0,SACCADE,1.272,0.999,0.762,148.5,lissajous
736415.7290,58.2941,417.56,559.26,-896.25,402.13,982.33,567.36,475.91,-654.82,559.85,861.52,171.42,4.329,0,SACCADE,0.877,0.959,0.766,165.0,lissajous
736415.7454,58.3105,403.10,565.33,-881.86,370.55,956.54,549.37,490.09,-1097.22,864.89,1397.11,164.49,4.154,0,SACCADE,1.461,0.964,0.770,148.4,lissajous
736415.7622,58.3272,388.76,570.93,-856.13,334.23,919.06,531.83,499.49,-1046.85,561.12,1187.75,159.92,4.039,0,SACCADE,1.292,0.993,0.772,164.9,lissajous
736415.7791,58.3441,374.57,576.01,-839.11,300.58,891.32,523.14,507.66,-514.48,483.14,705.78,163.53,4.130,0,SACCADE,0.792,0.917,0.767,164.9,lissajous
736415.7951,58.3602,361.48,580.26,-818.11,265.55,860.13,504.30,510.88,-1176.67,201.39,1193.78,158.78,4.010,0,SACCADE,1.388,0.990,0.772,164.9,lissajous
736415.8104,58.3755,349.24,583.81,-796.56,231.34,829.47,487.50,523.53,-1093.83,823.18,1368.97,150.83,3.809,0,SACCADE,1.650,0.935,0.785,164.9,lissajous
736415.8278,58.3929,335.77,587.21,-773.96,195.26,798.21,470.57,530.46,-972.61,398.52,1051.09,146.26,3.694,0,SACCADE,1.317,0.990,0.787,164.9,lissajous
736415.8445,58.4096,323.31,589.83,-748.42,156.99,764.71,459.49,539.11,-665.68,519.38,844.33,145.31,3.670,0,SACCADE,1.104,0.898,0.794,164.9,lissajous
736415.8615,58.4266,310.98,591.85,-723.17,118.87,732.88,439.40,547.37,-1177.65,483.83,1273.17,135.91,3.433,0,SACCADE,1.737,0.974,0.794,164.9,lissajous
736415.8782,58.4433,299.40,593.19,-696.03,80.27,700.64,423.45,552.82,-959.37,328.08,1013.91,130.45,3.295,0,SACCADE,1.447,0.977,0.801,164.9,lissajous
736415.8946,58.4597,288.42,593.88,-668.69,42.25,670.03,410.69,554.23,-777.09,86.02,781.84,128.53,3.247,0,SACCADE,1.167,0.999,0.799,164.9,lissajous
736415.9106,58.4757,278.17,593.96,-641.37,4.87,641.38,396.62,560.96,-879.55,420.41,974.86,122.97,3.106,0,SACCADE,1.520,0.905,0.802,165.0,lissajous
736415.9271,58.4922,268.04,593.42,-613.08,-32.66,613.95,380.28,569.07,-989.83,491.29,1105.05,114.85,2.901,0,SACCADE,1.800,0.871,0.801,165.0,lissajous
736415.9434,58.5084,258.56,592.28,-583.35,-70.40,587.58,372.47,573.90,-480.50,297.20,564.98,115.38,2.915,0,SMOOTH_PURSUIT,0.962,0.781,0.797,165.0,lissajous
736415.9601,58.5252,249.27,590.46,-552.98,-108.29,563.49,354.82,581.00,-1050.90,422.81,1132.76,105.97,2.677,0,SACCADE,2.010,0.839,0.794,165.0,lissajous
736415.9759,58.5410,241.06,588.17,-522.05,-145.23,541.88,341.54,585.05,-843.72,257.29,882.08,100.53,2.540,0,SACCADE,1.628,0.843,0.793,165.0,lissajous
736415.9926,58.5577,232.84,585.13,-490.89,-181.82,523.48,327.05,588.02,-865.51,177.37,883.50,94.26,2.381,0,SACCADE,1.688,0.849,0.788,165.0,lissajous
736416.0103,58.5754,224.77,581.24,-456.96,-219.99,507.15,319.28,584.28,-440.03,-211.54,488.24,94.56,2.389,0,SMOOTH_PURSUIT,0.963,1.000,0.781,165.0,lissajous
736416.0271,58.5922,217.67,576.91,-422.53,-257.73,494.93,309.32,590.38,-592.84,363.17,695.23,92.64,2.340,0,SACCADE,1.405,0.456,0.781,181.5,lissajous
736416.0433,58.6084,211.37,572.17,-388.71,-292.98,486.76,294.94,593.78,-887.63,209.58,912.04,86.32,2.181,0,SACCADE,1.874,0.639,0.781,181.4,lissajous
736416.0606,58.6257,205.24,566.48,-353.80,-327.91,482.39,281.59,593.16,-770.05,-35.53,770.87,80.88,2.043,0,SACCADE,1.598,0.764,0.779,165.0,lissajous
736416.0777,58.6428,199.80,560.27,-317.75,-363.16,482.54,276.92,594.03,-273.12,50.70,277.78,84.19,2.127,0,SMOOTH_PURSUIT,0.576,0.510,0.779,165.0,lissajous
736416.0941,58.6591,195.19,553.80,-282.29,-396.40,486.64,264.52,598.00,-759.78,243.11,797.73,82.22,2.077,0,SACCADE,1.639,0.304,0.775,165.0,lissajous
736416.1103,58.6754,191.18,546.85,-247.05,-427.22,493.51,258.76,591.49,-354.30,-400.83,534.97,80.99,2.046,0,SMOOTH_PURSUIT,1.084,0.980,0.773,148.5,lissajous
736416.1268,58.6919,187.69,539.30,-211.71,-457.79,504.38,247.84,589.54,-662.33,-118.07,672.77,78.37,1.980,0,SACCADE,1.334,0.573,0.773,165.0,lissajous
736416.1441,58.7092,184.66,530.85,-174.55,-487.39,517.71,238.16,587.27,-558.16,-130.66,573.25,77.75,1.964,0,SMOOTH_PURSUIT,1.107,0.543,0.775,165.1,lissajous
736416.1614,58.7265,182.30,521.92,-136.46,-516.62,534.34,231.34,584.46,-394.87,-162.50,427.00,79.47,2.008,0,SMOOTH_PURSUIT,0.799,0.604,0.777,148.6,lissajous
736416.1781,58.7432,180.65,512.85,-98.84,-543.53,552.44,224.67,581.61,-399.60,-170.80,434.57,81.64,2.063,0,SMOOTH_PURSUIT,0.787,0.551,0.782,148.6,lissajous
736416.1944,58.7594,179.64,503.61,-62.32,-568.75,572.15,212.57,579.65,-744.52,-120.81,754.26,82.86,2.093,0,SACCADE,1.318,0.267,0.783,165.2,lissajous
736416.2112,58.7763,179.21,493.63,-25.46,-592.08,592.63,216.01,577.28,203.92,-140.63,247.71,91.38,2.309,0,SMOOTH_PURSUIT,0.418,0.532,0.787,148.7,lissajous
736416.2280,58.7931,179.41,483.31,12.05,-614.25,614.37,201.64,569.64,-854.88,-454.67,968.27,89.15,2.252,0,SACCADE,1.576,0.452,0.785,165.2,lissajous
736416.2446,58.8097,180.23,472.77,49.31,-635.38,637.29,197.42,561.51,-254.44,-490.08,552.20,90.39,2.283,0,SMOOTH_PURSUIT,0.866,0.849,0.787,148.8,lissajous
736416.2607,58.8258,181.61,462.27,85.49,-651.96,657.54,196.27,550.63,-71.34,-675.35,679.10,89.57,2.263,0,SACCADE,1.033,0.972,0.791,165.3,lissajous
736416.2769,58.8419,183.56,451.48,121.28,-668.91,679.81,192.55,543.32,-230.89,-453.49,508.88,92.28,2.331,0,SMOOTH_PURSUIT,0.749,0.796,0.797,165.2,lissajous
736416.2929,58.8580,186.09,440.48,156.96,-684.08,701.85,186.48,535.78,-377.31,-468.47,601.52,95.31,2.408,0,SMOOTH_PURSUIT,0.857,0.619,0.799,148.7,lissajous
736416.3088,58.8738,189.12,429.47,191.77,-695.90,721.84,182.12,524.85,-275.80,-690.76,743.78,95.64,2.416,0,SACCADE,1.030,0.797,0.803,165.1,lissajous
736416.3260,58.8911,193.06,417.24,227.99,-707.73,743.55,185.58,519.09,200.46,-333.80,389.37,102.12,2.580,0,SMOOTH_PURSUIT,0.524,0.974,0.808,165.2,lissajous
736416.3429,58.9080,197.54,405.12,264.86,-717.22,764.56,183.25,508.57,-137.57,-622.28,637.30,104.43,2.638,0,SMOOTH_PURSUIT,0.834,0.841,0.813,165.2,lissajous
736416.3592,58.9243,202.42,393.35,300.27,-724.49,784.25,178.75,496.71,-276.85,-729.34,780.12,106.04,2.679,0,SACCADE,0.995,0.728,0.813,165.1,lissajous
736416.3747,58.9398,207.61,382.00,334.05,-730.05,802.85,180.38,489.99,104.88,-432.85,445.38,111.37,2.813,0,SMOOTH_PURSUIT,0.555,0.982,0.817,165.1,lissajous
736416.3917,58.9568,213.87,369.52,368.03,-733.41,820.57,181.30,481.06,53.75,-524.85,527.60,116.20,2.935,0,SMOOTH_PURSUIT,0.643,0.935,0.819,165.1,lissajous
736416.4088,58.9739,220.76,356.96,403.12,-734.91,838.21,184.51,468.28,188.33,-747.36,770.72,117.08,2.957,0,SACCADE,0.919,0.968,0.821,165.2,lissajous
736416.4254,58.9905,228.00,344.79,437.30,-734.54,854.85,184.27,468.17,-14.97,-6.94,16.50,130.90,3.306,0,DRIFT,0.019,-0.103,0.816,181.7,lissajous
736416.4418,59.0069,235.72,332.77,470.16,-732.08,870.05,183.80,448.36,-28.68,-1206.42,1206.76,126.72,3.201,0,SACCADE,1.387,0.828,0.813,165.2,lissajous
736416.4587,59.0237,244.20,320.51,502.67,-727.57,884.33,187.99,436.25,248.82,-718.42,760.29,128.67,3.250,0,SACCADE,0.860,0.963,0.815,165.2,lissajous
736416.4751,59.0401,252.95,308.70,534.21,-720.73,897.12,191.83,425.94,234.61,-629.66,671.95,132.21,3.339,0,SACCADE,0.749,0.961,0.818,165.3,lissajous
736416.4910,59.0561,261.99,297.29,565.00,-713.19,909.88,192.49,413.52,40.87,-776.23,777.31,135.42,3.421,0,SACCADE,0.854,0.815,0.818,165.3,lissajous
736416.5066,59.0717,271.24,286.33,593.79,-703.30,920.44,195.02,399.76,162.23,-882.91,897.69,136.66,3.452,0,SACCADE,0.975,0.868,0.817,165.2,lissajous
736416.5233,59.0883,281.59,274.83,622.15,-691.16,929.94,198.44,385.89,206.03,-833.73,858.80,138.73,3.504,0,SACCADE,0.924,0.882,0.819,165.2,lissajous
736416.5402,59.1053,292.65,263.34,651.40,-677.20,939.64,207.59,375.21,538.71,-629.68,828.68,140.53,3.549,0,SACCADE,0.882,0.998,0.819,165.2,lissajous
736416.5573,59.1224,304.26,252.05,679.99,-660.95,948.28,213.13,367.70,324.52,-439.66,546.46,147.24,3.719,0,SMOOTH_PURSUIT,0.576,0.987,0.817,165.3,lissajous
736416.5739,59.1390,316.03,241.36,707.64,-643.27,956.32,220.20,350.32,424.95,-1045.29,1128.37,145.11,3.665,0,SACCADE,1.180,0.902,0.817,165.3,lissajous
736416.5894,59.1545,327.35,231.71,732.21,-624.02,962.05,229.10,339.30,576.04,-712.50,916.23,145.70,3.680,0,SACCADE,0.952,0.983,0.817,165.2,lissajous
736416.6059,59.1710,339.85,221.73,757.05,-604.32,968.68,237.20,330.78,490.62,-515.83,711.89,149.76,3.782,0,SACCADE,0.735,0.991,0.818,165.3,lissajous
736416.6222,59.1873,352.57,212.25,780.19,-581.41,973.00,244.46,313.31,444.77,-1071.59,1160.22,147.99,3.738,0,SACCADE,1.192,0.859,0.816,165.3,lissajous
736416.6386,59.2037,365.76,203.09,803.74,-558.15,978.53,253.47,302.11,549.17,-682.45,875.97,149.72,3.781,0,SACCADE,0.895,0.959,0.816,165.2,lissajous
736416.6547,59.2198,379.00,194.54,824.41,-532.43,981.40,263.22,296.78,607.08,-331.61,691.74,154.47,3.901,0,SACCADE,0.705,0.997,0.822,165.2,lissajous
736416.6719,59.2369,393.52,185.86,846.06,-505.72,985.68,277.75,279.13,846.76,-1028.26,1332.04,148.67,3.755,0,SACCADE,1.351,0.942,0.819,165.2,lissajous
736416.6886,59.2537,408.06,177.86,866.02,-476.39,988.40,286.53,272.29,522.83,-407.78,663.05,153.90,3.887,0,SACCADE,0.671,0.987,0.817,165.2,lissajous
736416.7054,59.2705,422.86,170.40,884.65,-446.19,990.80,301.48,257.69,893.63,-872.69,1249.06,149.51,3.776,0,SACCADE,1.261,0.953,0.816,165.2,lissajous
736416.7215,59.2866,437.43,163.68,902.12,-415.55,993.23,311.27,249.21,605.86,-524.99,801.67,152.42,3.850,0,SACCADE,0.807,0.960,0.817,165.2,lissajous
736416.7386,59.3036,453.07,157.15,918.34,-383.38,995.16,321.36,237.05,593.00,-713.90,928.06,154.05,3.891,0,SACCADE,0.933,0.886,0.817,165.2,lissajous
736416.7561,59.3212,469.49,151.02,935.22,-349.19,998.28,336.72,224.63,874.65,-707.72,1125.11,151.81,3.834,0,SACCADE,1.127,0.948,0.817,165.3,lissajous
736416.7726,59.3377,485.09,145.86,946.91,-313.28,997.38,342.72,216.91,363.89,-468.07,592.88,159.12,4.019,0,SMOOTH_PURSUIT,0.594,0.831,0.812,165.3,lissajous
736416.7895,59.3546,501.35,141.15,961.48,-278.65,1001.05,355.47,212.92,753.95,-236.10,790.06,162.58,4.106,0,SACCADE,0.789,1.000,0.811,165.3,lissajous
736416.8059,59.3709,517.23,137.19,970.70,-242.20,1000.46,374.98,202.13,1192.85,-659.66,1363.10,156.37,3.949,0,SACCADE,1.362,0.966,0.810,165.3,lissajous
736416.8230,59.3881,534.09,133.66,981.41,-205.55,1002.70,386.66,189.06,679.74,-760.85,1020.27,157.50,3.978,0,SACCADE,1.018,0.805,0.811,165.3,lissajous
736416.8387,59.4038,549.61,131.01,989.69,-168.87,1004.00,401.05,182.29,917.83,-432.04,1014.43,157.16,3.969,0,SACCADE,1.010,0.964,0.812,165.2,lissajous
736416.8557,59.4208,566.58,128.76,997.05,-131.96,1005.74,416.02,172.19,879.32,-593.12,1060.66,156.70,3.958,0,SACCADE,1.055,0.895,0.812,165.3,lissajous
736416.8721,59.4372,583.01,127.22,1002.93,-93.86,1007.31,427.82,164.57,720.88,-465.06,857.87,159.61,4.031,0,SACCADE,0.852,0.887,0.813,165.3,lissajous
736416.8889,59.4540,599.96,126.29,1007.87,-55.76,1009.41,443.75,165.32,947.06,44.46,948.11,161.01,4.066,0,SACCADE,0.939,0.995,0.812,165.4,lissajous
736416.9046,59.4697,615.82,126.00,1010.79,-18.26,1010.96,461.86,154.37,1153.90,-697.74,1348.45,156.55,3.954,0,SACCADE,1.334,0.865,0.812,165.4,lissajous
736416.9217,59.4867,633.07,126.33,1012.99,19.52,1013.18,475.39,150.85,794.40,-206.69,820.85,159.58,4.030,0,SACCADE,0.810,0.963,0.811,165.4,lissajous
736416.9380,59.5031,649.64,127.28,1013.50,58.02,1015.16,493.62,142.95,1115.04,-483.34,1215.29,156.81,3.960,0,SACCADE,1.197,0.893,0.811,182.0,lissajous
736416.9544,59.5195,666.26,128.85,1012.43,95.62,1016.93,510.33,135.93,1017.71,-427.47,1103.84,156.10,3.942,0,SACCADE,1.085,0.881,0.813,165.4,lissajous
736416.9717,59.5368,683.69,131.16,1009.99,133.97,1018.84,523.23,136.06,747.69,7.69,747.73,160.54,4.054,0,SACCADE,0.734,0.993,0.808,165.4,lissajous
736416.9877,59.5528,699.86,133.92,1006.84,171.63,1021.36,537.65,134.00,898.12,-128.42,907.25,162.21,4.097,0,SACCADE,0.888,0.952,0.807,165.4,lissajous
736417.0039,59.5690,716.10,137.28,1002.37,207.65,1023.65,561.85,130.22,1494.05,-233.43,1512.18,154.40,3.900,0,SACCADE,1.477,0.936,0.806,165.4,lissajous
736417.0199,59.5849,731.95,141.15,996.57,242.98,1025.76,572.06,127.98,641.18,-141.02,656.51,160.44,4.052,0,SACCADE,0.640,0.898,0.802,165.3,lissajous
736417.0364,59.6015,748.32,145.75,989.38,278.04,1027.70,590.23,128.79,1098.78,48.88,1099.87,158.99,4.015,0,SACCADE,1.070,0.974,0.802,165.3,lissajous
736417.0526,59.6176,764.17,150.80,980.21,312.44,1028.80,608.22,128.23,1112.31,-34.55,1112.84,157.58,3.980,0,SACCADE,1.082,0.943,0.802,165.3,lissajous
736417.0692,59.6343,780.32,156.56,970.84,346.46,1030.81,625.61,127.46,1045.40,-45.94,1046.41,157.42,3.976,0,SACCADE,1.015,0.926,0.802,165.3,lissajous
736417.0854,59.6505,795.86,162.71,959.30,379.26,1031.55,643.03,128.20,1075.44,45.26,1076.39,156.68,3.957,0,SACCADE,1.043,0.945,0.802,165.2,lissajous
736417.1027,59.6678,812.26,169.84,946.87,411.95,1032.60,656.63,130.59,785.40,138.13,797.45,160.50,4.054,0,SACCADE,0.772,0.972,0.798,165.3,lissajous
736417.1188,59.6839,827.29,176.99,932.97,443.35,1032.96,680.05,133.87,1453.34,203.88,1467.57,153.42,3.875,0,SACCADE,1.421,0.954,0.798,165.3,lissajous
736417.1356,59.7007,842.70,184.93,918.46,473.24,1033.21,696.80,133.38,998.01,-29.51,998.45,154.74,3.908,0,SACCADE,0.966,0.875,0.799,165.3,lissajous
736417.1521,59.7172,857.61,193.22,901.75,501.83,1031.99,710.49,134.09,828.63,43.30,829.76,158.55,4.004,0,SACCADE,0.804,0.898,0.794,148.8,lissajous
736417.1691,59.7342,872.57,202.18,883.46,528.93,1029.70,722.02,137.26,680.65,187.22,705.93,163.95,4.140,0,SACCADE,0.686,0.963,0.788,165.3,lissajous
736417.1853,59.7504,886.65,211.21,865.59,555.25,1028.37,741.24,140.41,1181.47,193.60,1197.23,161.73,4.084,0,SACCADE,1.164,0.918,0.788,165.3,lissajous
736417.2020,59.7671,900.76,220.87,846.12,579.56,1025.58,759.23,145.03,1078.59,276.73,1113.52,160.57,4.055,0,SACCADE,1.086,0.940,0.789,165.3,lissajous
736417.2176,59.7827,913.60,230.23,825.60,601.59,1021.53,773.82,148.96,938.25,252.74,971.69,161.69,4.084,0,SACCADE,0.951,0.934,0.786,148.7,lissajous
736417.2335,59.7985,926.37,240.10,804.33,621.34,1016.37,782.84,152.81,567.88,242.12,617.34,168.00,4.243,0,SMOOTH_PURSUIT,0.607,0.968,0.776,148.6,lissajous
736417.2507,59.8158,939.85,251.15,781.91,641.30,1011.26,805.46,162.19,1312.80,544.67,1421.30,161.16,4.070,0,SACCADE,1.405,0.957,0.775,165.2,lissajous
736417.2676,59.8327,952.66,262.32,757.02,659.54,1004.03,815.65,170.79,601.88,507.86,787.51,164.77,4.161,0,SACCADE,0.784,1.000,0.771,148.7,lissajous
736417.2847,59.8498,965.16,273.87,731.52,676.14,996.14,837.99,179.86,1307.78,530.76,1411.38,158.14,3.994,0,SACCADE,1.417,0.936,0.763,132.2,lissajous
736417.3017,59.8668,977.16,285.63,704.63,690.59,986.62,849.17,188.35,656.10,498.70,824.11,160.77,4.060,0,SACCADE,0.835,0.992,0.763,165.2,lissajous
736417.3188,59.8839,988.70,297.62,676.41,702.65,975.32,863.92,196.72,864.31,490.47,993.78,160.48,4.053,0,SACCADE,1.019,0.959,0.767,165.3,lissajous
736417.3349,59.9000,999.15,309.10,648.95,713.41,964.41,879.81,202.45,987.92,356.01,1050.11,160.05,4.042,0,SACCADE,1.089,0.884,0.764,148.7,lissajous
736417.3518,59.9168,1009.60,321.27,619.92,721.21,951.02,896.86,219.03,1010.30,982.68,1409.38,152.20,3.844,0,SACCADE,1.482,0.996,0.767,165.3,lissajous
736417.3689,59.9340,1019.73,333.77,589.47,727.65,936.46,904.96,224.83,471.29,337.69,579.78,158.24,3.997,0,SMOOTH_PURSUIT,0.619,0.964,0.758,148.8,lissajous
736417.3848,59.9498,1028.59,345.37,560.04,733.10,922.54,918.63,238.33,864.29,853.03,1214.35,153.46,3.876,0,SACCADE,1.316,0.990,0.762,165.2,lissajous
736417.4021,59.9672,1037.76,358.12,527.80,734.06,904.11,932.66,242.13,807.48,218.93,836.64,156.53,3.953,0,SACCADE,0.925,0.776,0.764,165.3,lissajous
736417.4189,59.9839,1046.05,370.41,495.39,734.91,886.28,947.46,252.07,884.77,594.44,1065.91,154.03,3.890,0,SACCADE,1.203,0.926,0.762,165.4,lissajous
736417.4351,60.0001,1053.55,382.29,463.18,733.41,867.43,958.06,263.39,654.22,698.77,957.22,152.50,3.852,0,SACCADE,1.104,0.982,0.770,181.9,lissajous
736417.4505,60.0155,1060.20,393.54,431.39,729.64,847.62,973.60,278.27,1008.31,965.26,1395.86,144.18,3.642,0,SACCADE,1.647,0.963,0.775,165.3,lissajous
736417.4678,60.0329,1067.12,406.12,398.20,724.39,826.62,985.11,291.81,662.80,779.32,1023.05,140.69,3.553,0,SACCADE,1.238,0.980,0.775,181.8,lissajous
736417.4840,60.0490,1072.97,417.66,363.40,716.34,803.25,993.59,303.01,526.33,695.17,871.95,139.45,3.522,0,SACCADE,1.086,0.984,0.777,165.3,lissajous
736417.4997,60.0648,1078.18,428.82,330.22,707.63,780.88,1002.80,313.50,583.71,665.63,885.31,137.77,3.480,0,SACCADE,1.134,0.960,0.779,181.8,lissajous
736417.5161,60.0812,1083.03,440.24,296.20,696.83,757.17,1015.47,321.25,773.42,472.54,906.35,136.84,3.456,0,SACCADE,1.197,0.814,0.780,165.3,lissajous
736417.5318,60.0968,1087.13,450.95,261.83,684.03,732.43,1024.83,336.97,597.59,1003.99,1168.37,129.90,3.281,0,SACCADE,1.595,0.985,0.785,165.2,lissajous
736417.5485,60.1135,1090.92,462.13,226.87,669.54,706.93,1034.11,354.89,555.88,1073.03,1208.47,121.36,3.066,0,SACCADE,1.709,0.989,0.784,165.2,lissajous
736417.5652,60.1302,1094.10,473.03,190.44,652.65,679.87,1044.54,366.09,624.77,671.01,916.84,117.86,2.977,0,SACCADE,1.349,0.893,0.785,165.3,lissajous
736417.5808,60.1459,1096.53,482.96,155.01,634.97,653.62,1043.69,371.09,-54.37,319.59,324.18,123.72,3.125,0,SMOOTH_PURSUIT,0.496,0.918,0.779,165.2,lissajous
736417.5967,60.1618,1098.44,492.78,120.10,615.65,627.25,1052.98,388.39,582.97,1085.10,1231.79,113.86,2.876,0,SACCADE,1.964,0.955,0.779,165.3,lissajous
736417.6138,60.1788,1099.86,502.88,83.52,593.77,599.61,1065.56,398.35,739.37,585.29,942.99,110.02,2.779,0,SACCADE,1.573,0.724,0.776,181.8,lissajous
736417.6299,60.1950,1100.62,512.11,46.71,571.40,573.31,1066.36,413.10,49.34,913.31,914.64,104.77,2.647,0,SACCADE,1.595,1.000,0.780,165.3,lissajous
736417.6468,60.2119,1100.78,521.30,9.85,544.81,544.90,1076.67,424.73,611.38,689.56,921.57,99.53,2.514,0,SACCADE,1.691,0.760,0.779,165.3,lissajous
736417.6634,60.2285,1100.32,529.95,-27.47,519.40,520.12,1079.67,432.89,179.85,489.84,521.81,99.23,2.507,0,SMOOTH_PURSUIT,1.003,0.919,0.777,165.2,lissajous
736417.6804,60.2454,1099.23,538.25,-64.81,490.79,495.05,1082.89,445.73,190.46,758.88,782.42,93.95,2.374,0,SACCADE,1.580,0.930,0.773,165.2,lissajous
736417.6974,60.2624,1097.48,546.10,-102.56,461.36,472.62,1085.00,452.66,123.95,408.04,426.45,94.26,2.381,0,SMOOTH_PURSUIT,0.902,0.871,0.765,148.7,lissajous
736417.7140,60.2791,1095.16,553.25,-139.62,429.91,452.02,1087.43,466.46,146.27,828.97,841.77,87.13,2.201,0,SACCADE,1.862,0.883,0.757,165.3,lissajous
736417.7303,60.2954,1092.28,559.77,-175.97,398.71,435.81,1091.94,474.86,275.52,513.95,583.14,84.91,2.145,0,SMOOTH_PURSUIT,1.338,0.616,0.749,148.8,lissajous
736417.7467,60.3118,1088.81,565.77,-211.82,366.56,423.36,1099.85,483.55,483.34,530.41,717.60,82.96,2.096,0,SACCADE,1.695,0.303,0.742,148.8,lissajous
736417.7630,60.3281,1084.78,571.21,-247.23,333.27,414.96,1104.99,498.34,314.87,906.71,959.83,75.62,1.910,0,SACCADE,2.313,0.563,0.731,165.3,lissajous
736417.7793,60.3444,1080.19,576.08,-282.61,299.69,411.93,1099.94,503.96,-310.76,345.66,464.81,74.78,1.889,0,SMOOTH_PURSUIT,1.128,1.000,0.734,148.8,lissajous
736417.7968,60.3619,1074.62,580.69,-318.22,263.31,413.04,1096.89,514.86,-173.89,622.85,646.66,69.49,1.756,0,SMOOTH_PURSUIT,1.566,0.821,0.726,132.3,lissajous
736417.8134,60.3785,1068.74,584.45,-353.75,225.98,419.77,1100.27,528.17,203.10,800.33,825.70,64.51,1.630,0,SACCADE,1.967,0.315,0.713,115.8,lissajous
736417.8296,60.3947,1062.46,587.52,-388.27,190.02,432.27,1098.91,536.46,-84.10,513.35,520.19,62.73,1.585,0,SMOOTH_PURSUIT,1.203,0.579,0.701,99.2,lissajous
736417.8460,60.4111,1055.54,590.04,-421.23,153.28,448.25,1095.92,538.66,-181.94,133.49,225.66,65.35,1.651,0,SMOOTH_PURSUIT,0.503,0.960,0.697,115.7,lissajous
736417.8623,60.4274,1048.16,591.93,-454.14,116.21,468.78,1095.64,547.58,-17.38,549.00,549.28,64.97,1.641,0,DRIFT,1.172,0.278,0.691,99.2,lissajous
736417.8787,60.4438,1040.16,593.22,-486.52,78.83,492.87,1091.90,555.95,-227.25,509.67,558.04,63.77,1.611,0,SMOOTH_PURSUIT,1.132,0.548,0.681,115.7,lissajous
736417.8951,60.4602,1031.66,593.89,-518.30,41.04,519.92,1092.92,560.17,61.87,257.13,264.47,69.93,1.767,0,DRIFT,0.509,-0.156,0.677,99.1,lissajous
736417.9112,60.4762,1022.85,593.95,-548.94,3.57,548.95,1088.78,570.29,-257.72,630.32,680.97,70.05,1.770,0,SACCADE,1.240,0.384,0.664,99.1,lissajous
736417.9272,60.4922,1013.60,593.42,-578.59,-33.40,579.55,1085.98,568.54,-175.17,-109.72,206.70,76.54,1.934,0,SMOOTH_PURSUIT,0.357,0.877,0.657,115.6,lissajous
736417.9427,60.5078,1004.13,592.33,-607.23,-69.77,611.22,1081.87,573.39,-264.20,311.21,408.23,80.01,2.021,0,SMOOTH_PURSUIT,0.668,0.556,0.662,115.6,lissajous
736417.9591,60.5242,993.71,590.58,-635.31,-106.42,644.16,1078.16,578.11,-226.09,288.14,366.26,85.36,2.156,0,SMOOTH_PURSUIT,0.569,0.479,0.663,132.1,lissajous
736417.9756,60.5407,982.76,588.21,-663.58,-143.89,679.00,1071.06,582.78,-429.96,283.12,514.80,88.47,2.235,0,SMOOTH_PURSUIT,0.758,0.700,0.672,132.1,lissajous
736417.9925,60.5575,971.14,585.16,-690.98,-181.35,714.38,1064.54,588.25,-387.97,325.15,506.21,93.45,2.361,0,SMOOTH_PURSUIT,0.709,0.578,0.678,132.1,lissajous
736418.0099,60.5750,958.63,581.34,-718.38,-219.36,751.13,1055.25,589.31,-533.32,61.04,536.80,96.95,2.449,0,SMOOTH_PURSUIT,0.715,0.917,0.687,148.7,lissajous
736418.0264,60.5915,946.32,577.10,-744.64,-256.48,787.57,1041.54,590.92,-829.46,96.98,835.11,96.21,2.431,0,SACCADE,1.060,0.901,0.694,132.1,lissajous
736418.0437,60.6088,932.98,572.03,-769.36,-292.61,823.12,1033.95,589.85,-437.26,-61.40,441.55,102.54,2.590,0,SMOOTH_PURSUIT,0.536,0.975,0.702,132.2,lissajous
736418.0604,60.6254,919.79,566.57,-794.33,-328.50,859.58,1030.42,595.58,-212.92,344.68,405.14,114.37,2.889,0,DRIFT,0.471,0.161,0.714,148.7,lissajous
736418.0772,60.6423,906.05,560.47,-815.76,-362.07,892.50,1020.26,595.09,-602.90,-28.98,603.60,119.35,3.015,0,SMOOTH_PURSUIT,0.676,0.932,0.723,165.3,lissajous
736418.0939,60.6589,892.09,553.88,-838.40,-395.70,927.09,1006.92,591.31,-801.26,-226.77,832.73,120.78,3.051,0,SACCADE,0.898,0.986,0.726,165.2,lissajous
736418.1106,60.6757,877.71,546.72,-858.01,-427.30,958.53,994.98,591.15,-712.14,-9.88,712.21,125.41,3.168,0,SACCADE,0.743,0.901,0.731,165.3,lissajous
736418.1271,60.6922,863.26,539.18,-877.29,-458.00,989.65,991.35,591.76,-220.44,37.34,223.58,138.47,3.497,0,SMOOTH_PURSUIT,0.226,0.797,0.736,165.3,lissajous
736418.1428,60.7079,849.20,531.54,-895.13,-486.70,1018.89,978.27,588.80,-833.17,-188.56,854.24,141.20,3.566,0,SACCADE,0.838,0.962,0.741,165.3,lissajous
736418.1594,60.7245,834.06,523.00,-910.82,-513.68,1045.68,964.25,586.22,-843.67,-155.28,857.84,144.72,3.655,0,SACCADE,0.820,0.946,0.741,165.3,lissajous
736418.1766,60.7417,818.10,513.68,-927.30,-541.24,1073.70,952.06,582.38,-707.87,-222.86,742.13,150.55,3.802,0,SACCADE,0.691,0.975,0.741,181.9,lissajous
736418.1937,60.7587,802.06,504.02,-941.66,-566.98,1099.18,939.77,580.62,-721.51,-103.68,728.92,157.58,3.980,0,SACCADE,0.663,0.921,0.749,181.9,lissajous
736418.2102,60.7753,786.26,494.24,-954.99,-590.95,1123.04,925.16,573.42,-882.92,-434.76,984.16,159.88,4.038,0,SACCADE,0.876,0.995,0.747,165.4,lissajous
736418.2267,60.7918,770.27,484.11,-966.75,-612.91,1144.67,912.94,568.17,-739.16,-317.66,804.53,165.59,4.182,0,SACCADE,0.703,0.987,0.742,148.8,lissajous
736418.2425,60.8076,754.85,474.12,-976.68,-632.55,1163.62,898.53,558.80,-912.54,-593.17,1088.39,166.78,4.212,0,SACCADE,0.935,1.000,0.737,165.3,lissajous
736418.2600,60.8251,737.63,462.75,-985.65,-651.07,1181.27,885.01,550.73,-774.00,-461.89,901.34,171.64,4.335,0,SACCADE,0.763,0.999,0.733,165.4,lissajous
736418.2762,60.8412,721.56,451.94,-994.44,-668.71,1198.37,864.17,539.76,-1289.42,-679.14,1457.33,167.48,4.230,0,SACCADE,1.216,0.994,0.725,148.9,lissajous
736418.2928,60.8579,704.94,440.59,-1000.18,-683.09,1211.18,856.41,531.81,-467.03,-478.16,668.40,176.82,4.465,0,SACCADE,0.552,0.980,0.716,165.4,lissajous
736418.3100,60.8751,687.63,428.60,-1005.65,-696.63,1223.36,838.60,526.52,-1034.88,-307.32,1079.55,179.94,4.544,0,SACCADE,0.882,0.950,0.712,148.8,lissajous
736418.3271,60.8921,670.39,416.51,-1009.62,-708.25,1233.27,823.92,517.57,-859.65,-524.42,1006.98,183.80,4.641,0,SACCADE,0.817,0.998,0.704,132.3,lissajous
736418.3437,60.9087,653.58,404.59,-1011.99,-717.58,1240.58,806.41,509.90,-1054.02,-461.84,1150.76,185.60,4.687,0,SACCADE,0.928,0.979,0.703,148.9,lissajous
736418.3608,60.9259,636.23,392.17,-1013.38,-725.19,1246.13,791.05,499.85,-896.89,-586.81,1071.80,188.59,4.762,0,SACCADE,0.860,0.999,0.697,132.4,lissajous
736418.3770,60.9421,619.78,380.31,-1013.40,-730.73,1249.38,777.76,490.67,-819.05,-565.32,995.20,192.71,4.866,0,SACCADE,0.797,1.000,0.685,115.8,lissajous
736418.3931,60.9581,603.57,368.55,-1011.04,-733.40,1249.03,760.83,477.47,-1055.99,-823.70,1339.25,191.29,4.830,0,SACCADE,1.072,0.999,0.684,115.8,lissajous
736418.4092,60.9743,587.31,356.70,-1007.97,-734.58,1247.24,742.83,469.23,-1115.50,-510.57,1226.79,191.96,4.847,0,SACCADE,0.984,0.980,0.675,132.2,lissajous
736418.4253,60.9903,571.18,344.90,-1004.51,-734.53,1244.41,732.73,455.67,-629.20,-844.30,1052.96,195.88,4.946,0,SACCADE,0.846,0.956,0.670,148.8,lissajous
736418.4418,61.0069,554.60,332.76,-999.03,-732.06,1238.54,713.43,444.85,-1163.26,-651.97,1333.50,194.40,4.909,0,SACCADE,1.077,0.993,0.671,132.2,lissajous
736418.4579,61.0229,538.70,321.10,-992.69,-727.97,1231.01,698.67,432.79,-921.27,-753.31,1190.04,195.10,4.926,0,SACCADE,0.967,0.999,0.666,148.7,lissajous
736418.4744,61.0394,522.45,309.18,-984.43,-721.50,1220.52,678.96,420.54,-1193.73,-741.97,1405.53,192.08,4.850,0,SACCADE,1.152,0.997,0.672,132.2,lissajous
736418.4909,61.0559,506.38,297.43,-974.91,-713.12,1207.89,662.53,410.85,-996.66,-587.24,1156.80,193.00,4.873,0,SACCADE,0.958,0.995,0.667,115.7,lissajous
736418.5071,61.0722,490.71,286.01,-964.21,-702.94,1193.24,638.84,401.86,-1458.17,-553.39,1559.65,188.06,4.749,0,SACCADE,1.307,0.965,0.672,148.7,lissajous
736418.5232,61.0883,475.37,274.88,-952.31,-690.96,1176.57,622.36,387.34,-1022.93,-901.45,1363.46,185.08,4.674,0,SACCADE,1.159,0.996,0.682,132.2,lissajous
736418.5401,61.1052,459.48,263.42,-940.15,-677.79,1159.00,612.44,372.50,-587.08,-878.38,1056.52,187.87,4.744,0,SACCADE,0.912,0.937,0.683,132.2,lissajous
736418.5555,61.1205,445.29,253.27,-925.08,-661.74,1137.40,594.76,364.72,-1152.42,-506.59,1258.85,186.45,4.708,0,SACCADE,1.107,0.979,0.684,115.6,lissajous
736418.5724,61.1375,429.87,242.34,-910.41,-645.09,1115.80,578.09,349.92,-984.04,-874.34,1316.36,183.15,4.625,0,SACCADE,1.180,0.994,0.690,148.8,lissajous
736418.5891,61.1542,414.92,231.87,-893.07,-625.38,1090.26,563.16,340.53,-892.04,-560.53,1053.54,183.80,4.641,0,SACCADE,0.966,0.999,0.695,132.2,lissajous
736418.6062,61.1713,399.95,221.54,-875.74,-604.73,1064.25,544.09,329.96,-1115.84,-618.64,1275.86,180.36,4.555,0,BLINK,1.199,0.995,0.699,165.3,lissajous
736418.6234,61.1885,385.28,211.58,-853.88,-579.97,1032.22,537.09,315.20,-407.68,-859.49,951.28,183.80,4.641,0,BLINK,0.922,0.862,0.710,148.8,lissajous
736418.6408,61.2059,370.74,201.89,-833.66,-555.37,1001.71,515.91,307.23,-1213.83,-456.69,1296.90,179.36,4.529,0,BLINK,1.295,0.974,0.715,148.9,lissajous
736418.6576,61.2226,357.17,193.05,-811.30,-528.64,968.33,496.28,292.57,-1173.54,-876.78,1464.91,171.04,4.320,0,BLINK,1.513,0.998,0.719,132.4,lissajous
736418.6745,61.2395,343.86,184.59,-787.81,-500.63,933.42,482.12,282.95,-838.01,-568.97,1012.91,169.68,4.285,0,BLINK,1.085,1.000,0.722,165.5,lissajous
736418.6911,61.2562,331.12,176.72,-764.28,-471.92,898.24,470.08,270.07,-722.82,-773.14,1058.40,167.40,4.227,0,BLINK,1.178,0.965,0.731,149.0,lissajous
736418.7073,61.2724,319.12,169.55,-740.08,-442.40,862.23,454.66,261.64,-950.75,-519.81,1083.57,163.86,4.138,0,BLINK,1.257,0.999,0.734,149.0,lissajous
736418.7244,61.2895,306.93,162.53,-713.77,-410.81,823.55,435.28,246.08,-1134.84,-911.19,1455.38,153.14,3.868,0,BLINK,1.767,0.988,0.741,165.5,lissajous
736418.7406,61.3057,295.81,156.41,-687.11,-378.49,784.46,419.72,237.75,-961.18,-514.61,1090.27,148.22,3.744,0,BLINK,1.390,1.000,0.750,165.5,lissajous
736418.7579,61.3230,284.40,150.44,-658.99,-344.70,743.70,408.97,227.12,-620.81,-613.45,872.77,146.28,3.695,0,BLINK,1.174,0.956,0.750,165.5,lissajous
736418.7748,61.3399,273.77,145.21,-630.24,-309.68,702.21,391.17,219.12,-1055.43,-474.64,1157.24,138.73,3.504,0,BLINK,1.648,0.999,0.753,165.5,lissajous
736418.7907,61.3558,264.18,140.83,-601.67,-275.11,661.58,379.12,207.89,-756.20,-704.42,1033.47,133.07,3.361,0,SACCADE,1.562,0.949,0.755,165.5,lissajous
736418.8073,61.3723,254.76,136.88,-570.32,-239.19,618.45,367.51,197.78,-702.82,-612.18,932.05,128.15,3.237,0,SACCADE,1.507,0.949,0.759,165.6,lissajous
736418.8243,61.3894,245.57,133.43,-539.92,-202.65,576.70,352.70,188.69,-870.03,-533.59,1020.62,120.54,3.045,0,SACCADE,1.770,0.982,0.758,165.5,lissajous
736418.8418,61.4069,236.69,130.55,-507.04,-164.06,532.92,338.86,184.72,-790.17,-227.10,822.16,115.64,2.921,0,SACCADE,1.543,0.999,0.751,165.6,lissajous
736418.8583,61.4234,228.85,128.48,-473.89,-125.54,490.24,328.72,169.38,-612.53,-926.94,1111.05,107.93,2.726,0,SACCADE,2.266,0.747,0.749,182.1,lissajous
736418.8752,61.4403,221.41,127.00,-440.75,-87.37,449.32,313.57,167.98,-897.94,-82.58,901.73,100.86,2.548,0,SACCADE,2.007,0.995,0.744,165.6,lissajous
736418.8908,61.4559,215.04,126.22,-407.83,-50.02,410.89,302.80,159.39,-690.23,-550.81,883.07,93.81,2.370,0,SACCADE,2.149,0.852,0.737,165.5,lissajous
736418.9076,61.4727,208.75,126.01,-374.41,-12.64,374.62,283.36,154.28,-1157.11,-303.88,1196.35,79.78,2.016,0,SACCADE,3.193,0.975,0.721,149.0,lissajous
736418.9241,61.4892,203.15,126.44,-339.93,25.81,340.91,277.90,145.99,-331.02,-502.65,601.86,77.27,1.952,0,SMOOTH_PURSUIT,1.765,0.485,0.712,165.6,lissajous
736418.9405,61.5055,198.16,127.48,-304.90,63.61,311.47,270.06,142.46,-479.25,-216.29,525.80,73.45,1.856,0,SMOOTH_PURSUIT,1.688,0.808,0.703,149.0,lissajous
736418.9584,61.5235,193.34,129.33,-268.42,102.98,287.50,264.21,141.18,-326.20,-70.88,333.81,71.85,1.815,0,SMOOTH_PURSUIT,1.161,0.836,0.695,165.7,lissajous
736418.9752,61.5402,189.47,131.71,-231.10,142.56,271.53,253.74,135.79,-625.66,-322.13,703.72,64.39,1.627,0,SACCADE,2.592,0.516,0.686,149.1,lissajous
736418.9907,61.5558,186.44,134.48,-195.71,178.70,265.03,245.09,134.74,-556.92,-67.72,561.02,58.66,1.482,0,SMOOTH_PURSUIT,2.117,0.652,0.678,149.1,lissajous
736419.0069,61.5720,183.82,137.97,-161.10,214.33,268.13,231.74,133.13,-821.13,-98.80,827.06,48.17,1.217,0,SACCADE,3.085,0.501,0.668,132.4,lissajous
736419.0235,61.5886,181.75,142.11,-124.78,250.09,279.49,226.96,132.03,-288.94,-66.52,296.49,46.31,1.170,0,DRIFT,1.061,0.234,0.665,115.9,lissajous
736419.0416,61.6067,180.19,147.31,-86.40,287.30,300.01,217.91,134.81,-499.71,153.49,522.75,39.74,1.004,1,SMOOTH_PURSUIT,1.742,0.556,0.662,149.1,lissajous
736419.0580,61.6231,179.40,152.63,-47.99,323.57,327.11,210.21,128.74,-468.08,-368.90,595.98,38.99,0.985,1,DRIFT,1.822,-0.497,0.662,132.5,lissajous
736419.0741,61.6392,179.21,158.36,-11.79,357.01,357.21,204.52,126.41,-354.48,-144.89,382.95,40.76,1.030,1,DRIFT,1.072,-0.348,0.670,115.9,lissajous
736419.0902,61.6553,179.60,164.63,24.05,388.79,389.53,199.97,131.53,-282.08,317.10,424.41,38.87,0.982,1,SMOOTH_PURSUIT,1.090,0.705,0.678,132.4,lissajous
736419.1073,61.6724,180.64,171.82,61.00,420.85,425.24,201.98,129.96,117.70,-91.44,149.04,46.98,1.187,0,DRIFT,0.350,-0.494,0.690,132.5,lissajous
736419.1249,61.6899,182.38,179.78,99.49,453.10,463.89,192.53,127.98,-537.98,-113.24,549.76,52.78,1.334,0,DRIFT,1.185,-0.411,0.696,132.5,lissajous
736419.1409,61.7060,184.58,187.53,136.71,483.07,502.04,193.00,133.03,28.96,314.84,316.17,55.15,1.393,0,SMOOTH_PURSUIT,0.630,0.983,0.706,132.5,lissajous
736419.1574,61.7225,187.43,195.97,172.49,510.50,538.85,185.73,134.72,-439.86,102.31,451.61,61.27,1.548,0,DRIFT,0.838,-0.097,0.716,149.0,lissajous
736419.1740,61.7391,190.89,204.86,208.69,537.31,576.42,187.90,139.30,131.20,276.36,305.93,65.63,1.658,0,SMOOTH_PURSUIT,0.531,0.997,0.732,132.4,lissajous
736419.1903,61.7553,194.86,214.02,244.40,562.61,613.40,187.39,141.08,-31.48,109.40,113.84,73.32,1.852,0,SMOOTH_PURSUIT,0.186,0.771,0.740,149.0,lissajous
736419.2073,61.7724,199.65,224.03,280.29,586.61,650.13,183.04,147.48,-254.82,375.14,453.50,78.33,1.979,0,SMOOTH_PURSUIT,0.698,0.504,0.757,149.0,lissajous
736419.2248,61.7899,205.18,234.67,316.92,609.53,687.00,184.24,151.12,68.91,208.29,219.40,86.13,2.176,0,SMOOTH_PURSUIT,0.319,0.987,0.765,149.0,lissajous
736419.2416,61.8067,211.12,245.29,353.25,631.26,723.38,180.01,157.75,-251.31,394.03,467.35,92.90,2.347,0,SMOOTH_PURSUIT,0.646,0.473,0.772,149.0,lissajous
736419.2579,61.8230,217.43,255.87,387.38,649.63,756.36,183.22,167.82,197.00,617.91,648.56,94.47,2.387,0,SMOOTH_PURSUIT,0.857,0.974,0.777,149.0,lissajous
736419.2740,61.8391,224.19,266.59,420.52,666.38,787.97,180.24,175.39,-185.64,471.37,506.61,101.23,2.557,0,SMOOTH_PURSUIT,0.643,0.591,0.781,165.6,lissajous
736419.2899,61.8549,231.38,277.41,452.50,680.87,817.52,181.13,179.06,55.93,231.04,237.71,110.44,2.790,0,SMOOTH_PURSUIT,0.291,0.940,0.790,165.6,lissajous
736419.3063,61.8713,239.33,288.78,484.62,694.36,846.75,185.42,188.06,261.89,548.90,608.17,114.24,2.886,0,SMOOTH_PURSUIT,0.718,0.987,0.794,165.6,lissajous
736419.3225,61.8876,247.70,300.24,516.18,705.76,874.38,191.08,198.96,348.53,671.63,756.68,116.03,2.931,0,SACCADE,0.865,0.988,0.799,165.5,lissajous
736419.3401,61.9051,257.33,312.81,548.02,715.40,901.18,193.02,208.19,110.52,525.47,536.96,122.81,3.102,0,SMOOTH_PURSUIT,0.596,0.902,0.804,165.6,lissajous
736419.3566,61.9216,266.89,324.74,579.70,723.57,927.15,195.31,214.65,138.69,391.78,415.60,131.32,3.317,0,SMOOTH_PURSUIT,0.448,0.944,0.806,165.6,lissajous
736419.3738,61.9389,277.42,337.32,610.02,729.28,950.78,197.78,227.53,143.71,746.20,759.91,135.64,3.426,0,SACCADE,0.799,0.875,0.810,165.7,lissajous
736419.3895,61.9546,287.46,348.84,639.17,733.30,972.76,203.18,243.47,343.28,1014.83,1071.31,134.93,3.408,0,SACCADE,1.101,0.925,0.808,165.6,lissajous
736419.4059,61.9710,298.40,360.92,666.43,734.89,992.06,210.71,251.95,458.62,516.06,690.40,139.87,3.533,0,SACCADE,0.696,1.000,0.808,165.6,lissajous
736419.4217,61.9868,309.32,372.49,692.92,734.67,1009.89,221.34,262.58,674.79,675.00,954.44,140.79,3.556,0,SACCADE,0.945,1.000,0.822,165.5,lissajous
736419.4386,62.0036,321.46,384.85,719.11,732.74,1026.65,226.70,273.48,317.72,646.19,720.08,146.22,3.693,0,SACCADE,0.701,0.950,0.823,165.6,lissajous
736419.4559,62.0210,334.65,397.75,761.76,744.14,1064.91,239.19,283.15,720.93,558.06,911.68,149.15,3.767,0,SACCADE,0.856,0.993,0.821,165.6,lissajous
736419.4715,62.0366,346.38,408.75,751.43,704.93,1030.33,243.81,294.67,295.79,737.79,794.87,153.41,3.875,0,SACCADE,0.771,0.906,0.821,165.5,lissajous
736419.4882,62.0533,359.66,420.72,793.09,714.99,1067.80,252.81,307.51,537.67,767.18,936.83,155.67,3.932,0,SACCADE,0.877,0.975,0.820,165.6,lissajous
736419.5057,62.0707,373.86,432.98,815.72,704.28,1077.69,265.14,318.86,707.64,651.73,962.03,157.63,3.981,0,SACCADE,0.893,0.999,0.817,182.3,lissajous
736419.5219,62.0869,387.44,444.21,837.57,692.37,1086.70,274.65,329.97,587.03,685.72,902.68,160.53,4.054,0,SACCADE,0.831,0.985,0.816,165.7,lissajous
736419.5382,62.1033,401.48,455.32,857.39,678.77,1093.55,285.55,346.19,665.33,990.05,1192.84,159.22,4.021,0,SACCADE,1.091,0.952,0.812,165.6,lissajous
736419.5559,62.1210,416.99,467.04,877.23,662.87,1099.51,290.40,350.90,274.76,266.73,382.93,171.79,4.338,0,SMOOTH_PURSUIT,0.348,0.992,0.804,165.7,lissajous
736419.5720,62.1371,431.37,477.40,894.93,644.71,1102.97,305.50,367.72,939.55,1046.54,1406.41,166.96,4.216,0,SACCADE,1.275,0.977,0.803,165.6,lissajous
736419.5886,62.1537,446.52,487.80,911.80,626.06,1106.04,320.75,376.34,917.68,519.04,1054.30,168.06,4.244,0,SACCADE,0.953,0.996,0.802,182.3,lissajous
736419.6051,62.1702,461.84,497.80,927.13,605.04,1107.08,328.83,384.94,488.86,520.60,714.15,174.44,4.405,0,SACCADE,0.645,0.972,0.800,165.7,lissajous
736419.6212,62.1863,476.98,507.18,941.25,582.93,1107.14,342.22,403.82,832.58,1173.65,1438.97,169.83,4.289,0,SACCADE,1.300,0.921,0.802,165.7,lissajous
736419.6370,62.2021,492.08,516.04,953.96,559.84,1106.11,353.74,409.12,727.89,334.42,801.04,174.85,4.415,0,SACCADE,0.724,0.995,0.796,165.7,lissajous
736419.6523,62.2174,506.84,524.23,964.50,535.55,1103.21,367.07,418.68,871.32,624.87,1072.22,175.15,4.423,0,SACCADE,0.972,0.993,0.796,165.6,lissajous
736419.6692,62.2342,523.24,532.81,975.79,510.03,1101.05,374.96,439.57,469.35,1242.95,1328.61,175.16,4.423,0,SACCADE,1.207,0.746,0.800,165.6,lissajous
736419.6853,62.2504,539.16,540.59,984.14,481.43,1095.59,397.16,450.81,1372.87,695.02,1538.78,168.00,4.243,0,SACCADE,1.405,1.000,0.800,165.6,lissajous
736419.7028,62.2679,556.52,548.49,993.21,451.83,1091.15,411.05,462.51,794.28,668.86,1038.39,168.99,4.268,0,SACCADE,0.952,0.963,0.804,165.6,lissajous
736419.7188,62.2839,572.48,555.21,999.21,420.41,1084.05,420.72,475.25,605.34,797.92,1001.56,171.54,4.332,0,SACCADE,0.924,0.866,0.804,165.6,lissajous
736419.7358,62.3009,589.63,561.84,1005.02,388.77,1077.59,441.19,481.07,1199.82,341.02,1247.35,168.99,4.268,0,SACCADE,1.158,0.996,0.803,165.6,lissajous
736419.7516,62.3167,605.50,567.44,1008.94,356.10,1069.94,453.29,490.05,769.02,570.53,957.55,170.76,4.312,0,SACCADE,0.895,0.956,0.805,165.5,lissajous
736419.7681,62.3332,622.24,572.79,1011.57,323.03,1061.90,468.92,505.86,944.61,955.94,1343.91,167.29,4.225,0,SACCADE,1.266,0.886,0.806,165.5,lissajous
736419.7843,62.3494,638.67,577.47,1013.31,288.73,1053.64,489.45,506.85,1266.25,60.63,1267.70,165.09,4.169,0,SACCADE,1.203,0.974,0.808,165.5,lissajous
736419.8013,62.3664,655.87,581.77,1012.84,252.96,1043.95,499.13,515.20,569.85,492.18,752.97,170.29,4.301,0,SACCADE,0.721,0.893,0.810,165.5,lissajous
736419.8188,62.3839,673.60,585.54,1012.48,215.44,1035.14,514.00,529.16,849.09,797.09,1164.60,169.27,4.275,0,SACCADE,1.125,0.856,0.813,165.5,lissajous
736419.8353,62.4004,690.20,588.46,1008.91,177.47,1024.40,526.58,538.33,764.98,557.07,946.32,171.13,4.322,0,SACCADE,0.924,0.898,0.809,149.0,lissajous
736419.8524,62.4175,707.44,590.85,1005.86,139.74,1015.52,543.39,541.40,980.79,179.41,997.06,171.34,4.327,0,SACCADE,0.982,0.999,0.812,165.6,lissajous
736419.8685,62.4335,723.45,592.48,998.24,101.72,1003.41,562.62,546.92,1198.77,344.26,1247.22,167.16,4.222,0,SACCADE,1.243,0.984,0.813,165.5,lissajous
736419.8855,62.4505,740.34,593.57,993.28,63.99,995.34,579.66,557.82,1001.84,640.65,1189.17,164.62,4.157,0,SACCADE,1.195,0.875,0.814,165.6,lissajous
736419.9027,62.4678,757.29,594.00,984.65,24.53,984.96,602.93,559.74,1351.96,111.72,1356.57,158.12,3.993,0,SACCADE,1.377,0.998,0.819,165.6,lissajous
736419.9184,62.4835,772.65,593.78,975.14,-13.52,975.23,616.21,570.21,843.13,665.03,1073.85,158.21,3.996,0,SACCADE,1.101,0.776,0.820,165.6,lissajous
736419.9364,62.5014,789.94,592.84,964.64,-52.38,966.07,628.86,576.47,705.58,349.11,787.23,161.92,4.089,0,SACCADE,0.815,0.871,0.822,165.7,lissajous
736419.9537,62.5187,806.41,591.24,951.59,-92.84,956.11,650.25,579.67,1235.88,184.88,1249.64,156.59,3.955,0,SACCADE,1.307,0.970,0.819,165.7,lissajous
736419.9705,62.5356,822.24,589.01,938.19,-131.87,947.41,665.97,579.36,932.12,-18.74,932.31,156.57,3.954,0,SACCADE,0.984,0.993,0.819,165.7,lissajous
736419.9874,62.5525,837.79,586.15,923.19,-169.96,938.70,682.01,585.12,951.92,341.85,1011.44,155.79,3.935,0,SACCADE,1.077,0.864,0.822,165.7,lissajous
736420.0043,62.5694,853.14,582.63,906.44,-207.51,929.89,695.98,591.39,825.34,370.17,904.55,157.40,3.975,0,SACCADE,0.973,0.798,0.831,165.8,lissajous
736420.0212,62.5863,868.19,578.49,889.95,-244.93,923.04,711.39,589.90,910.78,-88.00,915.02,157.22,3.971,0,SACCADE,0.991,0.985,0.830,165.8,lissajous
736420.0389,62.6039,883.54,573.52,870.27,-281.99,914.81,737.95,594.83,1505.95,279.77,1531.72,147.15,3.716,0,SACCADE,1.674,0.879,0.830,182.5,lissajous
736420.0549,62.6200,897.21,568.42,850.35,-317.47,907.68,749.46,592.43,716.20,-149.47,731.63,149.69,3.781,0,SACCADE,0.806,0.989,0.832,165.9,lissajous
736420.0711,62.6362,910.62,562.75,830.48,-350.65,901.48,768.65,593.73,1188.29,80.77,1191.04,145.31,3.670,0,SACCADE,1.321,0.893,0.828,165.9,lissajous
736420.0872,62.6523,923.65,556.59,809.95,-383.17,896.01,777.71,593.66,563.14,-4.19,563.16,150.58,3.803,0,SMOOTH_PURSUIT,0.629,0.907,0.825,165.8,lissajous
736420.1032,62.6682,936.23,549.97,787.05,-413.83,889.22,796.77,591.64,1192.61,-126.38,1199.29,145.55,3.676,0,SACCADE,1.349,0.929,0.827,165.8,lissajous
736420.1192,62.6843,948.54,542.82,764.93,-444.36,884.63,814.56,589.07,1105.78,-160.26,1117.33,141.73,3.580,0,SACCADE,1.263,0.928,0.829,165.8,lissajous
736420.1361,62.7012,961.00,534.84,739.75,-473.70,878.42,828.99,586.58,856.60,-147.54,869.21,141.79,3.581,0,SACCADE,0.990,0.921,0.829,165.8,lissajous
736420.1522,62.7173,972.49,526.77,714.51,-502.32,873.41,848.65,582.64,1222.70,-244.78,1246.96,135.86,3.432,0,SACCADE,1.428,0.915,0.828,165.7,lissajous
736420.1683,62.7334,983.58,518.25,688.47,-528.69,868.04,861.10,583.92,772.43,79.16,776.48,138.98,3.510,0,SACCADE,0.895,0.727,0.827,165.7,lissajous
736420.1860,62.7511,995.28,508.42,660.18,-554.91,862.42,874.89,581.17,778.44,-155.51,793.82,140.66,3.553,0,SACCADE,0.920,0.877,0.829,165.8,lissajous
736420.2025,62.7676,1005.71,498.83,631.28,-580.46,857.58,890.59,579.84,949.94,-80.30,953.33,140.77,3.556,0,SACCADE,1.112,0.791,0.826,165.8,lissajous
736420.2191,62.7842,1015.69,488.82,601.65,-602.82,851.69,901.24,573.37,642.21,-389.75,751.23,142.29,3.594,0,SACCADE,0.882,0.971,0.828,165.9,lissajous
736420.2346,62.7997,1024.59,479.14,572.72,-623.53,846.64,916.02,568.21,951.66,-332.54,1008.09,140.43,3.547,0,SACCADE,1.191,0.882,0.833,165.8,lissajous
736420.2508,62.8159,1033.34,468.79,543.03,-641.84,840.73,928.82,559.58,793.81,-535.24,957.40,138.44,3.497,0,SACCADE,1.139,0.962,0.833,165.7,lissajous
736420.2675,62.8325,1041.88,457.79,511.82,-659.43,834.76,943.98,550.68,908.44,-533.13,1053.32,134.96,3.409,0,SACCADE,1.262,0.929,0.833,165.7,lissajous
736420.2843,62.8494,1049.97,446.39,479.27,-675.68,828.40,950.41,538.39,381.28,-728.91,822.61,135.55,3.424,0,SACCADE,0.993,0.991,0.834,165.7,lissajous
736420.3014,62.8665,1057.58,434.60,445.63,-690.17,821.53,962.42,533.10,702.90,-309.04,767.84,136.97,3.459,0,SACCADE,0.935,0.835,0.833,165.7,lissajous
736420.3186,62.8837,1064.66,422.50,411.01,-702.81,814.17,974.47,523.53,699.84,-556.40,894.07,135.43,3.421,0,SACCADE,1.098,0.932,0.834,165.7,lissajous
736420.3358,62.9009,1071.11,410.24,375.70,-713.43,806.31,988.18,516.71,797.94,-396.62,891.07,134.96,3.409,0,SACCADE,1.105,0.811,0.841,165.8,lissajous
736420.3520,62.9170,1076.62,398.58,340.86,-721.54,798.00,998.01,505.97,608.46,-664.60,901.06,133.09,3.362,0,SACCADE,1.129,0.955,0.841,165.7,lissajous
736420.3679,62.9330,1081.50,387.01,306.95,-727.46,789.57,1012.23,494.75,893.59,-705.49,1138.52,128.09,3.236,0,SACCADE,1.442,0.876,0.840,165.7,lissajous
736420.3844,62.9495,1086.01,374.89,272.65,-732.66,781.75,1021.66,485.10,570.41,-583.46,815.96,127.62,3.224,0,SACCADE,1.044,0.914,0.840,165.7,lissajous
736420.4016,62.9667,1090.07,362.27,236.01,-734.39,771.38,1027.72,472.31,352.91,-744.39,823.81,126.47,3.195,0,SACCADE,1.068,0.991,0.840,165.7,lissajous
736420.4180,62.9830,1093.34,350.24,199.58,-735.02,761.63,1033.20,463.50,334.74,-538.42,633.99,128.23,3.239,0,SMOOTH_PURSUIT,0.832,0.958,0.842,165.7,lissajous
736420.4339,62.9990,1095.95,338.56,164.12,-733.26,751.41,1040.55,450.97,461.02,-786.28,911.47,125.32,3.166,0,SACCADE,1.213,0.952,0.841,165.7,lissajous
736420.4505,63.0155,1098.07,326.48,128.32,-729.83,741.03,1050.15,444.99,579.69,-361.29,683.06,127.84,3.229,0,SACCADE,0.922,0.668,0.846,165.7,lissajous
736420.4673,63.0324,1099.62,314.24,91.33,-724.49,730.23,1060.30,431.06,601.32,-824.79,1020.72,123.26,3.113,0,SACCADE,1.398,0.875,0.845,165.7,lissajous
736420.4852,63.0503,1100.56,301.45,52.76,-717.15,719.09,1065.56,416.94,295.16,-791.56,844.79,120.67,3.048,0,SACCADE,1.175,0.960,0.844,165.9,lissajous
736420.5015,63.0666,1100.80,289.89,14.61,-706.09,706.24,1071.31,407.26,351.13,-591.13,687.55,121.02,3.057,0,SACCADE,0.974,0.870,0.843,165.9,lissajous
736420.5180,63.0830,1100.44,278.47,-21.90,-695.43,695.77,1078.04,394.51,409.63,-776.97,878.34,118.17,2.985,0,SACCADE,1.262,0.869,0.842,165.9,lissajous
736420.5337,63.0988,1099.53,267.73,-57.69,-682.37,684.80,1082.46,380.47,281.04,-891.94,935.16,114.02,2.880,0,SACCADE,1.366,0.925,0.844,165.8,lissajous
736420.5506,63.1156,1097.95,256.48,-93.88,-667.36,673.93,1091.34,363.99,526.74,-977.26,1110.18,107.71,2.721,0,SACCADE,1.647,0.806,0.839,165.9,lissajous
736420.5680,63.1331,1095.64,245.12,-131.97,-650.30,663.56,1090.06,351.89,-73.21,-692.94,696.80,106.91,2.701,0,SACCADE,1.050,0.995,0.845,182.6,lissajous
736420.5845,63.1496,1092.85,234.71,-169.37,-630.86,653.20,1088.18,346.23,-114.06,-342.44,360.94,111.62,2.820,0,SMOOTH_PURSUIT,0.553,0.998,0.846,166.0,lissajous
736420.6012,63.1663,1089.42,224.55,-205.56,-610.01,643.71,1091.74,330.73,213.56,-930.39,954.59,106.21,2.683,0,SACCADE,1.483,0.852,0.840,166.0,lissajous
736420.6174,63.1825,1085.52,215.03,-241.46,-588.68,636.27,1096.11,317.45,269.93,-821.11,864.34,102.97,2.601,0,SACCADE,1.358,0.760,0.837,166.0,lissajous
736420.6346,63.1997,1080.75,205.32,-277.18,-564.25,628.66,1097.25,308.23,66.60,-535.76,539.88,104.23,2.633,0,SMOOTH_PURSUIT,0.859,0.836,0.838,166.0,lissajous
736420.6515,63.2166,1075.43,196.20,-313.76,-538.58,623.31,1101.63,297.38,258.75,-640.82,691.08,104.52,2.640,0,SACCADE,1.109,0.613,0.836,166.0,lissajous
736420.6675,63.2325,1069.88,188.03,-348.26,-511.80,619.05,1102.01,286.70,23.42,-669.80,670.21,103.76,2.621,0,SACCADE,1.083,0.807,0.829,149.4,lissajous
736420.6846,63.2496,1063.34,179.76,-382.64,-483.80,616.83,1099.17,275.50,-166.07,-655.35,676.06,102.22,2.582,0,SACCADE,1.096,0.913,0.826,132.8,lissajous
736420.7017,63.2668,1056.17,171.98,-417.76,-453.41,616.52,1098.11,264.76,-61.68,-625.33,628.37,101.82,2.572,0,SMOOTH_PURSUIT,1.019,0.798,0.821,166.0,lissajous
736420.7178,63.2828,1048.93,165.20,-450.94,-422.40,617.88,1093.66,255.04,-277.75,-606.29,666.88,100.35,2.535,0,SACCADE,1.079,0.925,0.816,149.4,lissajous
736420.7347,63.2998,1040.72,158.57,-483.90,-390.92,622.08,1091.44,238.07,-130.62,-998.88,1007.38,94.31,2.382,0,SACCADE,1.619,0.724,0.807,166.0,lissajous
736420.7511,63.3162,1032.29,152.72,-515.84,-357.56,627.65,1091.93,226.02,30.35,-737.69,738.32,94.50,2.387,0,SACCADE,1.176,0.535,0.802,149.4,lissajous
736420.7676,63.3327,1023.22,147.36,-547.50,-324.21,636.30,1088.98,217.82,-178.24,-495.21,526.30,96.38,2.435,0,SMOOTH_PURSUIT,0.827,0.771,0.799,132.8,lissajous
736420.7845,63.3495,1013.50,142.50,-577.98,-288.95,646.18,1085.85,211.53,-186.17,-374.15,417.91,100.00,2.526,0,SMOOTH_PURSUIT,0.647,0.799,0.788,132.8,lissajous
736420.8019,63.3669,1002.89,138.10,-609.69,-252.56,659.93,1084.29,202.85,-89.85,-498.48,506.51,104.01,2.627,0,SMOOTH_PURSUIT,0.768,0.541,0.782,132.8,lissajous
736420.8182,63.3832,992.49,134.59,-638.19,-215.25,673.52,1079.58,192.69,-288.64,-623.60,687.16,104.69,2.645,0,SACCADE,1.020,0.688,0.778,149.4,lissajous
736420.8346,63.3997,981.52,131.65,-666.66,-179.01,690.27,1071.16,180.62,-511.84,-732.93,893.96,102.15,2.580,0,SACCADE,1.295,0.766,0.780,182.6,lissajous
736420.8512,63.4163,969.99,129.29,-693.87,-141.71,708.19,1062.17,174.34,-540.87,-378.32,660.05,102.60,2.592,0,SACCADE,0.932,0.918,0.788,166.1,lissajous
736420.8683,63.4334,957.72,127.53,-720.31,-103.37,727.69,1049.69,169.24,-732.61,-299.10,791.31,100.99,2.551,0,SACCADE,1.087,0.970,0.785,149.5,lissajous
736420.8854,63.4505,944.90,126.43,-747.02,-64.22,749.78,1047.97,164.54,-100.16,-274.15,291.87,109.90,2.776,0,SMOOTH_PURSUIT,0.389,0.422,0.788,149.5,lissajous
736420.9018,63.4668,932.29,126.01,-771.75,-25.62,772.17,1037.86,156.99,-619.05,-462.14,772.53,110.02,2.779,0,SACCADE,1.000,0.821,0.784,166.1,lissajous
736420.9182,63.4832,919.26,126.21,-795.10,12.17,795.19,1028.64,150.84,-562.62,-375.48,676.41,112.12,2.832,0,SACCADE,0.851,0.823,0.798,166.2,lissajous
736420.9342,63.4993,906.16,127.00,-816.40,49.56,817.90,1021.37,147.51,-453.12,-207.22,498.25,117.02,2.956,0,SMOOTH_PURSUIT,0.609,0.883,0.804,166.2,lissajous
736420.9502,63.5152,892.79,128.38,-837.63,86.40,842.08,1009.18,141.49,-764.17,-377.54,852.34,117.12,2.958,0,SACCADE,1.012,0.846,0.804,149.6,lissajous
736420.9661,63.5312,879.13,130.34,-856.91,122.84,865.67,996.37,135.12,-803.60,-399.56,897.45,117.33,2.964,0,SACCADE,1.037,0.823,0.804,166.1,lissajous
736420.9815,63.5466,865.65,132.78,-874.49,158.28,888.69,985.97,134.25,-674.27,-56.44,676.63,120.33,3.040,0,SACCADE,0.761,0.966,0.809,166.1,lissajous
736420.9977,63.5628,851.22,135.92,-892.57,193.85,913.38,979.62,133.10,-392.89,-71.04,399.26,128.43,3.244,0,SMOOTH_PURSUIT,0.437,0.924,0.812,166.0,lissajous
736421.0148,63.5798,835.70,139.85,-909.17,230.51,937.93,962.30,131.58,-1014.63,-88.73,1018.50,126.87,3.205,0,SACCADE,1.086,0.944,0.809,166.0,lissajous
736421.0314,63.5965,820.30,144.30,-925.35,267.21,963.16,951.58,127.03,-643.80,-273.33,699.42,132.41,3.345,0,SACCADE,0.726,0.776,0.814,166.0,lissajous
736421.0478,63.6129,804.92,149.25,-938.88,302.08,986.28,942.78,126.37,-537.06,-40.55,538.59,139.75,3.530,0,SMOOTH_PURSUIT,0.546,0.926,0.818,166.0,lissajous
736421.0640,63.6290,789.51,154.69,-953.09,336.34,1010.70,925.48,124.98,-1070.16,-85.74,1073.59,139.18,3.515,0,SACCADE,1.062,0.913,0.817,165.9,lissajous
736421.0805,63.6456,773.57,160.79,-963.51,368.95,1031.74,915.25,128.41,-618.17,206.85,651.86,145.34,3.671,0,SACCADE,0.632,0.999,0.815,165.9,lissajous
736421.0969,63.6620,757.57,167.38,-975.55,401.89,1055.09,899.08,130.65,-985.82,136.92,995.28,146.20,3.693,0,SACCADE,0.943,0.968,0.810,182.5,lissajous
736421.1141,63.6792,740.65,174.83,-984.71,433.65,1075.96,892.41,134.20,-388.27,206.51,439.77,157.11,3.968,0,SMOOTH_PURSUIT,0.409,0.997,0.817,165.9,lissajous
736421.1301,63.6952,724.73,182.27,-992.16,463.72,1095.18,872.66,131.94,-1230.27,-140.67,1238.28,156.27,3.947,0,SACCADE,1.131,0.852,0.811,166.0,lissajous
736421.1461,63.7112,708.78,190.12,-999.19,492.01,1113.76,857.00,129.60,-981.62,-146.92,992.55,160.10,4.043,0,SACCADE,0.891,0.822,0.808,165.9,lissajous
736421.1623,63.7274,692.51,198.53,-1004.43,518.90,1130.55,843.32,135.94,-844.79,391.79,931.22,163.28,4.124,0,SACCADE,0.824,0.999,0.803,165.9,lissajous
736421.1793,63.7444,675.32,207.83,-1008.74,545.42,1146.75,826.92,139.05,-962.08,182.50,979.24,166.47,4.204,0,SACCADE,0.854,0.953,0.800,165.9,lissajous
736421.1963,63.7614,658.15,217.51,-1011.60,570.94,1161.60,815.44,140.91,-676.50,109.75,685.35,174.95,4.418,0,SACCADE,0.590,0.938,0.794,165.9,lissajous
736421.2140,63.7791,640.19,228.07,-1013.02,595.25,1174.96,792.40,144.82,-1299.28,220.17,1317.80,173.49,4.381,0,SACCADE,1.122,0.935,0.785,149.4,lissajous
736421.2297,63.7948,624.26,237.77,-1013.34,617.25,1186.53,778.27,153.37,-898.75,543.85,1050.48,175.62,4.435,0,SACCADE,0.885,1.000,0.778,166.0,lissajous
736421.2453,63.8104,608.51,247.67,-1011.43,635.67,1194.60,764.85,158.60,-862.00,336.25,925.26,179.93,4.544,0,SACCADE,0.775,0.982,0.774,165.9,lissajous
736421.2627,63.8278,590.96,259.05,-1009.29,654.13,1202.72,749.87,170.60,-861.28,689.50,1103.28,181.87,4.593,0,SACCADE,0.917,0.995,0.774,149.3,lissajous
736421.2791,63.8441,574.50,270.03,-1005.89,671.36,1209.35,736.98,174.46,-788.07,235.85,822.60,188.50,4.760,0,SACCADE,0.680,0.956,0.764,132.7,lissajous
736421.2951,63.8602,558.47,281.02,-1000.47,685.55,1212.81,720.52,182.11,-1026.62,477.53,1132.25,189.85,4.794,0,SACCADE,0.934,0.986,0.758,149.3,lissajous
736421.3114,63.8765,542.24,292.42,-993.80,697.96,1214.41,702.07,196.17,-1129.92,861.07,1420.62,186.57,4.711,0,SACCADE,1.170,0.999,0.754,132.6,lissajous
736421.3283,63.8934,525.59,304.38,-986.34,709.30,1214.89,683.68,206.40,-1090.07,606.33,1247.35,185.98,4.696,0,SACCADE,1.027,0.993,0.748,149.2,lissajous
736421.3459,63.9110,508.43,317.02,-976.49,718.51,1212.35,665.20,212.46,-1050.76,344.58,1105.82,188.44,4.758,0,SACCADE,0.912,0.950,0.744,132.7,lissajous
736421.3620,63.9271,492.89,328.69,-965.58,725.53,1207.78,648.58,226.07,-1033.05,845.78,1335.12,186.47,4.709,0,SACCADE,1.105,0.999,0.737,116.1,lissajous
736421.3785,63.9436,477.13,340.76,-954.37,730.85,1202.07,631.16,235.78,-1055.00,587.84,1207.72,186.40,4.707,0,SACCADE,1.005,0.989,0.734,149.3,lissajous
736421.3950,63.9600,461.62,352.85,-941.15,733.80,1193.41,615.82,239.32,-931.13,215.12,955.66,191.48,4.835,0,SACCADE,0.801,0.907,0.730,132.7,lissajous
736421.4112,63.9762,446.61,364.75,-927.17,735.05,1183.19,596.40,250.96,-1199.35,719.01,1398.36,188.11,4.750,0,SACCADE,1.182,0.992,0.730,132.7,lissajous
736421.4273,63.9923,431.93,376.57,-912.06,734.28,1170.90,582.26,269.21,-878.58,1133.61,1434.21,184.73,4.665,0,SACCADE,1.225,0.973,0.735,149.3,lissajous
736421.4443,64.0094,416.65,389.05,-895.41,731.58,1156.27,567.43,271.96,-868.91,160.99,883.70,190.91,4.821,0,SACCADE,0.764,0.877,0.732,165.9,lissajous
736421.4606,64.0257,402.36,400.89,-876.98,726.46,1138.79,549.37,285.20,-1108.33,812.33,1374.15,187.07,4.724,0,SACCADE,1.207,0.998,0.741,149.3,lissajous
736421.4771,64.0421,388.23,412.74,-858.49,720.12,1120.53,530.03,296.85,-1175.27,708.14,1372.12,183.13,4.624,0,SACCADE,1.225,0.988,0.745,132.7,lissajous
736421.4932,64.0583,374.67,424.25,-840.05,712.84,1101.74,517.37,311.35,-783.99,897.86,1191.97,181.96,4.595,0,SACCADE,1.082,0.989,0.751,132.7,lissajous
736421.5092,64.0742,361.64,435.42,-817.04,700.61,1076.29,500.93,320.24,-1031.12,558.07,1172.46,180.74,4.564,0,SACCADE,1.089,0.977,0.755,165.9,lissajous
736421.5250,64.0901,349.00,446.37,-796.77,689.75,1053.85,487.25,329.47,-862.03,581.18,1039.65,181.05,4.572,0,SACCADE,0.987,0.993,0.757,165.8,lissajous
736421.5419,64.1070,335.93,457.78,-773.70,675.75,1027.25,471.38,343.93,-939.77,856.35,1271.42,176.94,4.468,0,SACCADE,1.238,1.000,0.763,149.3,lissajous
736421.5578,64.1229,324.00,468.28,-749.51,659.88,998.60,453.92,355.33,-1096.81,716.22,1309.94,172.15,4.348,0,SACCADE,1.312,0.990,0.768,132.7,lissajous
736421.5745,64.1396,311.94,478.98,-724.68,642.51,968.50,435.94,368.60,-1079.79,796.72,1341.90,166.02,4.193,0,SACCADE,1.386,0.996,0.775,165.9,lissajous
736421.5910,64.1561,300.40,489.27,-698.91,623.52,936.62,419.46,380.54,-998.72,723.48,1233.23,161.24,4.072,0,SACCADE,1.317,0.995,0.781,165.8,lissajous
736421.6072,64.1723,289.50,499.05,-671.09,601.81,901.40,406.12,392.85,-820.78,757.74,1117.07,157.73,3.984,0,SACCADE,1.239,1.000,0.784,165.8,lissajous
736421.6241,64.1892,278.62,508.85,-643.41,579.43,865.87,395.76,409.47,-612.98,982.99,1158.46,153.62,3.880,0,SACCADE,1.338,0.961,0.792,165.7,lissajous
736421.6403,64.2054,268.70,517.81,-614.47,555.11,828.09,382.34,419.20,-831.43,602.88,1027.01,150.46,3.800,0,SACCADE,1.240,0.994,0.795,165.7,lissajous
736421.6578,64.2229,258.44,527.10,-584.10,528.75,787.88,372.60,428.87,-554.55,550.38,781.31,150.60,3.804,0,SACCADE,0.992,0.999,0.800,165.7,lissajous
736421.6735,64.2386,249.78,534.94,-553.73,501.63,747.16,358.13,436.67,-924.86,498.67,1050.73,146.28,3.695,0,SACCADE,1.406,0.971,0.802,165.7,lissajous
736421.6905,64.2555,240.90,542.98,-522.77,473.29,705.19,341.09,448.77,-1003.77,712.86,1231.15,137.52,3.474,0,SACCADE,1.746,0.993,0.804,165.7,lissajous
736421.7070,64.2721,232.79,550.31,-490.47,443.08,660.97,331.79,463.54,-561.92,892.36,1054.55,131.65,3.325,0,SACCADE,1.595,0.963,0.805,165.7,lissajous
736421.7232,64.2883,225.37,556.99,-458.03,412.16,616.17,319.20,472.72,-777.55,566.72,962.16,126.11,3.186,0,SACCADE,1.562,0.995,0.812,165.7,lissajous
736421.7406,64.3056,218.00,563.57,-424.85,379.95,569.97,307.45,481.31,-677.62,495.59,839.51,121.52,3.070,0,SACCADE,1.473,0.995,0.811,165.7,lissajous
736421.7576,64.3227,211.37,569.45,-389.37,345.07,520.27,293.74,493.62,-804.29,722.34,1081.05,111.97,2.828,0,SACCADE,2.078,1.000,0.805,165.7,lissajous
736421.7746,64.3396,205.35,574.72,-354.35,310.12,470.89,285.25,505.47,-500.57,698.67,859.48,105.72,2.671,0,SACCADE,1.825,0.974,0.799,165.7,lissajous
736421.7919,64.3570,199.82,579.47,-318.23,273.71,419.75,275.04,515.40,-587.41,570.87,819.11,98.81,2.496,0,SACCADE,1.951,0.998,0.785,165.8,lissajous
736421.8086,64.3737,195.13,583.42,-282.01,236.87,368.29,265.38,521.77,-580.44,382.74,695.27,93.46,2.361,0,SACCADE,1.888,0.993,0.773,182.4,lissajous
736421.8245,64.3896,191.20,586.62,-246.92,200.92,318.34,252.43,531.10,-812.68,585.99,1001.91,82.66,2.088,0,SACCADE,3.147,0.998,0.765,165.7,lissajous
736421.8412,64.4063,187.67,589.35,-211.51,164.45,267.91,243.90,537.82,-512.67,403.32,652.30,76.27,1.927,0,SACCADE,2.435,1.000,0.755,165.7,lissajous
736421.8578,64.4228,184.77,591.46,-175.33,126.97,216.48,237.58,544.91,-380.51,427.49,572.31,70.41,1.779,0,SMOOTH_PURSUIT,2.644,0.977,0.741,149.1,lissajous
736421.8743,64.4394,182.47,592.93,-138.78,89.07,164.90,227.78,559.66,-592.51,891.58,1070.50,56.22,1.420,0,SACCADE,6.492,0.916,0.718,132.6,lissajous
736421.8914,64.4565,180.73,593.80,-101.50,50.36,113.31,221.37,560.99,-374.52,77.95,382.55,52.23,1.319,0,SMOOTH_PURSUIT,3.376,0.968,0.695,149.2,lissajous
736421.9081,64.4731,179.67,593.99,-64.10,11.46,65.11,217.67,568.09,-222.32,426.43,480.90,45.99,1.162,0,SMOOTH_PURSUIT,7.385,0.611,0.684,132.6,lissajous
736421.9237,64.4888,179.23,593.58,-28.07,-25.85,38.16,208.57,570.36,-580.52,144.36,598.20,37.42,0.945,1,DRIFT,15.675,0.550,0.675,132.6,lissajous
736421.9401,64.5052,179.35,592.55,7.67,-62.89,63.35,202.79,573.86,-352.28,213.45,411.90,29.98,0.757,1,DRIFT,6.501,-0.618,0.667,116.0,lissajous
736421.9568,64.5218,180.09,590.88,44.45,-100.73,110.10,197.92,580.30,-292.94,388.06,486.22,20.73,0.524,1,DRIFT,4.416,-0.973,0.661,99.4,lissajous
736421.9729,64.5380,181.39,588.65,80.83,-138.01,159.94,191.77,582.14,-381.45,113.57,398.00,12.26,0.310,1,DRIFT,2.488,-0.731,0.661,82.8,lissajous
736421.9895,64.5546,183.34,585.74,117.17,-174.98,210.59,191.96,583.29,11.44,69.46,70.39,8.96,0.226,1,DRIFT,0.334,-0.729,0.672,82.8,lissajous
736422.0059,64.5710,185.86,582.27,153.67,-211.81,261.68,187.16,586.45,-293.59,192.89,351.28,4.37,0.110,1,DRIFT,1.342,-0.935,0.678,82.8,lissajous
736422.0226,64.5877,189.03,578.13,189.81,-247.85,312.18,188.05,586.00,53.42,-26.56,59.66,7.93,0.200,1,SMOOTH_PURSUIT,0.191,0.898,0.689,66.3,lissajous
736422.0390,64.6041,192.76,573.45,226.98,-284.81,364.19,185.41,595.24,-161.07,562.00,584.63,23.00,0.581,1,DRIFT,1.605,-0.923,0.692,82.8,lissajous
736422.0549,64.6200,196.89,568.43,260.21,-316.73,409.91,182.52,588.85,-181.77,-402.90,442.01,24.97,0.631,1,SMOOTH_PURSUIT,1.078,0.443,0.692,82.8,lissajous
736422.0708,64.6359,201.59,562.84,295.09,-350.42,458.12,180.99,594.49,-96.13,353.41,366.25,37.77,0.954,1,DRIFT,0.799,-0.907,0.701,82.8,lissajous
736422.0874,64.6525,207.04,556.51,329.45,-382.85,505.09,182.37,595.09,83.29,36.48,90.93,45.79,1.157,0,DRIFT,0.180,0.293,0.709,82.8,lissajous
736422.1039,64.6690,213.06,549.64,364.10,-414.95,552.05,179.54,589.67,-170.55,-327.61,369.35,52.21,1.319,0,SMOOTH_PURSUIT,0.669,0.362,0.717,99.3,lissajous
736422.1202,64.6853,219.54,542.40,398.27,-445.99,597.94,182.16,591.62,161.04,120.44,201.10,61.81,1.562,0,DRIFT,0.336,0.087,0.724,132.4,lissajous
736422.1364,64.7014,226.51,534.71,430.74,-474.61,640.93,185.33,586.50,195.62,-316.07,371.70,66.17,1.672,0,SMOOTH_PURSUIT,0.580,0.983,0.738,115.8,lissajous
736422.1533,64.7184,234.36,526.19,464.15,-503.48,684.78,185.56,583.87,13.63,-155.69,156.29,75.56,1.909,0,SMOOTH_PURSUIT,0.228,0.792,0.748,115.9,lissajous
736422.1699,64.7349,242.60,517.39,496.79,-530.73,726.96,187.71,581.24,129.42,-158.46,204.60,84.20,2.127,0,SMOOTH_PURSUIT,0.281,0.998,0.761,149.0,lissajous
736422.1856,64.7507,250.91,508.64,528.07,-556.08,766.86,192.05,579.06,275.90,-138.71,308.80,91.78,2.319,0,SMOOTH_PURSUIT,0.403,0.941,0.780,132.4,lissajous
736422.2015,64.7666,259.77,499.44,557.71,-579.16,804.03,194.50,576.14,154.33,-184.20,240.31,100.71,2.544,0,SMOOTH_PURSUIT,0.299,0.998,0.789,165.4,lissajous
736422.2179,64.7830,269.39,489.59,587.23,-601.20,840.40,196.03,568.35,93.12,-475.18,484.22,107.64,2.719,0,SMOOTH_PURSUIT,0.576,0.836,0.807,165.4,lissajous
736422.2341,64.7992,279.40,479.49,617.07,-622.68,876.65,201.14,560.88,315.49,-460.94,558.57,112.90,2.852,0,SMOOTH_PURSUIT,0.637,0.984,0.815,165.3,lissajous
736422.2502,64.8153,289.76,469.19,644.36,-640.85,908.78,207.15,554.56,373.71,-392.57,542.00,118.80,3.001,0,SMOOTH_PURSUIT,0.596,1.000,0.821,165.3,lissajous
736422.2661,64.8312,300.44,458.72,671.67,-658.31,940.48,212.69,545.34,348.08,-579.62,676.11,123.31,3.115,0,SACCADE,0.719,0.968,0.826,165.3,lissajous
736422.2813,64.8464,311.06,448.46,697.49,-673.74,969.75,224.96,536.20,806.57,-600.91,1005.81,122.92,3.105,0,SACCADE,1.037,0.992,0.831,165.3,lissajous
736422.2984,64.8635,323.41,436.72,723.07,-687.71,997.89,232.84,531.71,461.39,-262.87,531.02,131.25,3.315,0,SMOOTH_PURSUIT,0.532,0.971,0.834,165.3,lissajous
736422.3149,64.8800,335.78,425.15,748.89,-700.53,1025.46,237.55,521.98,285.34,-589.07,654.54,137.93,3.484,0,SACCADE,0.638,0.933,0.834,165.3,lissajous
736422.3310,64.8961,348.21,413.71,772.65,-710.81,1049.88,247.21,512.40,600.10,-595.49,845.42,141.21,3.567,0,SACCADE,0.805,0.999,0.835,165.2,lissajous
736422.3466,64.9117,360.62,402.48,795.38,-719.55,1072.56,255.23,503.80,514.06,-550.81,753.43,146.20,3.692,0,SACCADE,0.702,0.996,0.838,165.2,lissajous
736422.3640,64.9290,374.82,389.86,817.25,-726.06,1093.19,263.16,493.69,456.21,-581.78,739.32,152.48,3.851,0,SACCADE,0.676,0.984,0.837,181.7,lissajous
736422.3802,64.9452,388.41,378.02,839.20,-731.41,1113.20,276.66,488.88,833.81,-297.28,885.22,157.41,3.975,0,SACCADE,0.795,0.931,0.837,165.2,lissajous
736422.3956,64.9607,401.70,366.65,858.31,-734.10,1129.42,280.72,476.34,261.99,-809.71,851.04,163.31,4.124,0,SACCADE,0.754,0.852,0.831,165.2,lissajous
736422.4123,64.9774,416.32,354.39,877.41,-735.60,1144.97,298.18,467.12,1048.01,-553.17,1185.04,163.30,4.124,0,SACCADE,1.035,0.978,0.827,181.7,lissajous
736422.4292,64.9943,431.44,341.99,893.73,-733.15,1155.97,303.56,452.21,318.01,-881.08,936.72,168.83,4.264,0,SACCADE,0.810,0.859,0.827,165.2,lissajous
736422.4468,65.0118,447.44,329.17,912.26,-731.04,1169.03,315.82,444.17,699.05,-458.64,836.07,174.79,4.414,0,SACCADE,0.715,0.995,0.818,148.7,lissajous
736422.4639,65.0290,463.38,316.71,928.95,-726.18,1179.10,327.40,424.56,675.15,-1143.26,1327.73,173.55,4.383,0,SACCADE,1.126,0.931,0.816,165.3,lissajous
736422.4804,65.0454,478.87,304.90,942.53,-718.43,1185.11,338.97,416.85,704.17,-468.82,845.96,179.17,4.525,0,SACCADE,0.714,0.998,0.811,165.3,lissajous
736422.4969,65.0619,494.64,293.19,955.74,-709.76,1190.46,355.01,406.91,972.14,-602.55,1143.73,180.07,4.547,0,SACCADE,0.961,0.996,0.806,148.7,lissajous
736422.5125,65.0776,509.81,282.23,968.24,-700.03,1194.79,365.52,394.36,670.36,-801.24,1044.69,182.74,4.615,0,SACCADE,0.874,0.969,0.800,148.7,lissajous
736422.5296,65.0946,526.44,270.54,976.07,-685.69,1192.84,381.33,384.27,928.33,-591.84,1100.94,184.36,4.656,0,SACCADE,0.923,0.999,0.794,165.3,lissajous
736422.5466,65.1117,543.27,259.09,986.45,-671.37,1193.24,395.90,374.03,853.83,-600.33,1043.75,186.89,4.719,0,SACCADE,0.875,1.000,0.799,165.2,lissajous
736422.5639,65.1289,560.42,247.81,994.33,-654.20,1190.24,410.70,360.66,858.45,-775.33,1156.75,187.48,4.734,0,SACCADE,0.972,0.988,0.803,148.8,lissajous
736422.5808,65.1459,577.43,237.01,1002.29,-636.13,1187.12,424.15,346.66,792.18,-824.87,1143.66,188.46,4.759,0,SACCADE,0.963,0.971,0.803,165.3,lissajous
736422.5977,65.1628,594.43,226.62,1005.14,-614.15,1177.92,442.83,338.10,1104.79,-505.71,1215.03,188.17,4.752,0,SACCADE,1.032,0.993,0.803,148.8,lissajous
736422.6149,65.1800,611.76,216.46,1010.25,-592.57,1171.22,454.94,322.80,706.09,-892.25,1137.84,189.47,4.784,0,SACCADE,0.971,0.932,0.805,148.9,lissajous
736422.6316,65.1967,628.70,206.95,1012.39,-568.47,1161.08,471.78,306.04,1006.17,-1001.15,1419.39,185.59,4.686,0,SACCADE,1.222,0.963,0.809,165.4,lissajous
736422.6480,65.2131,645.33,198.03,1013.43,-543.52,1149.98,487.54,300.68,960.08,-326.94,1014.22,188.24,4.753,0,SACCADE,0.882,0.987,0.809,149.0,lissajous
736422.6637,65.2288,661.26,189.89,1014.69,-518.70,1139.58,502.50,286.87,953.13,-879.63,1297.00,186.04,4.698,0,SACCADE,1.138,0.963,0.816,165.4,lissajous
736422.6805,65.2456,678.16,181.69,1008.92,-489.42,1121.36,518.40,277.72,949.09,-546.13,1095.00,186.40,4.707,0,SACCADE,0.976,0.998,0.827,165.5,lissajous
736422.6973,65.2623,695.06,173.96,1008.47,-461.24,1108.94,538.28,267.88,1185.94,-587.03,1323.28,182.77,4.615,0,SACCADE,1.193,1.000,0.830,148.9,lissajous
736422.7149,65.2799,712.73,166.40,1003.12,-429.33,1091.14,549.87,253.69,658.33,-805.88,1040.59,184.78,4.666,0,SACCADE,0.954,0.886,0.827,149.0,lissajous
736422.7314,65.2965,729.27,159.81,997.98,-397.05,1074.06,567.84,242.38,1084.03,-682.25,1280.85,181.32,4.579,0,SACCADE,1.193,0.983,0.831,149.0,lissajous
736422.7487,65.3137,746.32,153.55,990.00,-363.39,1054.59,579.52,230.90,677.90,-666.61,950.75,183.86,4.643,0,SACCADE,0.902,0.911,0.826,165.6,lissajous
736422.7654,65.3305,762.79,148.04,981.94,-328.99,1035.59,603.64,225.02,1438.55,-350.74,1480.69,176.79,4.464,0,SACCADE,1.430,0.996,0.837,165.6,lissajous
736422.7821,65.3472,779.01,143.13,970.89,-293.64,1014.32,621.90,210.51,1092.88,-868.77,1396.12,170.95,4.317,0,SACCADE,1.376,0.929,0.842,149.1,lissajous
736422.7982,65.3633,794.44,138.97,960.49,-258.78,994.74,643.10,203.72,1319.23,-422.21,1385.15,164.61,4.157,0,SACCADE,1.392,0.999,0.846,165.6,lissajous
736422.8151,65.3802,810.51,135.20,948.36,-222.82,974.18,654.52,199.15,674.44,-269.77,726.40,168.59,4.258,0,SACCADE,0.746,0.989,0.843,165.5,lissajous
736422.8308,65.3958,825.11,132.28,935.01,-186.73,953.48,669.70,186.70,971.78,-797.45,1257.10,164.66,4.158,0,SACCADE,1.318,0.882,0.847,165.5,lissajous
736422.8474,65.4124,840.38,129.79,920.51,-150.51,932.73,686.38,176.86,1005.94,-592.82,1167.63,161.03,4.067,0,SACCADE,1.252,0.932,0.851,165.5,lissajous
736422.8644,65.4295,856.69,127.78,954.60,-117.40,961.79,701.26,168.27,870.19,-502.58,1004.90,160.62,4.057,0,SACCADE,1.045,0.921,0.852,149.0,lissajous
