timestamp,elapsed_sec,target_x,target_y,target_vx,target_vy,target_speed,gaze_x,gaze_y,gaze_vx,gaze_vy,gaze_speed,dist_error_px,dist_error_deg,is_on_target,eye_state,pursuit_gain,directional_cosine,cross_correlation,optimal_lag_ms,game_mode
735987.0570,0.0000,256.30,508.73,0.00,0.00,0.00,462.62,430.39,0.00,0.00,0.00,220.69,5.571,0,BLINK,1.000,0.000,0.000,0.0,lissajous
735987.0736,0.0167,272.97,524.23,1000.07,930.00,1365.67,403.80,452.72,-3529.08,1339.42,3774.71,149.10,3.766,0,BLINK,2.764,-0.443,0.000,0.0,lissajous
735987.0903,0.0333,273.10,524.34,8.05,6.87,10.58,338.88,480.25,-3895.18,1652.12,4231.07,79.19,2.001,0,BLINK,0.000,-0.446,0.000,0.0,lissajous
735987.1070,0.0500,273.18,524.41,4.91,4.19,6.45,328.00,494.06,-652.66,828.25,1054.50,62.66,1.583,0,BLINK,0.000,0.039,0.000,0.0,lissajous
735987.1236,0.0667,273.25,524.47,4.34,3.70,5.70,319.40,498.24,-516.06,251.23,573.96,53.08,1.341,0,BLINK,0.000,-0.400,0.000,0.0,lissajous
735987.1403,0.0833,273.32,524.53,4.16,3.54,5.46,309.23,508.26,-610.46,600.79,856.51,39.42,0.996,0,BLINK,0.000,-0.088,0.000,0.0,lissajous
735987.1570,0.1000,273.39,524.59,4.03,3.43,5.29,297.86,512.03,-681.92,226.64,718.60,27.50,0.695,0,BLINK,0.000,-0.518,0.000,0.0,lissajous
735987.1736,0.1167,273.46,524.65,3.99,3.39,5.24,297.53,514.45,-19.78,144.71,146.06,26.14,0.661,0,BLINK,0.000,0.539,0.000,0.0,lissajous
735987.1903,0.1333,273.58,524.75,7.58,6.44,9.95,293.98,513.14,-213.17,-78.52,227.17,23.47,0.593,0,BLINK,0.000,-0.939,0.000,0.0,lissajous
735987.2070,0.1500,273.74,524.89,9.42,7.99,12.35,292.57,514.73,-84.41,95.82,127.70,21.39,0.540,0,BLINK,0.000,-0.018,0.000,0.0,lissajous
735987.2236,0.1667,273.87,525.00,8.03,6.81,10.53,287.91,520.17,-279.37,325.90,429.25,14.85,0.375,0,BLINK,0.000,-0.006,0.000,0.0,lissajous
735987.2403,0.1833,274.01,525.12,8.21,6.95,10.75,282.04,519.70,-352.22,-27.87,353.32,9.69,0.245,0,BLINK,0.000,-0.812,0.000,0.0,lissajous
735987.2570,0.2000,274.15,525.23,8.22,6.95,10.76,281.55,519.40,-29.52,-18.00,34.57,9.42,0.238,0,BLINK,1.000,-0.988,0.000,0.0,lissajous
735987.2736,0.2167,274.28,525.34,7.69,6.49,10.07,276.88,522.15,-280.07,165.06,325.09,4.12,0.104,0,BLINK,0.000,-0.331,0.000,0.0,lissajous
735987.2903,0.2333,274.42,525.46,8.84,7.45,11.56,283.83,519.49,416.95,-159.42,446.39,11.14,0.282,0,BLINK,0.000,0.484,0.000,0.0,lissajous
735987.3070,0.2500,274.56,525.58,8.25,6.95,10.79,279.10,522.37,-284.25,172.52,332.51,5.56,0.140,0,BLINK,0.000,-0.320,0.000,0.0,lissajous
735987.3236,0.2667,274.70,525.69,8.05,6.77,10.52,278.96,522.16,-8.26,-12.68,15.14,5.54,0.140,0,BLINK,1.000,-0.957,0.000,0.0,lissajous
735987.3403,0.2833,274.84,525.81,8.43,7.08,11.01,277.98,525.70,-59.00,212.21,220.26,3.14,0.079,0,BLINK,0.000,0.415,0.000,0.0,lissajous
735987.3570,0.3000,275.04,525.98,12.34,10.35,16.11,277.15,525.26,-49.25,-25.99,55.69,2.23,0.056,0,BLINK,1.000,-0.978,0.000,0.0,lissajous
735987.3736,0.3167,275.24,526.15,12.01,10.05,15.66,275.97,525.53,-70.81,16.19,72.64,0.96,0.024,0,BLINK,1.000,-0.605,0.000,0.0,lissajous
735987.3903,0.3333,275.38,526.27,8.51,7.11,11.09,275.14,525.14,-50.12,-23.72,55.45,1.16,0.029,0,BLINK,1.000,-0.968,0.000,0.0,lissajous
735987.4070,0.3500,275.53,526.39,8.81,7.35,11.48,278.74,526.51,216.21,82.16,231.30,3.21,0.081,0,BLINK,0.000,0.945,0.000,0.0,lissajous
735987.4236,0.3667,275.67,526.51,8.33,6.94,10.84,275.32,530.54,-205.26,241.73,317.12,4.04,0.102,0,BLINK,0.000,-0.009,0.000,0.0,lissajous
735987.4403,0.3833,275.82,526.63,8.73,7.26,11.35,275.99,526.76,39.88,-226.78,230.26,0.21,0.005,0,BLINK,0.000,-0.497,0.000,0.0,lissajous
735987.4570,0.4000,275.94,526.73,7.64,6.35,9.93,273.80,526.17,-131.14,-35.33,135.82,2.22,0.056,0,BLINK,0.000,-0.909,0.000,0.0,lissajous
735987.4736,0.4167,276.10,526.86,9.19,7.63,11.94,278.15,525.51,260.86,-39.65,263.85,2.46,0.062,0,BLINK,0.000,0.665,0.000,0.0,lissajous
735987.4903,0.4333,276.24,526.98,8.41,6.97,10.92,279.72,524.18,94.12,-79.57,123.25,4.47,0.113,0,BLINK,0.000,0.176,0.000,0.0,lissajous
735987.5070,0.4500,276.38,527.10,8.75,7.24,11.36,278.19,525.46,-91.84,76.64,119.62,2.44,0.062,0,BLINK,0.000,-0.183,0.000,0.0,lissajous
735987.5236,0.4667,276.52,527.21,8.17,6.75,10.60,279.07,527.73,53.22,136.13,146.16,2.61,0.066,0,BLINK,0.000,0.874,0.000,0.0,lissajous
735987.5403,0.4833,276.66,527.33,8.33,6.88,10.80,277.80,527.06,-76.32,-39.97,86.15,1.17,0.030,0,BLINK,1.000,-0.979,0.762,16.7,lissajous
735987.5570,0.5000,277.20,527.77,32.44,26.68,42.00,278.72,525.81,55.32,-75.25,93.40,2.49,0.063,0,BLINK,2.224,-0.054,0.761,16.7,lissajous
735987.5736,0.5167,277.65,528.14,27.06,22.15,34.97,277.59,525.84,-67.90,2.32,67.94,2.30,0.058,0,BLINK,1.943,-0.752,0.758,16.7,lissajous
735987.5903,0.5333,278.10,528.51,27.12,22.10,34.99,277.35,525.73,-14.69,-7.13,16.33,2.88,0.073,0,BLINK,0.467,-0.973,0.755,16.7,lissajous
735987.6070,0.5500,278.56,528.88,27.59,22.39,35.53,276.46,525.74,-53.00,0.81,53.01,3.78,0.095,0,BLINK,1.492,-0.767,0.753,16.7,lissajous
735987.6236,0.5667,279.03,529.26,28.15,22.73,36.18,277.74,526.60,76.77,51.39,92.38,2.96,0.075,0,BLINK,2.553,0.996,0.751,16.7,lissajous
735987.6403,0.5833,279.64,529.75,36.72,29.50,47.10,277.41,526.59,-20.19,-0.46,20.19,3.87,0.098,0,BLINK,0.429,-0.793,0.749,16.7,lissajous
735987.6570,0.6000,280.29,530.27,39.11,31.23,50.05,278.22,527.32,48.91,44.18,65.91,3.60,0.091,0,BLINK,1.317,0.998,0.747,16.7,lissajous
735987.6736,0.6167,281.14,530.94,50.78,40.26,64.80,278.74,526.60,31.23,-43.63,53.66,4.96,0.125,0,BLINK,0.828,-0.049,0.744,16.7,lissajous
735987.6903,0.6333,281.51,531.23,22.07,17.40,28.10,281.32,525.96,154.67,-38.31,159.35,5.28,0.133,0,BLINK,0.000,0.613,0.742,16.7,lissajous
735987.7070,0.6500,282.07,531.68,33.91,26.61,43.10,280.74,526.45,-34.70,29.72,45.69,5.39,0.136,0,BLINK,1.060,-0.196,0.741,16.7,lissajous
735987.7236,0.6667,282.48,531.99,24.19,18.90,30.69,280.33,525.25,-24.92,-72.26,76.43,7.08,0.179,0,BLINK,2.490,-0.839,0.739,16.7,lissajous
735987.7403,0.6833,282.98,532.38,30.16,23.46,38.21,282.85,525.69,151.65,26.37,153.93,6.69,0.169,0,BLINK,4.029,0.883,0.738,16.7,lissajous
735987.7570,0.7000,283.48,532.77,29.92,23.16,37.84,284.51,528.74,99.41,182.98,208.24,4.16,0.105,0,BLINK,5.504,0.915,0.738,16.7,lissajous
735987.7736,0.7167,284.03,533.19,33.18,25.55,41.88,283.35,531.20,-69.45,147.99,163.48,2.10,0.053,0,BLINK,3.904,0.216,0.737,16.7,lissajous
735987.7903,0.7333,284.56,533.60,31.63,24.24,39.85,283.82,529.76,28.21,-86.77,91.24,3.91,0.099,0,BLINK,2.290,-0.333,0.736,16.7,lissajous
735987.8070,0.7500,285.07,533.99,30.70,23.41,38.61,286.75,534.31,175.91,272.80,324.59,1.72,0.043,0,BLINK,8.407,0.941,0.735,16.7,lissajous
735987.8236,0.7667,285.54,534.35,28.40,21.55,35.65,285.48,531.82,-76.57,-149.30,167.79,2.53,0.064,0,BLINK,4.706,-0.901,0.734,16.7,lissajous
735987.8403,0.7833,286.03,534.72,29.21,22.07,36.61,284.82,532.40,-39.52,34.69,52.59,2.62,0.066,0,BLINK,1.436,-0.202,0.733,16.7,lissajous
735987.8570,0.8000,286.47,535.05,26.75,20.12,33.47,287.65,531.84,170.00,-33.50,173.26,3.42,0.086,0,BLINK,5.176,0.668,0.733,16.7,lissajous
735987.8736,0.8167,286.76,535.27,17.21,12.90,21.51,289.04,532.45,82.91,36.72,90.68,3.62,0.091,0,BLINK,1.000,0.975,0.731,16.7,lissajous
735987.8903,0.8333,287.03,535.46,15.86,11.85,19.80,287.77,533.48,-76.16,61.60,97.95,2.12,0.054,0,BLINK,1.000,-0.246,0.731,16.7,lissajous
735987.9070,0.8500,287.30,535.67,16.48,12.29,20.56,288.65,534.71,53.35,73.98,91.21,1.66,0.042,0,BLINK,1.000,0.954,0.730,16.7,lissajous
735987.9236,0.8667,287.57,535.87,16.36,12.17,20.39,287.50,536.89,-69.18,130.59,147.78,1.02,0.026,0,BLINK,0.000,0.152,0.730,16.7,lissajous
735987.9403,0.8833,287.84,536.07,15.96,11.84,19.88,287.83,535.54,19.45,-80.41,82.73,0.52,0.013,0,BLINK,1.000,-0.390,0.729,16.7,lissajous
735987.9570,0.9000,288.18,536.32,20.46,15.13,25.45,288.39,535.38,34.13,-9.77,35.50,0.96,0.024,0,BLINK,1.000,0.609,0.729,16.7,lissajous
735987.9736,0.9167,288.55,536.59,22.24,16.40,27.63,288.00,534.60,-23.98,-47.07,52.82,2.07,0.052,0,BLINK,1.000,-0.894,0.728,16.7,lissajous
735987.9903,0.9333,288.95,536.89,23.89,17.55,29.64,288.10,537.06,6.01,147.53,147.66,0.87,0.022,0,BLINK,0.000,0.624,0.728,16.7,lissajous
735988.0070,0.9500,289.57,537.34,37.09,27.11,45.94,288.27,535.87,10.60,-71.01,71.79,1.96,0.049,0,BLINK,1.563,-0.465,0.728,16.7,lissajous
735988.0236,0.9667,290.22,537.81,39.22,28.50,48.48,288.00,535.67,-16.47,-12.21,20.50,3.09,0.078,0,BLINK,0.423,-1.000,0.726,16.7,lissajous
735988.0403,0.9833,290.81,538.24,35.37,25.55,43.63,290.30,537.40,138.26,103.76,172.87,0.98,0.025,0,BLINK,3.962,1.000,0.726,16.7,lissajous
735988.0570,1.0000,302.84,546.43,722.07,491.74,873.61,291.15,537.03,51.17,-21.91,55.67,15.00,0.379,0,BLINK,0.064,0.538,0.623,16.7,lissajous
735988.0736,1.0167,303.55,546.89,42.22,27.07,50.15,292.37,537.35,73.01,18.87,75.41,14.69,0.371,0,BLINK,1.504,0.950,0.600,16.7,lissajous
735988.0903,1.0333,304.07,547.22,31.41,20.02,37.25,293.76,537.35,83.58,-0.18,83.58,14.27,0.361,0,BLINK,2.244,0.842,0.599,16.7,lissajous
735988.1070,1.0500,304.47,547.47,23.61,14.98,27.96,295.77,538.07,120.40,43.56,128.04,12.80,0.323,0,BLINK,0.000,0.976,0.599,16.7,lissajous
735988.1236,1.0667,304.81,547.69,20.77,13.14,24.58,295.75,537.45,-1.26,-37.33,37.35,13.67,0.345,0,BLINK,1.000,-0.563,0.598,16.7,lissajous
735988.1403,1.0833,305.15,547.90,20.59,12.98,24.33,299.79,540.10,242.55,158.81,289.91,9.47,0.239,0,BLINK,0.000,1.000,0.598,16.7,lissajous
735988.1570,1.1000,305.46,548.10,18.54,11.65,21.90,300.54,542.75,45.01,159.46,165.69,7.26,0.184,0,BLINK,0.000,0.742,0.598,16.7,lissajous
735988.1736,1.1167,305.77,548.29,18.50,11.59,21.84,300.25,543.52,-17.63,45.89,49.17,7.30,0.184,0,BLINK,1.000,0.192,0.598,16.7,lissajous
735988.1903,1.1333,306.31,548.63,32.23,20.12,37.99,304.70,542.46,267.07,-63.73,274.57,6.38,0.161,0,BLINK,7.227,0.702,0.598,16.7,lissajous
735988.2070,1.1500,307.11,549.12,47.90,29.71,56.37,303.97,544.76,-43.69,138.33,145.06,5.37,0.136,0,BLINK,2.574,0.247,0.598,16.7,lissajous
735988.2236,1.1667,307.73,549.50,37.05,22.83,43.52,305.41,545.69,86.40,55.65,102.77,4.46,0.113,0,BLINK,2.361,1.000,0.597,16.7,lissajous
735988.2403,1.1833,308.38,549.90,39.16,23.98,45.92,305.94,544.41,31.40,-76.65,82.84,6.01,0.152,0,BLINK,1.804,-0.160,0.597,16.7,lissajous
735988.2570,1.2000,309.03,550.30,39.02,23.75,45.68,309.73,545.22,227.40,48.40,232.49,5.13,0.130,0,BLINK,5.089,0.944,0.597,16.7,lissajous
735988.2736,1.2167,309.69,550.70,39.80,24.08,46.52,309.52,545.53,-12.02,18.44,22.01,5.18,0.131,0,BLINK,0.473,-0.034,0.596,16.7,lissajous
735988.2903,1.2333,310.37,551.11,40.64,24.42,47.41,310.75,546.90,73.77,82.54,110.70,4.22,0.107,0,BLINK,2.335,0.955,0.596,16.7,lissajous
735988.3070,1.2500,310.99,551.48,37.09,22.16,43.21,308.18,549.31,-154.22,144.69,211.47,3.54,0.089,0,BLINK,4.894,-0.275,0.596,16.7,lissajous
735988.3236,1.2667,311.58,551.83,35.63,21.16,41.44,307.44,548.71,-44.50,-36.39,57.48,5.18,0.131,0,BLINK,1.387,-0.989,0.595,16.7,lissajous
735988.3403,1.2833,312.27,552.24,41.60,24.56,48.31,308.63,548.49,70.98,-13.02,72.16,5.23,0.132,0,BLINK,1.494,0.755,0.595,16.7,lissajous
735988.3570,1.3000,312.99,552.66,42.86,25.13,49.69,307.47,547.46,-69.57,-61.64,92.95,7.58,0.192,0,BLINK,1.871,-0.981,0.595,16.7,lissajous
735988.3736,1.3167,313.68,553.06,41.71,24.29,48.27,307.02,547.13,-26.83,-19.96,33.44,8.92,0.225,0,BLINK,0.693,-0.994,0.594,16.7,lissajous
735988.3903,1.3333,314.44,553.50,45.64,26.40,52.73,308.96,547.89,116.77,45.56,125.34,7.84,0.198,0,BLINK,2.377,0.988,0.594,16.7,lissajous
735988.4070,1.3500,315.08,553.87,38.02,21.85,43.85,311.08,549.40,127.17,90.75,156.23,5.99,0.151,0,BLINK,3.563,0.995,0.594,16.7,lissajous
735988.4236,1.3667,315.71,554.23,37.85,21.62,43.59,309.56,549.85,-91.67,26.78,95.50,7.55,0.191,0,BLINK,2.191,-0.694,0.594,16.7,lissajous
735988.4403,1.3833,316.15,554.47,26.31,14.95,30.26,311.99,553.63,146.11,226.79,269.78,4.24,0.107,0,BLINK,8.916,0.886,0.593,16.7,lissajous
735988.4570,1.4000,316.88,554.89,43.96,24.85,50.50,310.93,550.92,-63.77,-162.46,174.52,7.15,0.181,0,BLINK,3.456,-0.776,0.593,16.7,lissajous
735988.4736,1.4167,317.26,555.10,23.00,12.93,26.38,314.56,552.88,218.12,117.60,247.80,3.50,0.088,0,BLINK,0.000,1.000,0.593,16.7,lissajous
735988.4903,1.4333,317.61,555.30,20.85,11.68,23.90,316.53,552.35,117.71,-31.74,121.91,3.14,0.079,0,BLINK,0.000,0.715,0.593,16.7,lissajous
735988.5070,1.4500,318.03,555.53,25.09,14.00,28.73,315.13,551.57,-83.85,-46.65,95.95,4.91,0.124,0,BLINK,1.000,-1.000,0.593,16.7,lissajous
735988.5236,1.4667,318.37,555.72,20.71,11.52,23.70,314.49,552.29,-38.33,42.90,57.53,5.19,0.131,0,BLINK,1.000,-0.220,0.593,16.7,lissajous
735988.5403,1.4833,319.05,556.10,40.74,22.55,46.57,314.94,553.13,27.17,50.75,57.57,5.07,0.128,0,BLINK,1.236,0.840,0.593,16.7,lissajous
735988.5570,1.5000,319.57,556.38,30.97,17.04,35.35,314.32,553.07,-37.17,-4.01,37.38,6.21,0.157,0,BLINK,1.057,-0.923,0.593,16.7,lissajous
735988.5736,1.5167,319.97,556.61,24.20,13.26,27.60,316.98,554.44,159.61,82.23,179.55,3.69,0.093,0,BLINK,0.000,1.000,0.592,16.7,lissajous
735988.5903,1.5333,320.33,556.80,21.46,11.71,24.45,317.60,554.52,37.17,4.87,37.48,3.56,0.090,0,BLINK,1.000,0.933,0.592,16.7,lissajous
735988.6070,1.5500,320.79,557.05,27.75,15.09,31.58,316.66,553.80,-56.68,-42.98,71.13,5.26,0.133,0,BLINK,2.252,-0.989,0.592,16.7,lissajous
735988.6236,1.5667,321.49,557.43,41.81,22.61,47.53,317.28,553.46,37.44,-20.46,42.67,5.78,0.146,0,BLINK,0.898,0.544,0.592,16.7,lissajous
735988.6403,1.5833,322.22,557.82,43.68,23.46,49.58,321.39,554.37,246.53,54.51,252.48,3.55,0.090,0,BLINK,5.092,0.962,0.592,16.7,lissajous
735988.6570,1.6000,322.96,558.22,44.61,23.79,50.56,320.66,555.66,-44.07,77.64,89.27,3.44,0.087,0,BLINK,1.766,-0.026,0.592,16.7,lissajous
735988.6736,1.6167,323.71,558.61,45.12,23.88,51.05,323.09,555.36,145.79,-18.21,146.92,3.31,0.084,0,BLINK,2.878,0.819,0.592,16.7,lissajous
735988.6903,1.6333,324.44,558.99,43.35,22.79,48.97,321.33,561.73,-105.51,382.20,396.50,4.14,0.105,0,BLINK,8.096,0.213,0.592,16.7,lissajous
735988.7070,1.6500,325.18,559.38,44.70,23.33,50.42,321.15,560.80,-10.63,-56.00,57.00,4.27,0.108,0,BLINK,1.130,-0.620,0.591,16.7,lissajous
735988.7236,1.6667,326.45,560.04,75.94,39.25,85.49,321.96,560.08,48.43,-42.82,64.64,4.49,0.113,0,BLINK,0.756,0.361,0.591,16.7,lissajous
735988.7403,1.6833,327.38,560.51,55.78,28.52,62.65,321.28,559.49,-40.93,-35.61,54.25,6.19,0.156,0,BLINK,0.866,-0.971,0.590,16.7,lissajous
735988.7570,1.7000,328.02,560.84,38.75,19.66,43.46,322.63,560.26,81.50,46.00,93.58,5.42,0.137,0,BLINK,2.153,0.999,0.590,16.7,lissajous
735988.7736,1.7167,328.49,561.08,28.31,14.29,31.71,326.64,560.21,240.50,-2.77,240.52,2.05,0.052,0,BLINK,7.584,0.887,0.589,16.7,lissajous
735988.7903,1.7333,329.18,561.42,41.32,20.73,46.23,325.49,559.26,-68.91,-57.17,89.53,4.28,0.108,0,BLINK,1.937,-0.974,0.589,16.7,lissajous
735988.8070,1.7500,329.82,561.74,38.14,19.01,42.61,325.54,560.38,2.97,67.21,67.27,4.49,0.113,0,BLINK,1.579,0.485,0.589,16.7,lissajous
735988.8236,1.7667,330.28,561.97,27.73,13.75,30.95,326.74,559.78,71.64,-35.72,80.05,4.16,0.105,0,BLINK,2.586,0.604,0.589,16.7,lissajous
735988.8403,1.7833,330.75,562.20,27.88,13.77,31.10,328.07,560.00,80.22,12.97,81.26,3.46,0.087,0,BLINK,2.613,0.956,0.589,16.7,lissajous
735988.8570,1.8000,331.13,562.39,23.06,11.34,25.69,329.72,558.67,98.71,-79.63,126.83,3.97,0.100,0,BLINK,0.000,0.421,0.589,16.7,lissajous
735988.8736,1.8167,331.60,562.62,28.31,13.86,31.52,330.27,558.78,33.20,6.51,33.84,4.06,0.103,0,BLINK,1.073,0.966,0.589,16.7,lissajous
735988.8903,1.8333,332.03,562.83,25.84,12.59,28.75,330.67,558.70,24.09,-4.91,24.59,4.35,0.110,0,BLINK,1.000,0.793,0.589,16.7,lissajous
735988.9070,1.8500,332.44,563.02,24.18,11.74,26.88,330.57,558.97,-6.36,16.45,17.63,4.46,0.113,0,BLINK,1.000,0.083,0.589,16.7,lissajous
735988.9236,1.8667,332.94,563.27,30.23,14.61,33.58,329.00,559.27,-94.14,17.94,95.83,5.61,0.142,0,BLINK,2.854,-0.803,0.589,16.7,lissajous
735988.9403,1.8833,333.49,563.53,33.05,15.89,36.68,328.30,559.97,-41.97,41.67,59.14,6.30,0.159,0,BLINK,1.613,-0.334,0.589,16.7,lissajous
735988.9570,1.9000,334.00,563.78,30.41,14.54,33.71,332.91,559.68,276.48,-17.15,277.01,4.24,0.107,0,BLINK,8.218,0.874,0.588,16.7,lissajous
735988.9736,1.9167,334.95,564.23,57.26,27.18,63.38,332.66,560.84,-14.84,69.68,71.25,4.09,0.103,0,BLINK,1.124,0.231,0.588,16.7,lissajous
735988.9903,1.9333,335.77,564.62,49.38,23.23,54.57,332.36,561.52,-18.10,40.82,44.65,4.61,0.116,0,BLINK,0.818,0.022,0.588,16.7,lissajous
735989.0070,1.9500,336.61,565.01,50.22,23.43,55.42,320.15,554.39,-732.69,-428.20,848.64,19.59,0.495,0,BLINK,15.314,-0.996,0.585,16.7,lissajous
735989.0236,1.9667,337.40,565.37,47.03,21.77,51.83,303.62,542.87,-991.58,-691.10,1208.66,40.58,1.025,0,BLINK,23.322,-0.985,0.577,16.7,lissajous
735989.0403,1.9833,338.07,565.68,40.74,18.72,44.83,287.65,535.32,-958.20,-452.61,1059.72,58.86,1.487,0,BLINK,23.637,-1.000,0.571,16.7,lissajous
735989.0570,2.0000,338.69,565.96,36.86,16.83,40.51,278.32,529.71,-560.00,-337.00,653.59,70.42,1.779,0,BLINK,16.132,-0.994,0.569,16.7,lissajous
735989.0736,2.0167,339.66,566.40,58.48,26.49,64.20,276.17,523.27,-129.04,-385.99,406.98,76.76,1.939,0,BLINK,6.339,-0.680,0.569,16.7,lissajous
735989.0903,2.0333,340.22,566.65,33.15,14.90,36.34,268.52,519.87,-458.54,-204.49,502.07,85.61,2.163,0,BLINK,13.817,-1.000,0.568,16.7,lissajous
735989.1070,2.0500,340.97,566.99,45.27,20.21,49.58,268.79,517.58,15.68,-137.33,138.22,87.48,2.210,0,BLINK,2.788,-0.301,0.569,16.7,lissajous
735989.1236,2.0667,341.62,567.28,39.13,17.34,42.80,270.01,515.63,73.63,-116.97,138.22,88.29,2.230,0,BLINK,3.230,0.144,0.568,16.7,lissajous
735989.1403,2.0833,342.09,567.48,27.84,12.27,30.43,266.07,513.55,-236.50,-124.44,267.25,93.20,2.354,0,BLINK,8.783,-0.998,0.568,16.7,lissajous
735989.1570,2.1000,342.50,567.66,24.95,10.95,27.25,267.09,512.25,61.34,-78.05,99.27,93.58,2.364,0,BLINK,1.000,0.250,0.568,16.7,lissajous
735989.1736,2.1167,343.26,568.00,45.54,19.86,49.69,264.18,514.27,-174.61,121.28,212.59,95.60,2.415,0,BLINK,4.279,-0.525,0.568,16.7,lissajous
735989.1903,2.1333,344.02,568.32,45.31,19.61,49.37,262.10,510.03,-125.21,-254.81,283.91,100.54,2.540,0,BLINK,5.750,-0.761,0.568,16.7,lissajous
735989.2070,2.1500,344.76,568.64,44.53,19.12,48.47,263.88,512.06,107.27,121.96,162.42,98.70,2.493,0,BLINK,3.351,0.903,0.568,16.7,lissajous
735989.2236,2.1667,345.52,568.97,45.74,19.49,49.72,260.98,510.67,-174.23,-83.26,193.10,102.69,2.594,0,BLINK,3.884,-0.999,0.568,16.7,lissajous
735989.2403,2.1833,346.09,569.21,34.05,14.41,36.97,262.82,512.29,110.45,97.18,147.12,100.86,2.548,0,BLINK,3.979,0.949,0.568,16.7,lissajous
735989.2570,2.2000,346.62,569.43,32.09,13.50,34.81,263.48,511.99,39.41,-18.11,43.37,101.06,2.553,0,BLINK,1.246,0.676,0.568,16.7,lissajous
735989.2736,2.2167,347.53,569.81,54.36,22.70,58.91,260.06,510.22,-205.38,-106.34,231.27,105.84,2.674,0,BLINK,3.926,-0.997,0.568,16.7,lissajous
735989.2903,2.2333,348.33,570.14,47.84,19.80,51.78,260.42,508.18,21.75,-122.30,124.22,107.55,2.717,0,BLINK,2.399,-0.215,0.567,16.7,lissajous
735989.3070,2.2500,349.13,570.47,48.16,19.77,52.07,258.17,506.04,-134.88,-128.39,186.22,111.47,2.816,0,BLINK,3.577,-0.932,0.567,16.7,lissajous
735989.3236,2.2667,349.92,570.79,47.51,19.34,51.29,255.89,506.18,-136.51,8.64,136.79,114.08,2.882,0,BLINK,2.667,-0.901,0.567,16.7,lissajous
735989.3403,2.2833,350.68,571.10,45.58,18.40,49.15,256.39,505.92,29.52,-15.92,33.54,114.63,2.896,0,BLINK,0.682,0.638,0.567,16.7,lissajous
735989.3570,2.3000,351.54,571.44,51.44,20.59,55.41,256.55,506.52,9.86,35.98,37.30,115.05,2.906,0,BLINK,0.673,0.604,0.567,16.7,lissajous
735989.3736,2.3167,352.84,571.96,78.21,30.95,84.12,257.74,508.14,71.37,97.63,120.94,114.53,2.893,0,BLINK,1.438,0.846,0.566,16.7,lissajous
735989.3903,2.3333,353.76,572.32,55.33,21.64,59.41,259.22,506.63,88.93,-90.97,127.21,115.12,2.908,0,BLINK,2.141,0.391,0.566,16.7,lissajous
735989.4070,2.3500,354.38,572.56,37.02,14.36,39.71,257.96,507.42,-75.86,47.69,89.60,116.36,2.939,0,BLINK,2.257,-0.597,0.565,16.7,lissajous
735989.4236,2.3667,354.87,572.74,29.28,11.29,31.38,259.70,507.85,104.66,25.82,107.80,115.18,2.910,0,BLINK,3.435,0.992,0.565,16.7,lissajous
735989.4403,2.3833,355.62,573.03,45.07,17.26,48.26,260.25,506.34,33.12,-91.06,96.90,116.37,2.940,0,BLINK,2.008,-0.017,0.565,16.7,lissajous
735989.4570,2.4000,356.30,573.29,40.85,15.53,43.70,260.33,507.66,4.43,79.39,79.52,116.27,2.937,0,BLINK,1.819,0.407,0.565,16.7,lissajous
735989.4736,2.4167,356.97,573.54,40.12,15.14,42.88,259.30,507.17,-61.50,-29.55,68.23,118.09,2.983,0,BLINK,1.591,-0.996,0.565,16.7,lissajous
735989.4903,2.4333,357.82,573.86,51.16,19.14,54.62,258.21,505.68,-65.80,-88.96,110.65,120.71,3.049,0,BLINK,2.026,-0.839,0.565,16.7,lissajous
735989.5070,2.4500,358.49,574.11,39.89,14.80,42.54,258.95,506.80,44.68,67.14,80.64,120.16,3.035,0,BLINK,1.896,0.809,0.565,16.7,lissajous
735989.5236,2.4667,359.06,574.32,34.55,12.73,36.82,258.46,509.47,-29.21,160.02,162.67,119.69,3.023,0,BLINK,4.418,0.172,0.565,16.7,lissajous
735989.5403,2.4833,359.56,574.50,29.90,10.95,31.84,258.61,513.71,8.56,254.21,254.35,117.85,2.977,0,BLINK,7.987,0.375,0.564,16.7,lissajous
735989.5570,2.5000,360.05,574.68,29.60,10.78,31.50,261.95,515.64,200.29,115.69,231.30,114.51,2.893,0,BLINK,7.342,0.985,0.564,16.7,lissajous
735989.5736,2.5167,360.61,574.88,33.17,12.02,35.28,263.65,517.39,102.45,105.06,146.74,112.72,2.847,0,BLINK,4.159,0.900,0.564,16.7,lissajous
735989.5903,2.5333,361.09,575.06,29.07,10.47,30.90,267.91,517.23,255.46,-9.64,255.64,109.67,2.770,0,BLINK,8.273,0.927,0.564,16.7,lissajous
735989.6070,2.5500,361.57,575.23,28.75,10.30,30.54,266.27,517.67,-98.68,26.93,102.29,111.34,2.812,0,BLINK,3.349,-0.819,0.564,16.7,lissajous
735989.6236,2.5667,362.00,575.38,25.84,9.21,27.44,269.19,520.14,175.45,148.16,229.64,108.01,2.728,0,BLINK,0.000,0.936,0.564,16.7,lissajous
735989.6403,2.5833,362.45,575.54,26.73,9.48,28.36,269.81,521.37,37.16,73.56,82.42,107.31,2.711,0,BLINK,1.000,0.723,0.564,16.7,lissajous
735989.6570,2.6000,363.25,575.83,48.31,17.01,51.22,270.35,522.76,32.57,83.35,89.48,106.99,2.703,0,BLINK,1.747,0.653,0.564,16.7,lissajous
735989.6736,2.6167,364.13,576.13,52.59,18.35,55.70,272.70,523.38,141.15,37.41,146.02,105.55,2.666,0,BLINK,2.621,0.997,0.564,16.7,lissajous
735989.6903,2.6333,364.97,576.42,50.58,17.47,53.51,274.69,522.12,118.92,-75.75,141.00,105.36,2.661,0,BLINK,2.635,0.622,0.564,16.7,lissajous
735989.7070,2.6500,366.25,576.86,76.77,26.20,81.12,272.51,521.59,-130.88,-31.72,134.67,108.82,2.749,0,BLINK,1.660,-0.996,0.564,16.7,lissajous
735989.7236,2.6667,367.16,577.17,54.47,18.36,57.48,274.30,524.65,107.47,183.54,212.69,106.68,2.695,0,SMOOTH_PURSUIT,3.701,0.754,0.564,16.7,lissajous
735989.7403,2.6833,367.89,577.41,43.78,14.62,46.15,275.06,526.53,45.87,112.74,121.72,105.86,2.674,0,SMOOTH_PURSUIT,2.637,0.651,0.564,16.7,lissajous
735989.7570,2.7000,368.68,577.67,47.24,15.63,49.76,274.82,527.73,-14.26,71.79,73.20,106.31,2.686,0,DRIFT,1.471,0.123,0.564,16.7,lissajous
735989.7736,2.7167,369.21,577.84,31.85,10.46,33.53,278.81,525.09,239.00,-158.04,286.53,104.67,2.644,0,DRIFT,8.547,0.620,0.563,16.7,lissajous
735989.7903,2.7333,369.69,578.00,29.12,9.51,30.63,276.55,527.37,-135.13,136.80,192.29,106.01,2.678,0,DRIFT,6.278,-0.447,0.563,16.7,lissajous
735989.8070,2.7500,370.16,578.16,28.32,9.19,29.78,274.99,527.58,-93.95,12.43,94.77,107.78,2.723,0,FIXATION,1.000,-0.902,0.563,16.7,lissajous
735989.8236,2.7667,370.63,578.31,28.04,9.05,29.46,277.04,530.68,123.33,185.98,223.16,105.01,2.653,0,DRIFT,0.000,0.782,0.563,16.7,lissajous
735989.8403,2.7833,371.08,578.45,26.68,8.57,28.03,280.18,530.21,188.12,-28.17,190.22,102.90,2.600,0,DRIFT,0.000,0.896,0.563,16.7,lissajous
735989.8570,2.8000,371.55,578.60,28.34,9.05,29.75,283.59,530.63,204.77,25.48,206.35,100.18,2.531,0,DRIFT,0.000,0.983,0.563,16.7,lissajous
735989.8736,2.8167,372.00,578.74,27.37,8.69,28.72,282.27,530.61,-79.62,-1.55,79.64,101.83,2.572,0,FIXATION,1.000,-0.959,0.563,16.7,lissajous
735989.8903,2.8333,372.46,578.89,27.15,8.58,28.47,283.65,531.30,82.88,41.62,92.75,100.76,2.545,0,FIXATION,1.000,0.987,0.563,16.7,lissajous
735989.9070,2.8500,372.92,579.03,27.52,8.65,28.85,282.87,530.96,-46.65,-20.32,50.88,102.07,2.579,0,FIXATION,1.000,-0.994,0.563,16.7,lissajous
735989.9236,2.8667,373.38,579.18,28.05,8.76,29.38,283.25,533.51,22.77,152.69,154.37,101.04,2.553,0,DRIFT,0.000,0.436,0.563,16.7,lissajous
735989.9403,2.8833,373.85,579.32,28.27,8.78,29.60,283.12,532.77,-7.90,-44.15,44.85,101.98,2.576,0,FIXATION,1.000,-0.460,0.563,16.7,lissajous
735989.9570,2.9000,374.34,579.47,28.87,8.92,30.22,285.85,531.18,163.95,-95.30,189.64,100.80,2.546,0,DRIFT,6.276,0.678,0.563,16.7,lissajous
735989.9736,2.9167,374.84,579.63,30.18,9.27,31.57,286.70,532.91,51.11,103.40,115.34,99.75,2.520,0,FIXATION,3.653,0.687,0.563,16.7,lissajous
735989.9903,2.9333,375.30,579.77,27.80,8.49,29.07,286.49,532.26,-12.74,-38.99,41.01,100.72,2.544,0,FIXATION,1.000,-0.575,0.563,16.7,lissajous
735990.0070,2.9500,375.82,579.93,31.32,9.50,32.73,285.01,532.08,-88.95,-10.93,89.62,102.65,2.593,0,FIXATION,2.738,-0.985,0.563,16.7,lissajous
735990.0236,2.9667,376.31,580.07,29.06,8.76,30.35,284.63,532.72,-22.82,38.56,44.81,103.19,2.607,0,FIXATION,1.476,-0.239,0.563,16.7,lissajous
735990.0403,2.9833,376.86,580.24,33.13,9.92,34.58,285.18,532.85,33.31,7.67,34.18,103.20,2.607,0,FIXATION,0.989,0.998,0.563,16.7,lissajous
735990.0570,3.0000,870.40,360.01,29612.36,-13213.55,32426.68,285.56,535.24,22.81,143.54,145.34,610.52,15.333,0,DRIFT,0.004,-0.259,0.031,16.7,circular
735990.0736,3.0167,870.40,360.36,-0.02,20.71,20.71,285.32,536.87,-14.33,97.62,98.67,611.12,15.348,0,FIXATION,1.000,0.990,0.009,250.0,circular
735990.0903,3.0333,870.40,360.89,-0.09,31.68,31.68,286.02,534.82,41.56,-122.80,129.64,609.72,15.313,0,FIXATION,4.092,-0.948,0.009,250.0,circular
735990.1070,3.0500,870.39,361.62,-0.24,44.27,44.27,285.85,535.05,-9.79,13.76,16.89,609.73,15.313,0,SMOOTH_PURSUIT,0.381,0.818,0.008,200.0,circular
735990.1236,3.0667,870.39,362.14,-0.25,30.96,30.96,289.31,535.53,207.72,29.20,209.77,606.39,15.231,0,DRIFT,6.775,0.131,0.025,66.7,circular
735990.1403,3.0833,870.39,362.63,-0.30,29.33,29.33,293.36,535.57,242.53,1.90,242.54,602.39,15.131,0,DRIFT,0.000,-0.003,0.046,83.3,circular
735990.1570,3.1000,870.38,363.27,-0.49,38.65,38.65,292.79,535.87,-34.19,18.23,38.75,602.83,15.142,0,FIXATION,1.003,0.482,0.048,83.3,circular
735990.1736,3.1167,870.37,363.92,-0.60,38.74,38.74,294.59,535.86,108.06,-0.34,108.06,600.90,15.094,0,FIXATION,2.789,-0.019,0.048,83.3,circular
735990.1903,3.1333,870.36,364.52,-0.66,35.99,36.00,292.19,535.57,-143.65,-17.56,144.72,602.93,15.145,0,FIXATION,4.020,-0.103,0.049,83.3,circular
735990.2070,3.1500,870.34,365.15,-0.79,37.70,37.71,291.73,535.27,-27.64,-18.41,33.21,603.10,15.149,0,FIXATION,0.881,-0.537,0.050,83.3,circular
735990.2236,3.1667,870.33,365.80,-0.93,39.27,39.28,293.65,535.75,114.97,28.92,118.55,601.20,15.102,0,FIXATION,3.018,0.221,0.051,83.3,circular
735990.2403,3.1833,870.31,366.45,-1.04,39.04,39.05,293.46,534.87,-11.17,-52.67,53.84,600.93,15.095,0,FIXATION,1.379,-0.972,0.051,83.3,circular
735990.2570,3.2000,870.29,367.09,-1.12,38.09,38.10,292.31,535.92,-69.41,63.28,93.93,602.14,15.125,0,FIXATION,2.465,0.695,0.051,83.3,circular
735990.2736,3.2167,870.27,367.69,-1.17,36.46,36.48,291.93,536.77,-22.43,50.84,55.57,602.55,15.135,0,FIXATION,1.523,0.927,0.052,83.3,circular
735990.2903,3.2333,870.25,368.27,-1.19,34.30,34.32,291.75,538.09,-10.94,78.92,79.68,602.91,15.144,0,FIXATION,2.322,0.995,0.052,83.3,circular
735990.3070,3.2500,870.23,368.81,-1.22,32.90,32.92,293.08,538.40,79.98,18.91,82.19,601.55,15.110,0,FIXATION,2.497,0.194,0.052,83.3,circular
735990.3236,3.2667,870.21,369.40,-1.39,35.23,35.26,293.07,540.82,-1.01,144.84,144.84,602.06,15.123,0,FIXATION,4.108,0.999,0.053,83.3,circular
735990.3403,3.2833,870.18,370.02,-1.58,37.42,37.45,294.38,539.80,78.93,-61.14,99.84,600.31,15.080,0,FIXATION,2.666,-0.645,0.053,83.3,circular
735990.3570,3.3000,870.16,370.46,-1.17,26.37,26.40,293.46,539.61,-55.43,-11.38,56.58,601.00,15.097,0,FIXATION,1.000,-0.157,0.054,83.3,circular
735990.3736,3.3167,870.12,371.30,-2.37,50.10,50.15,292.66,538.81,-48.05,-47.98,67.90,601.27,15.104,0,DRIFT,1.354,-0.672,0.054,83.3,circular
735990.3903,3.3333,870.09,371.89,-1.79,35.53,35.57,292.69,538.27,1.93,-32.14,32.20,600.90,15.094,0,FIXATION,0.905,-1.000,0.055,83.3,circular
735990.4070,3.3500,870.06,372.45,-1.76,33.35,33.40,292.89,537.75,11.89,-31.40,33.57,600.38,15.081,0,FIXATION,1.005,-0.953,0.055,83.3,circular
735990.4236,3.3667,870.03,373.04,-1.98,35.77,35.83,292.39,538.04,-30.12,17.26,34.72,600.75,15.091,0,FIXATION,0.969,0.544,0.055,83.3,circular
735990.4403,3.3833,869.99,373.71,-2.31,39.74,39.80,292.39,537.58,0.47,-27.64,27.64,600.39,15.082,0,FIXATION,0.694,-0.999,0.056,83.3,circular
735990.4570,3.4000,869.95,374.32,-2.24,36.78,36.85,292.53,537.49,8.43,-5.01,9.80,600.03,15.073,0,FIXATION,0.266,-0.562,0.056,83.3,circular
735990.4736,3.4167,869.92,374.92,-2.30,36.14,36.21,293.55,539.91,61.02,145.24,157.54,599.52,15.060,0,DRIFT,4.351,0.895,0.056,83.3,circular
735990.4903,3.4333,869.88,375.48,-2.20,33.25,33.33,293.38,539.53,-10.28,-23.10,25.29,599.39,15.057,0,FIXATION,0.759,-0.885,0.056,83.3,circular
735990.5070,3.4500,869.84,376.03,-2.29,33.40,33.48,296.98,540.00,215.92,28.35,217.77,595.87,14.969,0,DRIFT,6.505,0.062,0.055,83.3,circular
735990.5236,3.4667,869.80,376.58,-2.35,33.11,33.20,298.18,543.07,71.93,184.18,197.73,595.38,14.957,0,DRIFT,5.956,0.903,0.055,83.3,circular
735990.5403,3.4833,869.76,377.19,-2.69,36.65,36.74,300.76,544.04,155.13,57.93,165.60,592.95,14.897,0,DRIFT,4.507,0.280,0.054,83.3,circular
735990.5570,3.5000,869.71,377.84,-2.95,38.68,38.79,301.64,544.97,52.46,56.07,76.78,592.15,14.877,0,FIXATION,1.979,0.676,0.054,83.3,circular
735990.5736,3.5167,869.66,378.48,-3.02,38.19,38.31,300.27,546.37,-82.07,84.29,117.64,593.63,14.914,0,FIXATION,3.071,0.769,0.054,83.3,circular
735990.5903,3.5333,869.61,379.03,-2.72,33.34,33.45,304.51,545.48,254.44,-53.43,259.99,589.11,14.801,0,DRIFT,7.772,-0.284,0.053,83.3,circular
735990.6070,3.5500,869.58,379.38,-1.73,20.65,20.72,304.37,548.30,-8.09,169.13,169.32,589.91,14.821,0,DRIFT,0.000,0.999,0.054,83.3,circular
735990.6236,3.5667,869.55,379.77,-2.04,23.94,24.03,304.72,548.34,20.49,2.15,20.60,589.45,14.810,0,FIXATION,1.000,0.020,0.054,83.3,circular
735990.6403,3.5833,869.48,380.59,-4.31,49.04,49.23,303.58,547.67,-67.93,-40.06,78.87,590.04,14.825,0,DRIFT,1.602,-0.431,0.054,83.3,circular
735990.6570,3.6000,869.42,381.27,-3.69,40.41,40.58,306.58,546.95,179.89,-43.00,184.96,586.72,14.742,0,DRIFT,4.558,-0.320,0.053,83.3,circular
735990.6736,3.6167,869.36,381.81,-3.09,32.96,33.10,314.13,546.07,453.08,-53.35,456.21,579.02,14.551,0,DRIFT,13.783,-0.209,0.052,83.3,circular
735990.6903,3.6333,869.33,382.16,-1.98,20.67,20.77,311.18,545.72,-177.38,-20.67,178.58,581.63,14.616,0,DRIFT,0.000,-0.020,0.052,83.3,circular
735990.7070,3.6500,869.30,382.51,-2.05,21.07,21.17,310.42,548.14,-45.38,145.34,152.26,582.90,14.647,0,DRIFT,0.000,0.979,0.052,83.3,circular
735990.7236,3.6667,869.26,382.84,-1.97,19.87,19.97,313.67,549.10,194.72,57.33,202.99,579.94,14.574,0,DRIFT,0.000,0.187,0.052,83.3,circular
735990.7403,3.6833,869.23,383.17,-1.97,19.66,19.76,313.77,549.88,6.33,46.60,47.02,579.94,14.574,0,FIXATION,1.000,0.973,0.053,83.3,circular
735990.7570,3.7000,869.19,383.54,-2.28,22.38,22.50,315.78,553.41,120.44,212.28,244.06,578.90,14.548,0,DRIFT,0.000,0.815,0.052,83.3,circular
735990.7736,3.7167,869.16,383.87,-2.07,19.96,20.07,317.45,553.16,100.31,-15.02,101.42,577.10,14.503,0,FIXATION,0.000,-0.249,0.052,83.3,circular
735990.7903,3.7333,869.12,384.21,-2.10,20.00,20.11,316.85,552.04,-36.35,-67.18,76.38,577.22,14.506,0,FIXATION,1.000,-0.825,0.052,83.3,circular
735990.8070,3.7500,869.09,384.54,-2.11,19.82,19.94,315.14,551.57,-102.21,-28.63,106.15,578.58,14.540,0,FIXATION,0.000,-0.166,0.052,83.3,circular
735990.8236,3.7667,869.04,384.99,-2.94,27.21,27.37,314.11,551.85,-61.99,16.87,64.24,579.47,14.562,0,FIXATION,1.000,0.365,0.053,83.3,circular
735990.8403,3.7833,869.00,385.39,-2.60,23.65,23.80,313.71,552.96,-23.63,66.45,70.53,580.02,14.575,0,FIXATION,1.000,0.973,0.053,83.3,circular
735990.8570,3.8000,868.96,385.72,-2.27,20.32,20.45,313.16,555.79,-33.08,169.82,173.01,581.23,14.606,0,DRIFT,0.000,0.997,0.053,83.3,circular
735990.8736,3.8167,868.92,386.07,-2.37,20.92,21.06,313.81,554.48,39.07,-78.18,87.40,580.09,14.577,0,FIXATION,1.000,-0.939,0.052,83.3,circular
735990.8903,3.8333,868.88,386.40,-2.25,19.61,19.74,316.41,554.10,155.43,-22.97,157.12,577.37,14.510,0,DRIFT,0.000,-0.258,0.052,83.3,circular
735990.9070,3.8500,868.84,386.73,-2.30,19.84,19.97,315.34,553.93,-64.03,-10.36,64.86,578.21,14.531,0,FIXATION,1.000,-0.045,0.052,83.3,circular
735990.9236,3.8667,868.80,387.06,-2.35,20.00,20.14,316.08,554.02,44.32,5.72,44.69,577.39,14.510,0,FIXATION,1.000,0.011,0.052,83.3,circular
735990.9403,3.8833,868.77,387.39,-2.34,19.65,19.79,315.69,553.43,-23.05,-35.63,42.43,577.46,14.512,0,FIXATION,1.000,-0.770,0.052,83.3,circular
735990.9570,3.9000,868.71,387.85,-3.30,27.32,27.52,320.40,553.23,282.74,-12.14,283.00,572.70,14.394,0,DRIFT,0.000,-0.162,0.052,83.3,circular
735990.9736,3.9167,868.66,388.26,-3.05,24.84,25.03,323.76,553.17,201.04,-3.50,201.07,569.31,14.309,0,DRIFT,0.000,-0.139,0.051,83.3,circular
735990.9903,3.9333,868.62,388.60,-2.52,20.28,20.44,320.88,553.80,-172.44,37.63,176.50,572.11,14.379,0,DRIFT,0.000,0.332,0.051,83.3,circular
735991.0070,3.9500,868.57,388.96,-2.72,21.59,21.76,320.72,553.49,-9.71,-18.46,20.86,572.03,14.377,0,FIXATION,1.000,-0.820,0.051,83.3,circular
735991.0236,3.9667,868.52,389.36,-3.06,23.96,24.15,320.58,552.72,-8.56,-45.82,46.61,571.78,14.371,0,FIXATION,1.000,-0.952,0.051,83.3,circular
735991.0403,3.9833,868.48,389.69,-2.58,19.93,20.10,321.40,556.08,49.24,201.19,207.13,571.82,14.372,0,DRIFT,0.000,0.933,0.051,83.3,circular
735991.0570,4.0000,868.39,390.33,-5.06,38.50,38.83,323.88,557.06,148.74,59.01,160.02,569.47,14.313,0,DRIFT,4.121,0.245,0.049,83.3,circular
735991.0736,4.0167,868.31,390.97,-5.16,38.40,38.75,323.30,558.05,-34.80,59.55,68.97,570.05,14.328,0,FIXATION,1.780,0.923,0.050,83.3,circular
735991.0903,4.0333,868.25,391.42,-3.70,27.06,27.31,323.63,557.77,19.80,-17.26,26.27,569.46,14.313,0,FIXATION,1.000,-0.753,0.050,83.3,circular
735991.1070,4.0500,868.19,391.86,-3.60,26.00,26.25,326.39,557.03,165.83,-44.22,171.62,566.41,14.237,0,DRIFT,0.000,-0.388,0.050,83.3,circular
735991.1236,4.0667,868.14,392.19,-2.82,20.09,20.28,324.22,558.02,-130.44,59.66,143.43,568.64,14.293,0,FIXATION,0.000,0.538,0.050,83.3,circular
735991.1403,4.0833,868.09,392.53,-2.89,20.35,20.55,325.64,557.94,85.23,-5.23,85.39,567.11,14.255,0,FIXATION,1.000,-0.201,0.050,83.3,circular
735991.1570,4.1000,868.05,392.86,-2.79,19.48,19.68,328.32,559.01,160.86,64.73,173.40,564.73,14.195,0,DRIFT,0.000,0.238,0.050,83.3,circular
735991.1736,4.1167,868.00,393.18,-2.86,19.74,19.94,327.29,560.92,-61.45,114.33,129.79,566.12,14.230,0,FIXATION,0.000,0.940,0.050,83.3,circular
735991.1903,4.1333,867.95,393.51,-2.84,19.45,19.65,326.32,563.09,-58.27,130.43,142.86,567.56,14.266,0,FIXATION,0.000,0.962,0.050,83.3,circular
735991.2070,4.1500,867.90,393.84,-2.91,19.69,19.90,327.03,561.90,42.73,-71.38,83.19,566.38,14.236,0,FIXATION,1.000,-0.924,0.050,83.3,circular
735991.2236,4.1667,867.85,394.16,-2.92,19.58,19.80,327.98,563.26,56.92,81.22,99.19,565.73,14.220,0,FIXATION,1.000,0.725,0.051,83.3,circular
735991.2403,4.1833,867.80,394.48,-2.89,19.18,19.40,328.04,561.50,3.62,-105.27,105.34,565.01,14.202,0,FIXATION,0.000,-0.993,0.051,83.3,circular
735991.2570,4.2000,867.75,394.83,-3.14,20.61,20.85,331.98,561.42,236.29,-5.19,236.35,561.07,14.104,0,DRIFT,0.000,-0.172,0.050,83.3,circular
735991.2736,4.2167,867.70,395.15,-3.02,19.63,19.86,329.99,561.06,-119.65,-21.57,121.58,562.73,14.145,0,FIXATION,0.000,-0.026,0.050,83.3,circular
735991.2903,4.2333,867.65,395.48,-3.04,19.60,19.83,330.75,560.86,45.53,-11.63,46.99,561.80,14.122,0,FIXATION,1.000,-0.393,0.050,83.3,circular
735991.3070,4.2500,867.60,395.80,-3.01,19.24,19.47,330.01,560.42,-44.02,-26.34,51.30,562.23,14.133,0,FIXATION,1.000,-0.375,0.050,83.3,circular
735991.3236,4.2667,867.54,396.18,-3.62,22.86,23.14,329.94,560.03,-4.31,-23.77,24.16,562.01,14.128,0,FIXATION,1.000,-0.944,0.051,83.3,circular
735991.3403,4.2833,867.48,396.58,-3.78,23.62,23.92,330.23,561.59,17.55,93.51,95.14,562.01,14.128,0,FIXATION,1.000,0.941,0.051,83.3,circular
735991.3570,4.3000,867.42,396.91,-3.25,20.09,20.35,330.70,561.66,27.90,4.25,28.22,561.44,14.113,0,FIXATION,1.000,-0.009,0.051,83.3,circular
735991.3736,4.3167,867.37,397.25,-3.37,20.66,20.94,330.62,561.32,-4.74,-20.07,20.62,561.26,14.109,0,FIXATION,1.000,-0.924,0.052,83.3,circular
735991.3903,4.3333,867.31,397.61,-3.49,21.18,21.47,333.44,561.04,169.40,-17.02,170.25,558.32,14.036,0,DRIFT,0.000,-0.260,0.052,83.3,circular
735991.4070,4.3500,867.26,397.93,-3.24,19.53,19.79,332.53,561.25,-54.92,12.88,56.41,559.11,14.056,0,FIXATION,1.000,0.385,0.052,83.3,circular
735991.4236,4.3667,867.20,398.27,-3.37,20.09,20.37,332.09,561.17,-26.26,-5.09,26.75,559.36,14.062,0,FIXATION,1.000,-0.025,0.052,83.3,circular
735991.4403,4.3833,867.15,398.59,-3.28,19.36,19.64,333.41,562.70,79.40,91.72,121.31,558.39,14.038,0,FIXATION,0.000,0.636,0.052,83.3,circular
735991.4570,4.4000,867.09,398.92,-3.33,19.50,19.79,332.87,560.76,-32.40,-116.32,120.75,558.19,14.033,0,FIXATION,0.000,-0.904,0.052,83.3,circular
735991.4736,4.4167,867.03,399.23,-3.29,19.14,19.42,332.31,561.00,-33.82,14.21,36.69,558.66,14.044,0,FIXATION,1.000,0.538,0.052,83.3,circular
735991.4903,4.4333,866.94,399.79,-5.85,33.60,34.11,333.01,562.00,41.84,60.29,73.39,558.03,14.028,0,FIXATION,2.152,0.712,0.052,83.3,circular
735991.5070,4.4500,866.80,400.55,-8.04,45.41,46.12,333.47,562.74,27.65,44.19,52.13,557.45,14.014,0,SMOOTH_PURSUIT,1.130,0.742,0.052,83.3,circular
735991.5236,4.4667,866.70,401.12,-6.19,34.38,34.93,335.24,562.90,106.34,9.65,106.77,555.54,13.967,0,FIXATION,3.057,-0.088,0.052,83.3,circular
735991.5403,4.4833,866.60,401.67,-5.99,32.79,33.34,336.47,562.37,73.96,-31.51,80.39,553.95,13.927,0,FIXATION,2.412,-0.551,0.052,83.3,circular
735991.5570,4.5000,866.52,402.09,-4.62,24.97,25.39,334.98,565.75,-89.33,202.41,221.25,556.16,13.982,0,DRIFT,0.000,0.973,0.052,83.3,circular
735991.5736,4.5167,866.46,402.43,-3.82,20.47,20.83,335.03,565.90,2.86,9.19,9.63,556.00,13.978,0,FIXATION,1.000,0.884,0.052,83.3,circular
735991.5903,4.5333,866.40,402.76,-3.79,20.14,20.50,336.61,564.95,94.81,-57.16,110.71,554.05,13.930,0,FIXATION,0.000,-0.666,0.052,83.3,circular
735991.6070,4.5500,866.33,403.09,-3.72,19.61,19.96,337.82,564.91,72.50,-2.48,72.54,552.73,13.897,0,FIXATION,1.000,-0.220,0.053,83.3,circular
735991.6236,4.5667,866.27,403.41,-3.70,19.38,19.73,339.11,567.50,77.55,155.84,174.07,552.11,13.881,0,DRIFT,0.000,0.796,0.053,83.3,circular
735991.6403,4.5833,866.15,404.05,-7.34,37.97,38.67,337.78,566.35,-79.71,-69.27,105.60,552.73,13.897,0,FIXATION,2.731,-0.501,0.053,83.3,circular
735991.6570,4.6000,866.08,404.40,-4.14,21.15,21.55,339.45,567.08,99.99,43.75,109.14,551.19,13.858,0,FIXATION,0.000,0.218,0.053,83.3,circular
735991.6736,4.6167,866.01,404.74,-4.01,20.34,20.73,339.26,568.17,-11.21,65.40,66.35,551.52,13.867,0,FIXATION,1.000,1.000,0.053,83.3,circular
735991.6903,4.6333,865.95,405.06,-3.87,19.46,19.84,339.86,567.18,35.87,-59.13,69.16,550.50,13.841,0,FIXATION,1.000,-0.940,0.054,83.3,circular
735991.7070,4.6500,865.86,405.51,-5.38,26.84,27.37,340.12,567.41,15.58,13.74,20.77,550.10,13.831,0,FIXATION,1.000,0.501,0.054,83.3,circular
735991.7236,4.6667,865.78,405.89,-4.67,23.05,23.52,340.50,567.55,22.55,8.27,24.02,549.60,13.819,0,FIXATION,1.000,0.151,0.054,83.3,circular
735991.7403,4.6833,865.72,406.22,-4.03,19.74,20.14,342.03,567.39,91.87,-9.55,92.36,547.93,13.777,0,FIXATION,1.000,-0.300,0.054,83.3,circular
735991.7570,4.7000,865.65,406.55,-3.97,19.34,19.74,344.16,569.27,127.76,112.56,170.28,546.29,13.736,0,DRIFT,0.000,0.496,0.054,83.3,circular
735991.7736,4.7167,865.58,406.88,-4.15,20.03,20.46,344.75,568.49,35.45,-46.33,58.34,545.33,13.712,0,FIXATION,1.000,-0.901,0.054,83.3,circular
735991.7903,4.7333,865.51,407.21,-4.10,19.66,20.08,345.33,568.68,34.89,11.18,36.64,544.67,13.696,0,FIXATION,1.000,0.104,0.054,83.3,circular
735991.8070,4.7500,865.43,407.60,-5.00,23.78,24.30,343.67,568.43,-99.50,-15.11,100.64,545.98,13.729,0,FIXATION,0.000,0.056,0.054,83.3,circular
735991.8236,4.7667,865.35,407.99,-4.92,23.21,23.73,345.18,569.20,90.40,46.22,101.53,544.58,13.694,0,FIXATION,0.000,0.261,0.054,83.3,circular
735991.8403,4.7833,865.28,408.32,-4.25,19.89,20.34,343.83,571.38,-80.64,130.74,153.61,546.34,13.738,0,DRIFT,0.000,0.942,0.054,83.3,circular
735991.8570,4.8000,865.21,408.64,-4.15,19.27,19.71,344.91,571.46,64.56,5.06,64.76,545.18,13.709,0,FIXATION,1.000,-0.133,0.054,83.3,circular
735991.8736,4.8167,865.03,409.44,-10.44,47.91,49.04,347.74,570.43,169.87,-62.17,180.89,541.76,13.624,0,DRIFT,3.689,-0.536,0.054,83.3,circular
735991.8903,4.8333,864.92,409.96,-6.87,31.12,31.87,347.72,569.68,-1.31,-44.58,44.60,541.30,13.612,0,FIXATION,1.399,-0.970,0.054,83.3,circular
735991.9070,4.8500,864.79,410.52,-7.58,33.92,34.76,347.49,569.35,-13.70,-20.27,24.46,541.13,13.608,0,FIXATION,0.704,-0.687,0.054,83.3,circular
735991.9236,4.8667,864.70,410.93,-5.46,24.20,24.81,349.01,569.45,91.02,6.09,91.22,539.51,13.567,0,FIXATION,1.000,-0.155,0.056,83.3,circular
735991.9403,4.8833,864.62,411.29,-4.94,21.71,22.26,348.84,569.65,-10.11,11.98,15.67,539.54,13.568,0,FIXATION,1.000,0.888,0.060,83.3,circular
735991.9570,4.9000,864.52,411.74,-6.15,26.82,27.51,353.08,570.08,254.68,26.09,256.01,535.38,13.465,0,DRIFT,0.000,-0.123,0.062,83.3,circular
735991.9736,4.9167,864.44,412.08,-4.82,20.83,21.38,352.69,570.97,-23.78,53.16,58.24,535.84,13.476,0,FIXATION,1.000,0.981,0.064,83.3,circular
735991.9903,4.9333,864.34,412.47,-5.45,23.40,24.03,353.30,570.72,36.68,-14.80,39.56,534.99,13.455,0,FIXATION,1.000,-0.575,0.065,83.3,circular
735992.0070,4.9500,864.25,412.87,-5.52,23.49,24.13,352.72,571.45,-34.95,43.67,55.93,535.55,13.469,0,FIXATION,1.000,0.903,0.070,83.3,circular
735992.0236,4.9667,864.17,413.21,-4.95,20.92,21.50,350.97,571.02,-104.59,-25.42,107.64,536.91,13.503,0,FIXATION,0.000,-0.006,0.086,83.3,circular
735992.0403,4.9833,864.08,413.58,-5.22,21.91,22.52,350.81,570.92,-10.02,-6.18,11.77,536.85,13.501,0,FIXATION,1.000,-0.313,0.110,83.3,circular
735992.0570,5.0000,863.96,414.11,-7.60,31.61,32.51,351.01,571.86,12.43,56.14,57.50,536.65,13.496,0,FIXATION,1.769,0.899,0.123,83.3,circular
735992.0736,5.0167,863.87,414.45,-4.93,20.32,20.91,352.83,573.49,108.81,98.01,146.45,535.22,13.461,0,FIXATION,0.000,0.475,0.127,83.3,circular
735992.0903,5.0333,863.79,414.79,-5.10,20.91,21.52,352.97,572.69,8.77,-48.32,49.11,534.66,13.447,0,FIXATION,1.000,-0.998,0.138,83.3,circular
735992.1070,5.0500,863.69,415.20,-6.02,24.47,25.20,355.28,574.00,138.46,78.79,159.31,532.63,13.396,0,DRIFT,0.000,0.273,0.138,83.3,circular
735992.1236,5.0667,863.60,415.57,-5.45,22.01,22.68,354.92,573.97,-21.52,-1.47,21.57,532.77,13.399,0,FIXATION,1.000,0.173,0.139,83.3,circular
735992.1403,5.0833,863.50,415.95,-5.77,23.14,23.85,354.22,574.40,-42.11,25.40,49.18,533.36,13.414,0,FIXATION,1.000,0.708,0.141,83.3,circular
735992.1570,5.1000,863.41,416.34,-5.77,22.97,23.69,354.56,574.38,20.65,-1.24,20.69,532.82,13.401,0,FIXATION,1.000,-0.302,0.141,83.3,circular
735992.1736,5.1167,863.31,416.72,-5.86,23.17,23.90,355.35,573.81,46.94,-34.30,58.14,531.70,13.373,0,FIXATION,1.000,-0.770,0.142,83.3,circular
735992.1903,5.1333,863.21,417.09,-5.63,22.07,22.78,357.34,573.43,119.78,-22.79,121.93,529.48,13.317,0,FIXATION,0.000,-0.424,0.144,83.3,circular
735992.2070,5.1500,863.12,417.47,-5.79,22.56,23.29,355.79,573.12,-93.37,-18.39,95.17,530.67,13.347,0,FIXATION,1.000,0.057,0.145,83.3,circular
735992.2236,5.1667,863.02,417.85,-5.97,23.09,23.84,356.32,573.49,31.68,22.35,38.77,530.07,13.332,0,FIXATION,1.000,0.354,0.146,83.3,circular
735992.2403,5.1833,862.92,418.22,-5.79,22.24,22.98,361.38,573.68,303.75,11.53,303.97,525.09,13.208,0,DRIFT,0.000,-0.215,0.142,83.3,circular
735992.2570,5.2000,862.73,418.97,-11.81,44.92,46.45,362.04,573.48,39.64,-12.23,41.49,523.99,13.180,0,DRIFT,0.893,-0.528,0.142,83.3,circular
735992.2736,5.2167,862.53,419.71,-11.88,44.55,46.11,363.45,574.22,84.64,44.44,95.60,522.45,13.142,0,DRIFT,2.073,0.221,0.143,83.3,circular
735992.2903,5.2333,862.32,420.47,-12.27,45.41,47.04,363.02,576.10,-25.52,112.91,115.76,522.99,13.156,0,SMOOTH_PURSUIT,2.461,0.999,0.143,83.3,circular
735992.3070,5.2500,862.13,421.18,-11.61,42.41,43.97,361.59,575.13,-85.86,-58.40,103.84,523.68,13.173,0,DRIFT,2.361,-0.324,0.143,83.3,circular
735992.3236,5.2667,861.94,421.85,-11.19,40.41,41.93,363.86,577.96,135.99,170.11,217.78,521.98,13.130,0,SMOOTH_PURSUIT,5.194,0.586,0.142,83.3,circular
735992.3403,5.2833,861.75,422.54,-11.53,41.11,42.70,362.13,576.96,-103.59,-60.22,119.82,522.94,13.154,0,DRIFT,2.806,-0.251,0.142,83.3,circular
735992.3570,5.3000,861.54,423.28,-12.71,44.77,46.54,362.03,577.12,-6.19,9.81,11.60,522.66,13.148,0,SMOOTH_PURSUIT,0.249,0.959,0.142,83.3,circular
735992.3736,5.3167,861.34,423.96,-11.76,40.94,42.60,363.08,576.67,62.94,-27.12,68.53,521.14,13.110,0,DRIFT,1.609,-0.634,0.142,83.3,circular
735992.3903,5.3333,861.14,424.67,-12.28,42.23,43.97,364.41,578.61,79.71,116.31,141.00,520.04,13.082,0,SMOOTH_PURSUIT,3.206,0.634,0.142,83.3,circular
735992.4070,5.3500,860.94,425.36,-12.12,41.21,42.95,366.35,577.95,116.77,-39.59,123.29,517.59,13.021,0,DRIFT,2.870,-0.575,0.142,83.3,circular
735992.4236,5.3667,860.74,426.03,-12.07,40.56,42.32,367.00,577.22,38.77,-43.81,58.50,516.37,12.990,0,DRIFT,1.382,-0.907,0.142,83.3,circular
735992.4403,5.3833,860.52,426.73,-12.62,41.94,43.80,368.60,577.43,96.01,12.81,96.86,514.49,12.944,0,DRIFT,2.211,-0.159,0.142,83.3,circular
735992.4570,5.4000,860.31,427.43,-12.84,42.18,44.09,370.16,577.28,93.83,-9.10,94.27,512.54,12.895,0,DRIFT,2.138,-0.382,0.143,83.3,circular
735992.4736,5.4167,860.13,428.02,-10.91,35.47,37.11,372.12,577.23,117.61,-3.14,117.65,510.31,12.839,0,FIXATION,3.170,-0.319,0.144,83.3,circular
735992.4903,5.4333,860.01,428.42,-7.35,23.72,24.83,370.33,577.42,-107.37,11.51,107.99,511.84,12.878,0,FIXATION,0.000,0.396,0.144,83.3,circular
735992.5070,5.4500,859.86,428.90,-9.00,28.84,30.21,571.14,507.33,12048.10,-4205.66,12761.04,299.18,7.548,0,SACCADE,422.370,-0.596,0.006,83.3,circular
735992.5236,5.4667,859.73,429.31,-7.78,24.74,25.93,704.85,439.59,8022.65,-4064.31,8993.42,155.22,3.920,0,SACCADE,0.000,-0.699,0.001,83.3,circular
735992.5403,5.4833,859.62,429.66,-6.50,20.55,21.56,784.58,404.34,4784.04,-2114.79,5230.62,79.19,2.001,0,SACCADE,0.000,-0.661,-0.000,83.3,circular
735992.5570,5.5000,859.51,430.01,-6.75,21.22,22.26,818.80,387.39,2053.47,-1017.39,2291.68,58.93,1.489,0,SACCADE,0.000,-0.695,-0.001,83.3,circular
735992.5736,5.5167,859.40,430.34,-6.32,19.76,20.75,829.48,368.39,640.33,-1139.49,1307.08,68.79,1.738,0,SACCADE,0.000,-0.980,-0.002,83.3,circular
735992.5903,5.5333,859.30,430.66,-6.12,19.05,20.01,841.62,370.97,728.36,154.37,744.54,62.25,1.573,0,SACCADE,0.000,-0.102,-0.002,83.3,circular
735992.6070,5.5500,859.18,431.03,-7.31,22.63,23.78,841.69,373.48,4.14,150.63,150.69,60.15,1.520,0,DRIFT,0.000,0.943,-0.002,83.3,circular
735992.6236,5.5667,859.07,431.37,-6.52,20.08,21.11,853.84,370.85,729.02,-157.66,745.88,60.74,1.535,0,SACCADE,0.000,-0.503,-0.002,83.3,circular
735992.6403,5.5833,858.91,431.85,-9.40,28.74,30.24,852.28,367.10,-93.08,-225.13,243.61,65.09,1.644,0,DRIFT,8.056,-0.760,-0.002,83.3,circular
735992.6570,5.6000,858.78,432.23,-7.64,23.21,24.44,855.11,368.81,169.56,102.47,198.12,63.53,1.605,0,DRIFT,0.000,0.224,-0.002,83.3,circular
735992.6736,5.6167,858.68,432.55,-6.34,19.14,20.17,859.80,363.29,281.66,-331.03,434.64,69.27,1.750,0,DRIFT,0.000,-0.927,-0.002,83.3,circular
735992.6903,5.6333,858.57,432.88,-6.44,19.37,20.42,862.83,365.57,181.39,136.65,227.11,67.44,1.704,0,DRIFT,0.000,0.319,-0.002,83.3,circular
735992.7070,5.6500,858.46,433.20,-6.43,19.24,20.29,862.48,362.53,-20.90,-182.42,183.61,70.78,1.788,0,DRIFT,0.000,-0.906,-0.002,83.3,circular
735992.7236,5.6667,858.35,433.52,-6.55,19.49,20.56,862.07,366.65,-24.68,247.35,248.58,66.98,1.692,0,DRIFT,0.000,0.975,-0.002,83.3,circular
735992.7403,5.6833,858.25,433.84,-6.37,18.86,19.91,864.59,360.63,151.04,-360.83,391.17,73.47,1.856,0,DRIFT,0.000,-0.997,-0.002,83.3,circular
735992.7570,5.7000,858.13,434.18,-6.94,20.45,21.60,862.89,363.39,-101.76,165.24,194.06,70.95,1.792,0,DRIFT,0.000,0.975,-0.002,83.3,circular
735992.7736,5.7167,858.01,434.53,-7.31,21.43,22.64,861.61,365.23,-76.96,110.31,134.50,69.40,1.753,0,FIXATION,0.000,0.961,-0.002,83.3,circular
735992.7903,5.7333,857.85,435.00,-9.53,27.78,29.37,865.44,363.63,230.24,-96.02,249.46,71.77,1.813,0,DRIFT,0.000,-0.664,-0.002,83.3,circular
735992.8070,5.7500,857.62,435.67,-14.00,40.48,42.83,867.67,366.29,133.51,159.79,208.22,70.10,1.771,0,SMOOTH_PURSUIT,4.861,0.516,-0.002,83.3,circular
735992.8236,5.7667,857.39,436.34,-13.93,39.87,42.23,867.24,361.71,-25.53,-274.95,276.13,75.28,1.902,0,DRIFT,6.539,-0.909,-0.002,83.3,circular
735992.8403,5.7833,857.08,437.20,-18.28,51.73,54.86,863.57,361.53,-220.36,-10.46,220.61,75.94,1.919,0,DRIFT,4.021,0.288,-0.002,83.3,circular
735992.8570,5.8000,856.91,437.68,-10.29,28.82,30.60,873.26,360.94,581.41,-35.49,582.49,78.46,1.982,0,DRIFT,19.034,-0.393,-0.003,83.3,circular
735992.8736,5.8167,856.72,438.20,-11.18,31.09,33.04,861.39,366.84,-712.12,354.09,795.29,71.51,1.806,0,SACCADE,24.072,0.722,-0.003,83.3,circular
735992.8903,5.8333,856.55,438.67,-10.23,28.26,30.06,866.31,367.81,295.07,57.92,300.70,71.53,1.807,0,DRIFT,10.005,-0.153,-0.003,83.3,circular
735992.9070,5.8500,856.30,439.36,-15.09,41.34,44.01,869.22,368.96,174.71,69.26,187.94,71.57,1.808,0,DRIFT,4.270,0.027,-0.003,83.3,circular
735992.9236,5.8667,856.06,440.02,-14.76,40.03,42.66,870.68,369.94,87.27,58.33,104.97,71.60,1.809,0,DRIFT,2.460,0.234,-0.003,83.3,circular
735992.9403,5.8833,855.78,440.76,-16.42,44.10,47.06,866.80,368.99,-232.54,-56.45,239.29,72.60,1.834,0,DRIFT,5.085,0.118,-0.003,83.3,circular
735992.9570,5.9000,855.52,441.45,-15.57,41.39,44.22,868.74,368.97,116.46,-1.25,116.47,73.67,1.861,0,DRIFT,2.633,-0.362,-0.003,83.3,circular
735992.9736,5.9167,855.26,442.14,-15.80,41.60,44.50,864.70,371.48,-242.48,150.57,285.42,71.29,1.801,0,SMOOTH_PURSUIT,6.414,0.795,-0.003,83.3,circular
735992.9903,5.9333,855.04,442.73,-13.47,35.15,37.64,867.98,372.25,196.61,46.33,202.00,71.65,1.810,0,DRIFT,5.366,-0.134,-0.003,83.3,circular
735993.0070,5.9500,854.79,443.37,-14.99,38.78,41.58,868.78,374.41,48.37,129.56,138.29,70.37,1.778,0,SMOOTH_PURSUIT,3.326,0.748,-0.003,83.3,circular
735993.0236,5.9667,854.52,444.06,-16.06,41.18,44.20,865.89,373.42,-173.48,-59.60,183.43,71.55,1.808,0,DRIFT,4.150,0.041,-0.003,83.3,circular
735993.0403,5.9833,854.26,444.71,-15.44,39.23,42.15,867.03,372.71,68.06,-42.56,80.28,73.13,1.847,0,DRIFT,1.904,-0.804,-0.003,83.3,circular
735993.0570,6.0000,640.27,360.45,-12839.57,-5055.57,13799.04,864.56,372.32,-147.81,-23.77,149.71,224.61,5.670,0,SMOOTH_PURSUIT,0.011,0.977,0.002,150.0,bouncing
735993.0736,6.0167,640.52,360.88,15.08,25.55,29.67,866.89,372.39,139.41,4.73,139.49,226.66,5.722,0,FIXATION,0.000,0.537,0.002,150.0,bouncing
735993.0903,6.0333,640.72,361.22,12.20,20.66,23.99,865.93,373.22,-57.21,49.39,75.58,225.53,5.694,0,FIXATION,1.000,0.178,0.002,150.0,bouncing
735993.1070,6.0500,640.96,361.63,14.26,24.16,28.05,867.75,373.06,108.75,-9.70,109.18,227.07,5.732,0,FIXATION,0.000,0.430,0.002,233.3,bouncing
735993.1236,6.0667,641.20,362.04,14.52,24.60,28.56,868.81,374.60,63.62,92.56,112.32,227.95,5.755,0,FIXATION,0.000,0.998,0.002,233.3,bouncing
735993.1403,6.0833,641.41,362.39,12.65,21.44,24.90,868.11,377.37,-41.85,166.24,171.43,227.19,5.735,0,DRIFT,0.000,0.711,0.002,233.3,bouncing
735993.1570,6.1000,641.59,362.69,10.52,17.82,20.69,866.91,380.99,-72.03,217.34,228.97,226.06,5.707,0,DRIFT,0.000,0.658,0.002,150.0,bouncing
735993.1736,6.1167,641.80,363.04,12.40,21.01,24.39,866.03,380.27,-52.60,-43.34,68.16,224.90,5.678,0,FIXATION,1.000,-0.940,0.002,150.0,bouncing
735993.1903,6.1333,641.94,363.29,8.83,14.96,17.37,866.47,382.84,26.22,154.11,156.32,225.38,5.690,0,DRIFT,0.000,0.934,0.002,150.0,bouncing
735993.2070,6.1500,642.07,363.51,7.66,12.98,15.08,867.09,381.58,37.55,-75.25,84.10,225.75,5.699,0,FIXATION,1.000,-0.544,0.001,233.3,bouncing
735993.2236,6.1667,642.28,363.86,12.60,21.35,24.80,867.14,381.50,2.88,-4.83,5.62,225.55,5.694,0,FIXATION,1.000,-0.480,0.001,233.3,bouncing
735993.2403,6.1833,642.52,364.27,14.27,24.18,28.07,866.93,380.71,-12.50,-47.70,49.31,225.02,5.681,0,FIXATION,1.000,-0.962,0.001,233.3,bouncing
735993.2570,6.2000,642.76,364.68,14.70,24.91,28.93,867.07,382.85,8.40,128.40,128.68,225.05,5.681,0,FIXATION,0.000,0.893,0.001,233.3,bouncing
735993.2736,6.2167,643.00,365.08,14.29,24.21,28.11,867.05,381.88,-1.26,-58.01,58.02,224.68,5.672,0,FIXATION,1.000,-0.872,0.001,233.3,bouncing
735993.2903,6.2333,643.23,365.47,13.81,23.40,27.17,866.81,381.69,-14.74,-11.75,18.85,224.16,5.659,0,FIXATION,1.000,-0.934,0.001,250.0,bouncing
735993.3070,6.2500,643.46,365.87,13.93,23.60,27.40,868.64,382.77,109.73,65.02,127.55,225.81,5.700,0,FIXATION,0.000,0.876,0.000,266.7,bouncing
735993.3236,6.2667,643.79,366.43,19.90,33.73,39.16,868.17,382.90,-27.68,7.80,28.75,224.98,5.680,0,FIXATION,0.734,-0.256,-0.001,283.3,bouncing
735993.3403,6.2833,643.94,366.68,8.92,15.12,17.56,867.64,382.88,-32.15,-1.15,32.17,224.28,5.662,0,FIXATION,1.000,-0.539,-0.002,300.0,bouncing
735993.3570,6.3000,644.12,366.99,10.75,18.21,21.15,866.79,381.99,-51.03,-53.65,74.05,223.17,5.634,0,FIXATION,1.000,-0.974,-0.003,100.0,bouncing
735993.3736,6.3167,644.30,367.28,10.43,17.68,20.52,866.39,381.87,-23.64,-7.18,24.71,222.58,5.619,0,FIXATION,1.000,-0.737,-0.003,100.0,bouncing
735993.3903,6.3333,644.52,367.66,13.49,22.86,26.54,866.15,382.70,-14.50,49.78,51.85,222.14,5.608,0,FIXATION,1.000,0.685,-0.003,100.0,bouncing
735993.4070,6.3500,644.75,368.05,13.69,23.20,26.94,867.61,384.67,87.15,118.59,147.16,223.47,5.642,0,FIXATION,0.000,0.995,-0.003,100.0,bouncing
735993.4236,6.3667,644.99,368.45,14.12,23.92,27.77,867.37,386.01,-13.83,80.06,81.24,223.08,5.632,0,FIXATION,1.000,0.762,-0.003,100.0,bouncing
735993.4403,6.3833,645.22,368.84,13.91,23.56,27.36,867.25,388.90,-7.43,173.93,174.09,222.94,5.628,0,DRIFT,0.000,0.839,-0.003,100.0,bouncing
735993.4570,6.4000,645.46,369.26,14.81,25.09,29.14,868.66,389.27,84.50,22.08,87.34,224.09,5.657,0,FIXATION,1.000,0.709,-0.003,100.0,bouncing
735993.4736,6.4167,645.70,369.66,14.15,23.97,27.83,868.63,393.05,-2.02,226.37,226.38,224.15,5.659,0,DRIFT,0.000,0.857,-0.003,100.0,bouncing
735993.4903,6.4333,645.94,370.06,14.24,24.12,28.01,868.29,394.94,-20.10,113.55,115.32,223.74,5.648,0,FIXATION,0.000,0.759,-0.003,100.0,bouncing
735993.5070,6.4500,646.18,370.48,14.84,25.14,29.20,868.14,393.09,-8.76,-110.82,111.17,223.11,5.633,0,FIXATION,0.000,-0.899,-0.003,100.0,bouncing
735993.5236,6.4667,646.42,370.87,14.01,23.74,27.56,865.86,390.70,-136.80,-143.75,198.44,220.34,5.563,0,DRIFT,0.000,-0.974,-0.003,100.0,bouncing
735993.5403,6.4833,646.65,371.27,14.12,23.92,27.78,865.26,390.30,-36.08,-24.03,43.34,219.44,5.540,0,FIXATION,1.000,-0.900,-0.003,100.0,bouncing
735993.5570,6.5000,646.96,371.79,18.38,31.14,36.16,864.15,390.08,-66.90,-12.69,68.09,217.96,5.503,0,FIXATION,1.883,-0.660,-0.003,100.0,bouncing
735993.5736,6.5167,647.23,372.25,16.14,27.34,31.75,865.11,392.01,57.88,115.37,129.07,218.78,5.523,0,FIXATION,4.065,0.998,-0.003,100.0,bouncing
735993.5903,6.5333,647.36,372.47,7.79,13.21,15.34,865.68,394.07,34.10,123.99,128.59,219.39,5.539,0,FIXATION,0.000,0.965,-0.003,100.0,bouncing
735993.6070,6.5500,647.47,372.66,6.88,11.65,13.53,865.58,395.69,-5.94,97.13,97.31,219.32,5.537,0,FIXATION,1.000,0.829,-0.003,100.0,bouncing
735993.6236,6.5667,647.59,372.86,6.93,11.75,13.64,868.56,394.38,178.90,-78.42,195.33,222.02,5.605,0,DRIFT,0.000,0.120,-0.003,100.0,bouncing
735993.6403,6.5833,647.84,373.28,14.96,25.35,29.44,868.32,393.92,-14.71,-27.70,31.36,221.45,5.591,0,FIXATION,1.000,-0.999,-0.003,100.0,bouncing
735993.6570,6.6000,648.07,373.67,13.90,23.55,27.34,867.73,394.12,-35.49,11.96,37.45,220.61,5.569,0,FIXATION,1.000,-0.207,-0.002,100.0,bouncing
735993.6736,6.6167,648.31,374.07,14.16,23.98,27.85,867.20,397.10,-31.63,178.60,181.38,220.10,5.557,0,DRIFT,0.000,0.759,-0.003,100.0,bouncing
735993.6903,6.6333,648.54,374.47,14.13,23.94,27.80,866.92,396.49,-16.84,-36.60,40.28,219.49,5.541,0,FIXATION,1.000,-0.995,-0.002,100.0,bouncing
735993.7070,6.6500,648.78,374.87,14.16,23.99,27.85,867.72,400.34,48.02,230.82,235.76,220.42,5.565,0,DRIFT,0.000,0.947,-0.003,100.0,bouncing
735993.7236,6.6667,649.01,375.27,14.15,23.98,27.85,867.51,398.32,-12.30,-121.18,121.80,219.71,5.547,0,FIXATION,0.000,-0.908,-0.003,100.0,bouncing
735993.7403,6.6833,649.25,375.67,14.00,23.72,27.55,867.23,402.01,-17.00,221.78,222.43,219.57,5.543,0,DRIFT,0.000,0.820,-0.003,100.0,bouncing
735993.7570,6.7000,649.48,376.06,13.79,23.37,27.13,867.13,401.05,-6.36,-57.78,58.13,219.08,5.531,0,FIXATION,1.000,-0.912,-0.003,100.0,bouncing
735993.7736,6.7167,649.71,376.45,13.93,23.60,27.40,867.23,404.14,6.11,185.53,185.63,219.28,5.536,0,DRIFT,0.000,0.877,-0.003,100.0,bouncing
735993.7903,6.7333,649.94,376.85,14.21,24.07,27.96,863.84,404.31,-203.06,10.35,203.32,215.65,5.445,0,DRIFT,0.000,-0.464,-0.003,100.0,bouncing
735993.8070,6.7500,650.18,377.25,14.25,24.14,28.03,862.75,403.66,-65.74,-39.53,76.71,214.20,5.408,0,FIXATION,1.000,-0.879,-0.003,100.0,bouncing
735993.8236,6.7667,650.44,377.68,15.19,25.73,29.88,863.93,408.47,70.87,288.59,297.17,215.70,5.446,0,DRIFT,0.000,0.958,-0.003,100.0,bouncing
735993.8403,6.7833,650.62,378.00,11.36,19.25,22.35,863.90,407.33,-1.94,-68.18,68.21,215.28,5.435,0,FIXATION,1.000,-0.875,-0.003,100.0,bouncing
735993.8570,6.8000,650.77,378.25,8.76,14.84,17.23,864.44,407.05,32.80,-16.71,36.81,215.60,5.443,0,FIXATION,1.000,0.062,-0.003,100.0,bouncing
735993.8736,6.8167,651.00,378.64,13.96,23.66,27.47,863.68,408.08,-45.50,61.56,76.55,214.71,5.421,0,FIXATION,1.000,0.390,-0.003,100.0,bouncing
735993.8903,6.8333,651.24,379.04,14.11,23.91,27.76,864.19,406.09,30.50,-119.25,123.08,214.67,5.420,0,FIXATION,0.000,-0.708,-0.003,100.0,bouncing
735993.9070,6.8500,651.47,379.44,14.19,24.04,27.91,864.21,406.85,0.95,45.68,45.69,214.49,5.415,0,FIXATION,1.000,0.872,-0.003,100.0,bouncing
735993.9236,6.8667,651.70,379.82,13.29,22.51,26.14,864.35,407.30,8.57,26.85,28.19,214.42,5.414,0,FIXATION,1.000,0.975,-0.003,100.0,bouncing
735993.9403,6.8833,651.90,380.17,12.45,21.10,24.50,864.80,409.84,26.62,152.65,154.96,214.95,5.427,0,DRIFT,0.000,0.936,-0.003,100.0,bouncing
735993.9570,6.9000,652.14,380.56,14.00,23.73,27.55,864.41,409.22,-23.22,-37.31,43.95,214.20,5.408,0,FIXATION,1.000,-1.000,-0.003,100.0,bouncing
735993.9736,6.9167,652.31,380.86,10.34,17.52,20.34,864.03,411.74,-22.60,151.31,152.99,213.96,5.402,0,DRIFT,0.000,0.777,-0.003,100.0,bouncing
735993.9903,6.9333,652.44,381.07,7.60,12.87,14.95,864.24,414.53,12.47,167.09,167.55,214.43,5.414,0,DRIFT,0.000,0.897,-0.003,100.0,bouncing
735994.0070,6.9500,652.55,381.27,6.98,11.82,13.73,864.03,412.60,-12.54,-115.70,116.38,213.79,5.397,0,FIXATION,0.000,-0.911,-0.003,100.0,bouncing
735994.0236,6.9667,652.68,381.48,7.49,12.69,14.73,863.72,413.34,-18.79,44.33,48.15,213.43,5.389,0,FIXATION,1.000,0.595,-0.003,100.0,bouncing
735994.0403,6.9833,652.79,381.67,6.84,11.59,13.46,863.84,414.62,7.61,76.93,77.30,213.61,5.393,0,FIXATION,1.000,0.907,-0.003,100.0,bouncing
735994.0570,7.0000,652.90,381.87,6.81,11.54,13.39,862.87,414.12,-58.27,-29.77,65.44,212.43,5.363,0,FIXATION,1.000,-0.844,-0.003,100.0,bouncing
735994.0736,7.0167,653.02,382.06,6.83,11.58,13.44,861.38,412.79,-89.43,-79.97,119.97,210.62,5.318,0,FIXATION,0.000,-0.953,-0.003,100.0,bouncing
735994.0903,7.0333,653.14,382.27,7.41,12.55,14.58,861.33,413.96,-3.31,70.43,70.51,210.58,5.317,0,FIXATION,1.000,0.836,-0.003,100.0,bouncing
735994.1070,7.0500,653.46,382.81,19.09,32.35,37.56,861.47,415.39,8.42,85.81,86.22,210.54,5.316,0,FIXATION,2.296,0.907,-0.003,100.0,bouncing
735994.1236,7.0667,653.71,383.23,14.88,25.22,29.28,862.06,414.83,35.71,-33.72,49.12,210.74,5.321,0,FIXATION,1.000,-0.222,-0.002,100.0,bouncing
735994.1403,7.0833,653.95,383.64,14.71,24.92,28.94,861.89,417.45,-10.18,157.10,157.43,210.67,5.319,0,DRIFT,0.000,0.827,-0.002,100.0,bouncing
735994.1570,7.1000,654.19,384.04,13.98,23.69,27.50,862.27,417.19,22.50,-15.62,27.39,210.71,5.320,0,FIXATION,1.000,-0.074,-0.002,100.0,bouncing
735994.1736,7.1167,654.42,384.44,14.26,24.15,28.05,860.98,415.79,-77.54,-84.07,114.37,208.92,5.275,0,FIXATION,0.000,-0.978,-0.002,100.0,bouncing
735994.1903,7.1333,654.66,384.84,14.04,23.78,27.62,859.92,417.38,-63.58,95.73,114.92,207.82,5.247,0,FIXATION,0.000,0.436,-0.002,100.0,bouncing
735994.2070,7.1500,654.79,385.06,7.88,13.36,15.51,860.42,418.27,30.03,53.24,61.12,208.29,5.259,0,FIXATION,1.000,1.000,-0.002,100.0,bouncing
735994.2236,7.1667,654.91,385.26,7.26,12.30,14.28,860.02,418.82,-23.57,32.63,40.25,207.84,5.248,0,FIXATION,1.000,0.401,-0.002,100.0,bouncing
735994.2403,7.1833,655.02,385.45,6.75,11.44,13.28,860.46,418.47,25.97,-20.54,33.11,208.07,5.253,0,FIXATION,1.000,-0.136,-0.002,100.0,bouncing
735994.2570,7.2000,655.22,385.79,12.06,20.43,23.72,860.29,417.48,-10.03,-59.49,60.33,207.50,5.239,0,FIXATION,1.000,-0.934,-0.002,100.0,bouncing
735994.2736,7.2167,655.47,386.21,14.75,25.00,29.03,860.61,418.87,19.27,83.17,85.37,207.72,5.245,0,FIXATION,1.000,0.954,-0.002,100.0,bouncing
735994.2903,7.2333,655.70,386.60,13.69,23.19,26.93,860.95,419.28,20.63,24.95,32.38,207.84,5.248,0,FIXATION,1.000,0.988,-0.002,100.0,bouncing
735994.3070,7.2500,655.94,387.01,14.43,24.45,28.39,860.55,419.31,-24.06,1.35,24.09,207.15,5.230,0,FIXATION,1.000,-0.459,-0.002,100.0,bouncing
735994.3236,7.2667,656.18,387.41,14.35,24.31,28.23,860.64,421.46,5.04,129.49,129.59,207.28,5.233,0,FIXATION,0.000,0.880,-0.002,100.0,bouncing
735994.3403,7.2833,656.47,387.91,17.62,29.86,34.67,858.95,422.65,-101.53,71.28,124.05,205.43,5.187,0,FIXATION,3.578,0.079,-0.002,100.0,bouncing
735994.3570,7.3000,656.71,388.31,14.35,24.31,28.23,859.56,421.99,36.70,-39.73,54.09,205.62,5.192,0,FIXATION,1.000,-0.288,-0.002,100.0,bouncing
735994.3736,7.3167,656.88,388.61,10.37,17.58,20.41,859.83,424.37,16.30,142.60,143.53,206.07,5.203,0,FIXATION,0.000,0.913,-0.002,100.0,bouncing
735994.3903,7.3333,657.02,388.83,7.94,13.45,15.62,861.01,422.24,70.93,-127.83,146.19,206.71,5.219,0,FIXATION,0.000,-0.506,-0.003,100.0,bouncing
735994.4070,7.3500,657.15,389.06,8.24,13.96,16.22,861.51,424.30,29.69,123.81,127.32,207.37,5.236,0,FIXATION,0.000,0.956,-0.003,100.0,bouncing
735994.4236,7.3667,657.38,389.44,13.50,22.87,26.56,861.71,426.39,11.99,125.36,125.94,207.64,5.243,0,FIXATION,0.000,0.906,-0.003,100.0,bouncing
735994.4403,7.3833,657.50,389.65,7.34,12.43,14.44,862.60,426.80,53.40,24.38,58.70,208.43,5.263,0,FIXATION,1.000,0.820,-0.003,100.0,bouncing
735994.4570,7.4000,657.71,390.00,12.40,21.00,24.39,861.80,427.01,-47.92,13.02,49.66,207.42,5.237,0,FIXATION,1.000,-0.265,-0.003,100.0,bouncing
735994.4736,7.4167,657.89,390.32,11.15,18.89,21.93,861.84,426.52,2.52,-29.74,29.85,207.13,5.230,0,FIXATION,1.000,-0.815,-0.003,100.0,bouncing
735994.4903,7.4333,658.01,390.51,6.90,11.69,13.57,861.83,427.45,-0.50,55.98,55.98,207.14,5.230,0,FIXATION,1.000,0.857,-0.002,100.0,bouncing
735994.5070,7.4500,658.13,390.71,7.18,12.17,14.13,861.02,430.86,-48.90,204.85,210.61,206.82,5.222,0,DRIFT,0.000,0.720,-0.003,100.0,bouncing
735994.5236,7.4667,658.25,390.93,7.63,12.93,15.01,861.86,429.59,50.70,-76.60,91.86,207.24,5.233,0,FIXATION,1.000,-0.438,-0.002,100.0,bouncing
735994.5403,7.4833,658.41,391.20,9.57,16.22,18.83,861.73,429.30,-7.84,-17.29,18.98,206.86,5.223,0,FIXATION,1.000,-0.994,-0.002,100.0,bouncing
735994.5570,7.5000,658.56,391.46,9.06,15.35,17.82,861.55,428.21,-11.07,-65.66,66.58,206.28,5.208,0,FIXATION,1.000,-0.934,-0.002,100.0,bouncing
735994.5736,7.5167,658.70,391.68,7.83,13.27,15.41,858.22,428.35,-199.60,8.60,199.79,202.87,5.122,0,DRIFT,0.000,-0.471,-0.002,100.0,bouncing
735994.5903,7.5333,658.82,391.88,7.21,12.21,14.18,856.37,428.26,-111.21,-5.42,111.34,200.87,5.072,0,FIXATION,0.000,-0.550,-0.002,100.0,bouncing
735994.6070,7.5500,658.93,392.07,6.75,11.43,13.27,858.12,429.21,105.01,57.01,119.48,202.62,5.116,0,FIXATION,0.000,0.858,-0.003,100.0,bouncing
735994.6236,7.5667,659.04,392.26,6.62,11.22,13.02,858.30,429.18,11.14,-1.53,11.24,202.66,5.117,0,FIXATION,1.000,0.387,-0.002,100.0,bouncing
735994.6403,7.5833,659.15,392.45,6.78,11.49,13.34,858.35,429.36,3.20,10.71,11.18,202.59,5.115,0,FIXATION,1.000,0.971,-0.002,100.0,bouncing
735994.6570,7.6000,659.26,392.63,6.57,11.13,12.93,858.46,431.08,6.60,103.26,103.47,202.88,5.123,0,FIXATION,0.000,0.892,-0.002,100.0,bouncing
735994.6736,7.6167,659.41,392.88,8.65,14.66,17.03,859.09,430.55,37.42,-32.13,49.32,203.20,5.131,0,FIXATION,1.000,-0.175,-0.002,100.0,bouncing
735994.6903,7.6333,659.52,393.08,7.04,11.93,13.86,858.91,433.35,-10.56,168.31,168.64,203.42,5.136,0,DRIFT,0.000,0.828,-0.002,100.0,bouncing
735994.7070,7.6500,659.74,393.44,12.95,21.94,25.48,858.38,433.70,-32.17,20.99,38.41,202.68,5.117,0,FIXATION,1.000,0.045,-0.002,100.0,bouncing
735994.7236,7.6667,659.97,393.84,14.16,23.99,27.86,858.97,433.46,35.85,-14.23,38.57,202.90,5.123,0,FIXATION,1.000,0.155,-0.002,100.0,bouncing
735994.7403,7.6833,660.14,394.13,10.17,17.24,20.01,859.07,432.82,5.84,-38.41,38.85,202.65,5.117,0,FIXATION,1.000,-0.775,-0.002,100.0,bouncing
735994.7570,7.7000,660.28,394.36,7.96,13.49,15.67,857.64,432.03,-85.96,-47.73,98.32,200.92,5.073,0,FIXATION,1.000,-0.862,-0.002,100.0,bouncing
735994.7736,7.7167,660.42,394.60,8.54,14.48,16.81,857.87,434.95,13.94,174.96,175.52,201.53,5.089,0,DRIFT,0.000,0.899,-0.002,100.0,bouncing
735994.7903,7.7333,660.54,394.80,7.20,12.19,14.16,858.06,436.03,11.45,65.09,66.09,201.78,5.095,0,FIXATION,1.000,0.936,-0.002,100.0,bouncing
735994.8070,7.7500,660.65,394.99,6.78,11.49,13.34,857.89,435.78,-10.54,-15.01,18.34,201.41,5.085,0,FIXATION,1.000,-0.997,-0.002,100.0,bouncing
735994.8236,7.7667,660.76,395.18,6.72,11.39,13.22,859.46,436.98,94.59,72.11,118.94,203.05,5.127,0,FIXATION,0.000,0.926,-0.002,100.0,bouncing
735994.8403,7.7833,660.88,395.37,6.80,11.53,13.38,858.54,436.65,-55.60,-19.97,59.07,201.92,5.098,0,FIXATION,1.000,-0.769,-0.002,100.0,bouncing
735994.8570,7.8000,661.04,395.66,10.00,16.94,19.67,858.38,435.63,-9.26,-60.99,61.68,201.35,5.084,0,FIXATION,1.000,-0.928,-0.002,100.0,bouncing
735994.8736,7.8167,661.26,396.02,12.77,21.64,25.13,858.53,436.47,8.84,50.38,51.15,201.38,5.085,0,FIXATION,1.000,0.936,-0.002,100.0,bouncing
735994.8903,7.8333,661.50,396.42,14.46,24.50,28.45,857.89,437.81,-38.55,80.34,89.11,200.70,5.068,0,FIXATION,1.000,0.557,-0.002,100.0,bouncing
735994.9070,7.8500,661.74,396.84,14.67,24.85,28.85,857.03,439.37,-51.61,93.69,106.97,199.86,5.046,0,FIXATION,0.000,0.509,-0.002,100.0,bouncing
735994.9236,7.8667,661.98,397.25,14.47,24.52,28.47,857.16,438.09,7.85,-77.09,77.48,199.40,5.035,0,FIXATION,1.000,-0.805,-0.002,100.0,bouncing
735994.9403,7.8833,662.23,397.67,15.03,25.47,29.58,856.78,439.43,-22.82,80.68,83.84,198.97,5.024,0,FIXATION,1.000,0.690,-0.002,100.0,bouncing
735994.9570,7.9000,662.49,398.11,15.58,26.39,30.65,853.58,439.10,-191.66,-20.09,192.71,195.43,4.935,0,DRIFT,6.288,-0.595,-0.002,100.0,bouncing
735994.9736,7.9167,662.73,398.52,14.32,24.26,28.16,854.75,439.68,70.03,34.91,78.25,196.38,4.959,0,FIXATION,1.000,0.839,-0.002,100.0,bouncing
735994.9903,7.9333,663.00,398.97,15.92,26.97,31.32,855.49,438.78,44.73,-53.80,69.97,196.57,4.963,0,FIXATION,2.234,-0.337,-0.002,100.0,bouncing
735995.0070,7.9500,663.22,399.34,13.34,22.60,26.25,856.53,441.04,61.99,135.68,149.17,197.75,4.993,0,FIXATION,0.000,0.995,-0.002,100.0,bouncing
735995.0236,7.9667,663.48,399.78,15.55,26.35,30.60,780.65,423.07,-4552.37,-1078.49,4678.38,119.47,3.018,0,SACCADE,152.889,-0.693,-0.004,100.0,bouncing
735995.0403,7.9833,663.70,400.16,13.34,22.61,26.25,718.07,400.74,-3754.93,-1339.91,3986.84,54.37,1.374,0,SACCADE,0.000,-0.768,-0.005,100.0,bouncing
735995.0570,8.0000,663.89,400.48,11.37,19.27,22.38,698.49,390.04,-1174.89,-642.09,1338.90,36.14,0.913,1,SACCADE,0.000,-0.859,-0.005,100.0,bouncing
735995.0736,8.0167,664.08,400.80,11.37,19.26,22.36,684.89,380.88,-815.87,-549.39,983.61,28.81,0.728,1,SACCADE,0.000,-0.903,-0.006,100.0,bouncing
735995.0903,8.0333,664.26,401.10,10.64,18.02,20.93,677.24,377.29,-458.99,-215.25,506.95,27.12,0.685,1,DRIFT,0.000,-0.826,-0.006,100.0,bouncing
735995.1070,8.0500,664.44,401.41,11.05,18.72,21.74,662.11,374.30,-907.92,-179.46,925.48,27.21,0.688,1,SACCADE,0.000,-0.666,-0.006,100.0,bouncing
735995.1236,8.0667,664.62,401.72,10.74,18.20,21.13,663.75,365.79,98.31,-510.41,519.79,35.93,0.908,1,DRIFT,0.000,-0.750,-0.006,100.0,bouncing
735995.1403,8.0833,664.80,402.03,10.95,18.55,21.53,652.55,365.06,-671.94,-43.77,673.36,38.94,0.984,1,SACCADE,0.000,-0.563,-0.006,100.0,bouncing
735995.1570,8.1000,664.99,402.34,11.07,18.75,21.78,649.72,368.25,-169.82,190.84,255.46,37.35,0.944,1,DRIFT,0.000,0.305,-0.007,100.0,bouncing
735995.1736,8.1167,665.18,402.66,11.27,19.10,22.18,656.21,362.38,389.53,-351.74,524.84,41.26,1.042,1,DRIFT,0.000,-0.200,-0.007,100.0,bouncing
735995.1903,8.1333,665.36,402.96,10.84,18.36,21.32,655.49,363.44,-43.06,63.62,76.82,40.73,1.029,1,FIXATION,1.000,0.428,-0.007,100.0,bouncing
735995.2070,8.1500,665.54,403.28,11.17,18.93,21.98,646.23,363.20,-556.19,-14.50,556.38,44.49,1.124,1,DRIFT,0.000,-0.531,-0.007,100.0,bouncing
735995.2236,8.1667,665.77,403.66,13.40,22.70,26.36,650.61,362.84,263.26,-21.75,264.16,43.54,1.100,1,DRIFT,0.000,0.436,-0.007,100.0,bouncing
735995.2403,8.1833,665.98,404.01,12.59,21.34,24.78,642.73,368.63,-472.79,347.28,586.63,42.34,1.070,1,DRIFT,0.000,0.100,-0.007,100.0,bouncing
735995.2570,8.2000,666.26,404.49,16.97,28.76,33.40,644.47,367.38,104.47,-74.69,128.42,43.03,1.087,1,FIXATION,3.845,-0.087,-0.007,100.0,bouncing
735995.2736,8.2167,666.51,404.92,15.04,25.49,29.60,642.12,363.99,-141.35,-203.50,247.77,47.64,1.204,0,DRIFT,0.000,-0.997,-0.007,100.0,bouncing
735995.2903,8.2333,666.68,405.21,10.26,17.38,20.18,642.23,363.34,6.59,-38.74,39.30,48.48,1.225,0,FIXATION,1.000,-0.764,-0.007,100.0,bouncing
735995.3070,8.2500,666.92,405.60,14.13,23.95,27.81,639.72,363.91,-150.26,34.13,154.09,49.77,1.258,0,DRIFT,0.000,-0.305,-0.007,100.0,bouncing
735995.3236,8.2667,667.15,406.00,13.99,23.70,27.52,645.10,362.41,322.34,-90.36,334.76,48.85,1.234,0,DRIFT,0.000,0.257,-0.007,100.0,bouncing
735995.3403,8.2833,667.38,406.39,13.86,23.49,27.28,643.17,363.59,-115.57,71.10,135.69,49.17,1.242,0,FIXATION,0.000,0.018,-0.007,250.0,bouncing
735995.3570,8.3000,667.61,406.79,14.03,23.78,27.61,642.97,362.96,-11.94,-38.24,40.06,50.28,1.270,0,FIXATION,1.000,-0.974,-0.007,250.0,bouncing
735995.3736,8.3167,667.86,407.20,14.47,24.51,28.46,641.85,362.94,-67.37,-1.04,67.37,51.33,1.297,0,FIXATION,1.000,-0.522,-0.006,200.0,bouncing
735995.3903,8.3333,668.09,407.59,13.93,23.61,27.41,642.03,363.39,10.81,26.99,29.07,51.31,1.296,0,FIXATION,1.000,0.988,-0.006,133.3,bouncing
735995.4070,8.3500,668.33,407.99,14.30,24.23,28.14,645.60,363.49,214.16,6.20,214.25,49.97,1.262,0,DRIFT,0.000,0.533,-0.004,100.0,bouncing
735995.4236,8.3667,668.56,408.39,14.04,23.79,27.63,643.62,362.12,-118.90,-82.28,144.59,52.57,1.328,0,FIXATION,0.000,-0.908,-0.001,100.0,bouncing
735995.4403,8.3833,668.81,408.82,15.21,25.78,29.93,643.18,363.82,-25.99,101.76,105.03,51.79,1.308,0,FIXATION,0.000,0.709,-0.000,100.0,bouncing
735995.4570,8.4000,669.05,409.22,14.19,24.04,27.91,643.25,364.17,3.86,21.52,21.86,51.91,1.312,0,FIXATION,1.000,0.937,0.000,100.0,bouncing
735995.4736,8.4167,669.29,409.62,14.26,24.16,28.06,643.17,364.87,-4.41,41.63,41.86,51.82,1.309,0,FIXATION,1.000,0.803,0.001,100.0,bouncing
735995.4903,8.4333,669.58,410.12,17.64,29.88,34.70,643.76,365.60,35.06,44.09,56.33,51.47,1.300,0,FIXATION,1.624,0.990,0.001,100.0,bouncing
735995.5070,8.4500,669.77,410.45,11.54,19.55,22.70,642.18,365.48,-94.87,-7.68,95.18,52.76,1.333,0,FIXATION,1.000,-0.576,0.002,100.0,bouncing
735995.5236,8.4667,669.97,410.78,11.71,19.84,23.04,644.45,367.15,136.56,100.25,169.40,50.54,1.277,0,DRIFT,0.000,0.919,0.003,100.0,bouncing
735995.5403,8.4833,670.11,411.02,8.44,14.30,16.61,645.18,366.71,43.53,-26.40,50.91,50.84,1.285,0,FIXATION,1.000,-0.012,0.004,100.0,bouncing
735995.5570,8.5000,670.28,411.30,10.14,17.18,19.95,645.43,369.10,15.17,143.54,144.34,48.97,1.237,0,FIXATION,0.000,0.910,0.004,100.0,bouncing
735995.5736,8.5167,670.41,411.53,8.09,13.71,15.92,645.81,367.84,22.43,-75.80,79.05,50.15,1.267,0,FIXATION,1.000,-0.682,0.005,100.0,bouncing
735995.5903,8.5333,670.55,411.76,8.14,13.79,16.02,645.52,367.80,-16.86,-2.10,17.00,50.58,1.278,0,FIXATION,1.000,-0.611,0.005,100.0,bouncing
735995.6070,8.5500,670.67,411.96,7.13,12.08,14.02,646.79,367.53,75.78,-16.30,77.51,50.44,1.274,0,FIXATION,1.000,0.316,0.005,100.0,bouncing
735995.6236,8.5667,670.79,412.17,7.21,12.21,14.18,647.18,368.33,23.71,48.09,53.62,49.79,1.258,0,FIXATION,1.000,0.997,0.005,100.0,bouncing
735995.6403,8.5833,670.90,412.36,6.85,11.60,13.47,647.49,367.83,18.34,-29.90,35.08,50.31,1.271,0,FIXATION,1.000,-0.468,0.006,100.0,bouncing
735995.6570,8.6000,671.01,412.55,6.68,11.31,13.14,648.95,370.60,87.80,166.34,188.09,47.39,1.197,0,DRIFT,0.000,0.999,0.006,100.0,bouncing
735995.6736,8.6167,671.13,412.74,6.95,11.78,13.68,649.06,370.06,6.27,-32.62,33.21,48.05,1.214,0,FIXATION,1.000,-0.750,0.006,100.0,bouncing
735995.6903,8.6333,671.27,412.99,8.57,14.53,16.87,649.39,369.26,19.98,-47.76,51.78,48.89,1.235,0,FIXATION,1.000,-0.598,0.006,100.0,bouncing
735995.7070,8.6500,671.43,413.25,9.41,15.95,18.52,648.44,369.53,-57.05,15.64,59.16,49.40,1.248,0,FIXATION,1.000,-0.262,0.006,100.0,bouncing
735995.7236,8.6667,671.67,413.65,14.20,24.06,27.94,648.21,369.26,-13.42,-16.03,20.91,50.21,1.268,0,FIXATION,1.000,-0.987,0.006,100.0,bouncing
735995.7403,8.6833,671.92,414.08,15.09,25.56,29.68,646.14,369.72,-124.28,27.64,127.31,51.30,1.296,0,FIXATION,0.000,-0.309,0.007,100.0,bouncing
735995.7570,8.7000,672.15,414.47,13.88,23.52,27.31,645.27,369.47,-52.10,-14.89,54.19,52.41,1.324,0,FIXATION,1.000,-0.725,0.007,100.0,bouncing
735995.7736,8.7167,672.39,414.88,14.59,24.72,28.70,645.70,370.18,25.31,42.75,49.67,52.06,1.315,0,FIXATION,1.000,1.000,0.008,100.0,bouncing
735995.7903,8.7333,672.62,415.26,13.53,22.93,26.62,645.38,371.88,-18.79,101.67,103.40,51.23,1.294,0,FIXATION,0.000,0.754,0.008,100.0,bouncing
735995.8070,8.7500,672.83,415.63,13.02,22.06,25.61,645.99,373.59,36.71,102.53,108.90,49.88,1.260,0,FIXATION,0.000,0.982,0.008,100.0,bouncing
735995.8236,8.7667,673.03,415.96,11.71,19.84,23.04,646.89,374.12,53.69,31.95,62.47,49.34,1.247,0,FIXATION,1.000,0.877,0.008,100.0,bouncing
735995.8403,8.7833,673.19,416.23,9.52,16.12,18.72,647.45,375.76,33.64,98.34,103.94,47.96,1.212,0,FIXATION,0.000,0.979,0.008,100.0,bouncing
735995.8570,8.8000,673.33,416.47,8.29,14.05,16.31,649.45,375.29,119.87,-28.33,123.18,47.60,1.203,0,FIXATION,0.000,0.297,0.008,100.0,bouncing
735995.8736,8.8167,673.48,416.73,9.20,15.59,18.10,650.56,373.80,66.59,-88.87,111.05,48.66,1.229,0,FIXATION,0.000,-0.384,0.008,100.0,bouncing
735995.8903,8.8333,673.60,416.93,7.16,12.13,14.08,649.55,374.65,-60.30,50.83,78.86,48.64,1.229,0,FIXATION,1.000,0.166,0.009,100.0,bouncing
735995.9070,8.8500,673.72,417.14,7.47,12.65,14.69,648.75,373.86,-48.28,-47.59,67.79,49.97,1.262,0,FIXATION,1.000,-0.967,0.009,100.0,bouncing
735995.9236,8.8667,673.86,417.37,8.05,13.64,15.83,649.31,373.81,33.99,-2.74,34.10,49.99,1.263,0,FIXATION,1.000,0.437,0.009,100.0,bouncing
735995.9403,8.8833,673.98,417.58,7.57,12.82,14.89,649.01,373.87,-18.27,3.55,18.61,50.34,1.272,0,FIXATION,1.000,-0.335,0.009,100.0,bouncing
735995.9570,8.9000,674.12,417.81,8.19,13.88,16.12,649.22,373.44,12.64,-26.13,29.03,50.88,1.286,0,FIXATION,1.000,-0.554,0.009,100.0,bouncing
735995.9736,8.9167,674.27,418.07,9.02,15.29,17.75,649.24,374.33,1.06,53.62,53.63,50.39,1.273,0,FIXATION,1.000,0.871,0.009,100.0,bouncing
735995.9903,8.9333,674.41,418.29,8.09,13.71,15.92,651.13,377.29,113.47,177.57,210.72,47.15,1.191,0,DRIFT,0.000,0.999,0.009,100.0,bouncing
735996.0070,8.9500,674.55,418.54,8.67,14.69,17.06,651.64,378.60,30.39,78.58,84.25,46.05,1.163,0,FIXATION,1.000,0.987,0.009,100.0,bouncing
735996.0236,8.9667,674.69,418.78,8.64,14.63,16.99,651.06,377.77,-34.42,-49.95,60.66,47.34,1.196,0,FIXATION,1.000,-0.998,0.009,100.0,bouncing
735996.0403,8.9833,674.83,419.02,8.37,14.19,16.48,650.81,377.04,-15.42,-43.61,46.25,48.37,1.222,0,FIXATION,1.000,-0.981,0.009,100.0,bouncing
735996.0570,9.0000,879.45,223.23,12276.74,-11747.27,16991.66,650.59,376.88,-13.07,-9.81,16.34,275.65,6.956,0,DRIFT,0.001,-0.163,0.001,66.7,saccadic_step
735996.0736,9.0167,879.45,223.23,0.00,0.00,0.00,651.72,377.83,67.63,57.04,88.47,275.25,6.946,0,FIXATION,1.000,0.000,0.001,83.3,saccadic_step
735996.0903,9.0333,879.45,223.23,0.00,0.00,0.00,651.55,378.73,-10.16,54.31,55.25,275.90,6.962,0,FIXATION,1.000,0.000,0.001,66.7,saccadic_step
735996.1070,9.0500,879.45,223.23,0.00,0.00,0.00,653.01,378.04,87.78,-41.49,97.10,274.30,6.922,0,FIXATION,1.000,0.000,0.001,66.7,saccadic_step
735996.1236,9.0667,879.45,223.23,0.00,0.00,0.00,655.68,377.99,160.01,-3.27,160.05,272.07,6.866,0,DRIFT,0.000,0.000,0.001,83.3,saccadic_step
735996.1403,9.0833,879.45,223.23,0.00,0.00,0.00,654.23,377.92,-86.64,-3.98,86.73,273.22,6.895,0,FIXATION,1.000,-0.000,0.000,100.0,saccadic_step
735996.1570,9.1000,879.45,223.23,0.00,0.00,0.00,653.52,377.91,-42.97,-0.46,42.98,273.81,6.910,0,FIXATION,1.000,-0.000,0.000,116.7,saccadic_step
735996.1736,9.1167,879.45,223.23,0.00,0.00,0.00,653.19,379.60,-19.30,101.49,103.31,275.03,6.940,0,FIXATION,0.000,0.000,0.000,133.3,saccadic_step
735996.1903,9.1333,879.45,223.23,0.00,0.00,0.00,650.31,378.86,-173.08,-44.46,178.70,276.99,6.990,0,DRIFT,0.000,-0.000,0.001,133.3,saccadic_step
735996.2070,9.1500,879.45,223.23,0.00,0.00,0.00,649.58,380.14,-43.62,76.45,88.02,278.31,7.023,0,FIXATION,1.000,0.000,0.001,133.3,saccadic_step
735996.2236,9.1667,879.45,223.23,0.00,0.00,0.00,649.99,380.47,24.18,19.98,31.37,278.16,7.019,0,FIXATION,1.000,0.000,0.001,133.3,saccadic_step
735996.2403,9.1833,879.45,223.23,0.00,0.00,0.00,650.80,380.06,49.11,-24.36,54.82,277.26,6.997,0,FIXATION,1.000,0.000,0.001,133.3,saccadic_step
735996.2570,9.2000,879.45,223.23,0.00,0.00,0.00,650.80,379.54,-0.12,-31.17,31.17,276.97,6.989,0,FIXATION,1.000,-0.000,0.001,133.3,saccadic_step
735996.2736,9.2167,879.45,223.23,0.00,0.00,0.00,650.26,381.61,-32.69,123.98,128.22,278.59,7.030,0,FIXATION,0.000,0.000,0.001,133.3,saccadic_step
735996.2903,9.2333,879.45,223.23,0.00,0.00,0.00,650.65,382.20,23.35,35.55,42.53,278.61,7.030,0,FIXATION,1.000,0.000,0.001,133.3,saccadic_step
735996.3070,9.2500,879.45,223.23,0.00,0.00,0.00,651.21,383.38,33.91,70.42,78.16,278.81,7.036,0,FIXATION,1.000,0.000,0.001,133.3,saccadic_step
735996.3236,9.2667,879.45,223.23,0.00,0.00,0.00,650.99,382.92,-13.42,-27.47,30.57,278.73,7.034,0,FIXATION,1.000,-0.000,0.001,133.3,saccadic_step
735996.3403,9.2833,879.45,223.23,0.00,0.00,0.00,651.53,382.62,32.25,-17.79,36.83,278.12,7.018,0,FIXATION,1.000,0.000,0.001,133.3,saccadic_step
735996.3570,9.3000,879.45,223.23,0.00,0.00,0.00,651.82,384.34,17.82,102.80,104.33,278.87,7.037,0,FIXATION,0.000,0.000,0.001,133.3,saccadic_step
735996.3736,9.3167,879.45,223.23,0.00,0.00,0.00,652.21,384.47,23.22,7.89,24.52,278.63,7.031,0,FIXATION,1.000,0.000,0.001,133.3,saccadic_step
735996.3903,9.3333,879.45,223.23,0.00,0.00,0.00,653.77,387.01,93.42,152.66,178.97,278.85,7.036,0,DRIFT,0.000,0.000,0.001,133.3,saccadic_step
735996.4070,9.3500,879.45,223.23,0.00,0.00,0.00,653.87,385.18,6.24,-109.84,110.02,277.69,7.007,0,FIXATION,0.000,0.000,0.001,133.3,saccadic_step
735996.4236,9.3667,879.45,223.23,0.00,0.00,0.00,652.87,384.51,-59.81,-40.27,72.11,278.11,7.018,0,FIXATION,1.000,-0.000,0.001,133.3,saccadic_step
735996.4403,9.3833,879.45,223.23,0.00,0.00,0.00,653.62,384.64,44.72,8.14,45.46,277.58,7.005,0,FIXATION,1.000,0.000,0.002,133.3,saccadic_step
735996.4570,9.4000,879.45,223.23,0.00,0.00,0.00,653.45,385.46,-10.37,49.07,50.15,278.20,7.020,0,FIXATION,1.000,0.000,0.002,133.3,saccadic_step
735996.4736,9.4167,879.45,223.23,0.00,0.00,0.00,653.60,385.50,9.27,2.23,9.54,278.10,7.018,0,FIXATION,1.000,0.000,0.002,133.3,saccadic_step
735996.4903,9.4333,879.45,223.23,0.00,0.00,0.00,654.37,386.33,45.97,49.62,67.64,277.96,7.014,0,FIXATION,1.000,0.000,0.002,133.3,saccadic_step
735996.5070,9.4500,879.45,223.23,0.00,0.00,0.00,653.74,385.51,-37.81,-48.83,61.76,277.99,7.015,0,FIXATION,1.000,-0.000,0.002,133.3,saccadic_step
735996.5236,9.4667,879.45,223.23,0.00,0.00,0.00,654.64,386.96,54.22,87.06,102.56,278.11,7.018,0,FIXATION,0.000,0.000,0.002,133.3,saccadic_step
735996.5403,9.4833,879.45,223.23,0.00,0.00,0.00,654.40,386.87,-14.31,-5.78,15.43,278.25,7.021,0,FIXATION,1.000,-0.000,0.002,133.3,saccadic_step
735996.5570,9.5000,879.45,223.23,0.00,0.00,0.00,655.49,388.15,65.05,76.66,100.54,278.13,7.018,0,FIXATION,0.000,0.000,0.002,133.3,saccadic_step
735996.5736,9.5167,879.45,223.23,0.00,0.00,0.00,655.77,390.54,16.82,143.46,144.45,279.33,7.049,0,FIXATION,0.000,0.000,0.002,133.3,saccadic_step
735996.5903,9.5333,879.45,223.23,0.00,0.00,0.00,655.10,390.85,-39.87,18.79,44.08,280.05,7.067,0,FIXATION,1.000,0.000,0.002,133.3,saccadic_step
735996.6070,9.5500,879.45,223.23,0.00,0.00,0.00,655.84,389.12,44.06,-103.69,112.66,278.43,7.026,0,FIXATION,0.000,0.000,0.002,133.3,saccadic_step
735996.6236,9.5667,879.45,223.23,0.00,0.00,0.00,657.92,388.68,124.78,-26.73,127.61,276.49,6.977,0,FIXATION,0.000,0.000,0.002,133.3,saccadic_step
735996.6403,9.5833,879.45,223.23,0.00,0.00,0.00,660.67,388.82,164.99,8.52,165.21,274.38,6.924,0,DRIFT,0.000,0.000,0.002,133.3,saccadic_step
735996.6570,9.6000,879.45,223.23,0.00,0.00,0.00,660.28,389.19,-22.87,22.60,32.15,274.91,6.937,0,FIXATION,1.000,0.000,0.002,133.3,saccadic_step
735996.6736,9.6167,879.45,223.23,0.00,0.00,0.00,660.12,389.05,-10.11,-8.67,13.32,274.96,6.939,0,FIXATION,1.000,-0.000,0.003,133.3,saccadic_step
735996.6903,9.6333,879.45,223.23,0.00,0.00,0.00,658.83,389.15,-77.17,6.08,77.41,276.05,6.966,0,FIXATION,1.000,0.000,0.003,133.3,saccadic_step
735996.7070,9.6500,879.45,223.23,0.00,0.00,0.00,658.46,389.41,-22.06,15.55,26.99,276.49,6.977,0,FIXATION,1.000,0.000,0.003,133.3,saccadic_step
735996.7236,9.6667,879.45,223.23,0.00,0.00,0.00,658.01,389.30,-27.21,-6.93,28.08,276.79,6.985,0,FIXATION,1.000,-0.000,0.003,133.3,saccadic_step
735996.7403,9.6833,879.45,223.23,0.00,0.00,0.00,657.86,389.22,-9.18,-4.37,10.17,276.87,6.987,0,FIXATION,1.000,-0.000,0.003,133.3,saccadic_step
735996.7570,9.7000,879.45,223.23,0.00,0.00,0.00,660.80,389.29,176.64,4.23,176.69,274.56,6.929,0,DRIFT,0.000,0.000,0.003,133.3,saccadic_step
735996.7736,9.7167,879.45,223.23,0.00,0.00,0.00,660.20,388.55,-36.22,-44.59,57.45,274.59,6.929,0,FIXATION,1.000,-0.000,0.003,133.3,saccadic_step
735996.7903,9.7333,879.45,223.23,0.00,0.00,0.00,658.46,388.66,-104.38,6.72,104.60,276.05,6.966,0,FIXATION,0.000,0.000,0.003,133.3,saccadic_step
735996.8070,9.7500,879.45,223.23,0.00,0.00,0.00,658.48,390.30,1.59,98.20,98.21,277.01,6.990,0,FIXATION,1.000,0.000,0.003,133.3,saccadic_step
735996.8236,9.7667,879.45,223.23,0.00,0.00,0.00,658.76,389.95,16.41,-21.18,26.79,276.58,6.979,0,FIXATION,1.000,0.000,0.003,133.3,saccadic_step
735996.8403,9.7833,879.45,223.23,0.00,0.00,0.00,659.02,390.33,15.93,23.01,27.99,276.60,6.980,0,FIXATION,1.000,0.000,0.003,133.3,saccadic_step
735996.8570,9.8000,879.45,223.23,0.00,0.00,0.00,659.34,391.32,19.00,59.60,62.55,276.95,6.989,0,FIXATION,1.000,0.000,0.003,133.3,saccadic_step
735996.8736,9.8167,879.45,223.23,0.00,0.00,0.00,659.22,391.23,-7.21,-5.71,9.20,276.99,6.990,0,FIXATION,1.000,-0.000,0.003,133.3,saccadic_step
735996.8903,9.8333,879.45,223.23,0.00,0.00,0.00,658.55,391.15,-40.35,-4.43,40.60,277.48,7.002,0,FIXATION,1.000,-0.000,0.004,133.3,saccadic_step
735996.9070,9.8500,879.45,223.23,0.00,0.00,0.00,658.57,391.27,1.78,7.30,7.51,277.53,7.003,0,FIXATION,1.000,0.000,0.004,133.3,saccadic_step
735996.9236,9.8667,879.45,223.23,0.00,0.00,0.00,658.82,390.88,14.83,-23.73,27.98,277.09,6.992,0,FIXATION,1.000,0.000,0.004,133.3,saccadic_step
735996.9403,9.8833,879.45,223.23,0.00,0.00,0.00,659.33,391.10,30.44,13.50,33.30,276.83,6.986,0,FIXATION,1.000,0.000,0.004,133.3,saccadic_step
735996.9570,9.9000,879.45,223.23,0.00,0.00,0.00,659.30,393.08,-1.51,118.49,118.50,278.05,7.016,0,FIXATION,0.000,0.000,0.004,133.3,saccadic_step
735996.9736,9.9167,879.45,223.23,0.00,0.00,0.00,659.12,393.63,-11.20,33.31,35.14,278.53,7.029,0,FIXATION,1.000,0.000,0.004,133.3,saccadic_step
735996.9903,9.9333,879.45,223.23,0.00,0.00,0.00,657.75,395.20,-82.08,94.16,124.91,280.58,7.080,0,FIXATION,0.000,0.000,0.004,133.3,saccadic_step
735997.0070,9.9500,879.45,223.23,0.00,0.00,0.00,657.07,394.69,-40.63,-30.76,50.96,280.80,7.086,0,FIXATION,1.000,-0.000,0.004,133.3,saccadic_step
735997.0236,9.9667,879.45,223.23,0.00,0.00,0.00,657.01,395.57,-3.57,52.61,52.73,281.38,7.100,0,FIXATION,1.000,0.000,0.004,133.3,saccadic_step
735997.0403,9.9833,879.45,223.23,0.00,0.00,0.00,657.61,398.18,35.73,157.01,161.02,282.52,7.129,0,DRIFT,0.000,0.000,0.004,133.3,saccadic_step
735997.0570,10.0000,879.45,223.23,0.00,0.00,0.00,660.64,397.46,181.82,-43.32,186.91,279.70,7.058,0,DRIFT,0.000,0.000,0.004,133.3,saccadic_step
735997.0736,10.0167,879.45,223.23,0.00,0.00,0.00,660.34,396.68,-17.86,-47.05,50.33,279.45,7.052,0,FIXATION,1.000,-0.000,0.004,133.3,saccadic_step
735997.0903,10.0333,879.45,223.23,0.00,0.00,0.00,661.14,396.60,47.84,-4.55,48.06,278.77,7.035,0,FIXATION,1.000,0.000,0.004,133.3,saccadic_step
735997.1070,10.0500,879.45,223.23,0.00,0.00,0.00,660.41,397.85,-43.64,74.85,86.64,280.12,7.069,0,FIXATION,1.000,0.000,0.004,133.3,saccadic_step
735997.1236,10.0667,879.45,223.23,0.00,0.00,0.00,660.96,396.76,32.70,-65.61,73.31,279.01,7.041,0,FIXATION,1.000,0.000,0.004,133.3,saccadic_step
735997.1403,10.0833,879.45,223.23,0.00,0.00,0.00,662.47,396.31,90.81,-27.05,94.76,277.55,7.004,0,FIXATION,1.000,0.000,0.004,133.3,saccadic_step
735997.1570,10.1000,879.45,223.23,0.00,0.00,0.00,663.87,396.15,84.15,-9.64,84.70,276.35,6.974,0,FIXATION,1.000,0.000,0.004,133.3,saccadic_step
735997.1736,10.1167,879.45,223.23,0.00,0.00,0.00,663.84,396.51,-1.98,21.77,21.86,276.61,6.980,0,FIXATION,1.000,0.000,0.004,133.3,saccadic_step
735997.1903,10.1333,879.45,223.23,0.00,0.00,0.00,664.52,398.40,40.99,113.76,120.92,277.27,6.997,0,FIXATION,0.000,0.000,0.004,133.3,saccadic_step
735997.2070,10.1500,879.45,223.23,0.00,0.00,0.00,664.05,400.14,-28.62,104.34,108.19,278.74,7.034,0,FIXATION,0.000,0.000,0.004,133.3,saccadic_step
735997.2236,10.1667,879.45,223.23,0.00,0.00,0.00,663.21,399.22,-50.40,-55.13,74.70,278.81,7.035,0,FIXATION,1.000,-0.000,0.004,133.3,saccadic_step
735997.2403,10.1833,879.45,223.23,0.00,0.00,0.00,663.64,400.14,25.92,54.98,60.78,279.05,7.042,0,FIXATION,1.000,0.000,0.004,133.3,saccadic_step
735997.2570,10.2000,879.45,223.23,0.00,0.00,0.00,664.27,399.42,38.11,-43.17,57.58,278.10,7.018,0,FIXATION,1.000,0.000,0.004,133.3,saccadic_step
735997.2736,10.2167,879.45,223.23,0.00,0.00,0.00,663.57,402.61,-42.16,191.17,195.76,280.67,7.082,0,DRIFT,0.000,0.000,0.004,133.3,saccadic_step
735997.2903,10.2333,879.45,223.23,0.00,0.00,0.00,663.29,404.01,-16.56,84.12,85.73,281.78,7.110,0,FIXATION,1.000,0.000,0.004,133.3,saccadic_step
735997.3070,10.2500,879.45,223.23,0.00,0.00,0.00,663.08,403.57,-12.60,-26.29,29.15,281.66,7.107,0,FIXATION,1.000,-0.000,0.004,133.3,saccadic_step
735997.3236,10.2667,879.45,223.23,0.00,0.00,0.00,662.74,402.00,-20.62,-94.04,96.27,280.93,7.089,0,FIXATION,1.000,-0.000,0.004,133.3,saccadic_step
735997.3403,10.2833,879.45,223.23,0.00,0.00,0.00,662.74,402.08,-0.01,4.40,4.40,280.97,7.090,0,FIXATION,1.000,0.000,0.004,133.3,saccadic_step
735997.3570,10.3000,879.45,223.23,0.00,0.00,0.00,662.99,403.03,15.12,57.41,59.37,281.39,7.100,0,FIXATION,1.000,0.000,0.004,133.3,saccadic_step
735997.3736,10.3167,879.45,223.23,0.00,0.00,0.00,663.04,402.43,2.72,-36.14,36.25,280.97,7.090,0,FIXATION,1.000,0.000,0.004,133.3,saccadic_step
735997.3903,10.3333,879.45,223.23,0.00,0.00,0.00,663.08,401.78,2.55,-39.26,39.35,280.52,7.079,0,FIXATION,1.000,0.000,0.004,133.3,saccadic_step
735997.4070,10.3500,879.45,223.23,0.00,0.00,0.00,663.02,401.79,-3.91,0.66,3.97,280.58,7.080,0,FIXATION,1.000,0.000,0.005,133.3,saccadic_step
735997.4236,10.3667,879.45,223.23,0.00,0.00,0.00,661.80,402.38,-73.14,35.75,81.41,281.90,7.113,0,FIXATION,1.000,0.000,0.005,133.3,saccadic_step
735997.4403,10.3833,879.45,223.23,0.00,0.00,0.00,662.31,402.22,30.73,-9.54,32.18,281.40,7.101,0,FIXATION,1.000,0.000,0.005,133.3,saccadic_step
735997.4570,10.4000,879.45,223.23,0.00,0.00,0.00,662.53,401.67,13.03,-33.03,35.51,280.88,7.088,0,FIXATION,1.000,0.000,0.005,133.3,saccadic_step
735997.4736,10.4167,879.45,223.23,0.00,0.00,0.00,662.44,402.13,-5.30,27.50,28.00,281.24,7.097,0,FIXATION,1.000,0.000,0.005,133.3,saccadic_step
735997.4903,10.4333,879.45,223.23,0.00,0.00,0.00,666.15,401.95,222.47,-11.00,222.75,278.28,7.022,0,DRIFT,0.000,0.000,0.005,133.3,saccadic_step
735997.5070,10.4500,879.45,223.23,0.00,0.00,0.00,665.72,402.07,-25.40,7.39,26.45,278.68,7.032,0,FIXATION,1.000,0.000,0.005,133.3,saccadic_step
735997.5236,10.4667,879.45,223.23,0.00,0.00,0.00,666.83,403.06,66.37,59.03,88.82,278.47,7.027,0,FIXATION,1.000,0.000,0.005,133.3,saccadic_step
735997.5403,10.4833,879.45,223.23,0.00,0.00,0.00,666.22,406.76,-36.20,222.52,225.45,281.33,7.099,0,DRIFT,0.000,0.000,0.005,133.3,saccadic_step
735997.5570,10.5000,879.45,223.23,0.00,0.00,0.00,666.43,406.79,12.37,1.64,12.48,281.19,7.096,0,FIXATION,1.000,0.000,0.005,133.3,saccadic_step
735997.5736,10.5167,879.45,223.23,0.00,0.00,0.00,665.69,405.81,-44.53,-58.78,73.75,281.12,7.094,0,FIXATION,1.000,-0.000,0.005,133.3,saccadic_step
735997.5903,10.5333,879.45,223.23,0.00,0.00,0.00,665.78,405.94,5.28,7.39,9.08,281.13,7.094,0,FIXATION,1.000,0.000,0.005,133.3,saccadic_step
735997.6070,10.5500,879.45,223.23,0.00,0.00,0.00,667.92,406.66,128.45,43.27,135.54,279.98,7.065,0,FIXATION,0.000,0.000,0.005,133.3,saccadic_step
735997.6236,10.5667,879.45,223.23,0.00,0.00,0.00,668.09,407.89,10.48,74.02,74.76,280.66,7.082,0,FIXATION,1.000,0.000,0.005,133.3,saccadic_step
735997.6403,10.5833,879.45,223.23,0.00,0.00,0.00,667.40,410.30,-41.53,144.79,150.63,282.77,7.135,0,DRIFT,0.000,0.000,0.005,133.3,saccadic_step
735997.6570,10.6000,879.45,223.23,0.00,0.00,0.00,666.67,408.25,-43.50,-122.92,130.39,281.97,7.115,0,FIXATION,0.000,-0.000,0.005,133.3,saccadic_step
735997.6736,10.6167,879.45,223.23,0.00,0.00,0.00,666.17,409.23,-30.29,58.81,66.15,282.99,7.141,0,FIXATION,1.000,0.000,0.005,133.3,saccadic_step
735997.6903,10.6333,879.45,223.23,0.00,0.00,0.00,665.59,413.10,-34.96,231.83,234.46,285.98,7.216,0,DRIFT,0.000,0.000,0.005,133.3,saccadic_step
735997.7070,10.6500,879.45,223.23,0.00,0.00,0.00,667.76,412.38,130.17,-43.40,137.22,283.88,7.163,0,FIXATION,0.000,0.000,0.004,133.3,saccadic_step
735997.7236,10.6667,879.45,223.23,0.00,0.00,0.00,668.50,412.11,44.42,-15.89,47.18,283.15,7.145,0,FIXATION,1.000,0.000,0.005,133.3,saccadic_step
735997.7403,10.6833,879.45,223.23,0.00,0.00,0.00,666.86,411.05,-97.98,-63.83,116.94,283.66,7.158,0,FIXATION,0.000,-0.000,0.004,133.3,saccadic_step
735997.7570,10.7000,879.45,223.23,0.00,0.00,0.00,664.99,410.44,-112.27,-36.16,117.95,284.67,7.183,0,FIXATION,0.000,-0.000,0.004,133.3,saccadic_step
735997.7736,10.7167,879.45,223.23,0.00,0.00,0.00,664.56,411.38,-25.77,55.98,61.62,285.61,7.207,0,FIXATION,1.000,0.000,0.005,133.3,saccadic_step
735997.7903,10.7333,879.45,223.23,0.00,0.00,0.00,664.96,410.95,23.80,-25.60,34.96,285.03,7.192,0,FIXATION,1.000,0.000,0.005,133.3,saccadic_step
735997.8070,10.7500,879.45,223.23,0.00,0.00,0.00,665.41,411.18,26.77,13.57,30.02,284.84,7.187,0,FIXATION,1.000,0.000,0.005,133.3,saccadic_step
735997.8236,10.7667,879.45,223.23,0.00,0.00,0.00,666.23,411.62,49.34,26.54,56.03,284.52,7.179,0,FIXATION,1.000,0.000,0.005,133.3,saccadic_step
735997.8403,10.7833,879.45,223.23,0.00,0.00,0.00,667.02,411.62,47.66,0.13,47.67,283.93,7.164,0,FIXATION,1.000,0.000,0.005,133.3,saccadic_step
735997.8570,10.8000,879.45,223.23,0.00,0.00,0.00,669.63,412.32,156.29,41.86,161.80,282.45,7.127,0,DRIFT,0.000,0.000,0.005,133.3,saccadic_step
735997.8736,10.8167,879.45,223.23,0.00,0.00,0.00,670.61,412.10,59.14,-13.28,60.61,281.57,7.105,0,FIXATION,1.000,0.000,0.005,133.3,saccadic_step
735997.8903,10.8333,879.45,223.23,0.00,0.00,0.00,669.84,413.37,-46.50,76.44,89.48,283.00,7.141,0,FIXATION,1.000,0.000,0.008,133.3,saccadic_step
735997.9070,10.8500,879.45,223.23,0.00,0.00,0.00,671.50,415.28,99.62,114.49,151.76,283.06,7.143,0,DRIFT,0.000,0.000,0.011,133.3,saccadic_step
735997.9236,10.8667,879.45,223.23,0.00,0.00,0.00,671.88,415.73,22.90,26.77,35.23,283.09,7.143,0,FIXATION,1.000,0.000,0.012,133.3,saccadic_step
735997.9403,10.8833,879.45,223.23,0.00,0.00,0.00,673.20,414.88,79.31,-50.51,94.03,281.54,7.104,0,FIXATION,1.000,0.000,0.013,133.3,saccadic_step
735997.9570,10.9000,879.45,223.23,0.00,0.00,0.00,672.18,414.00,-61.19,-53.01,80.96,281.69,7.108,0,FIXATION,1.000,-0.000,0.013,133.3,saccadic_step
735997.9736,10.9167,879.45,223.23,0.00,0.00,0.00,677.75,413.86,334.02,-8.51,334.13,277.52,7.003,0,DRIFT,0.000,0.000,0.013,133.3,saccadic_step
735997.9903,10.9333,879.45,223.23,0.00,0.00,0.00,674.56,413.14,-191.28,-43.16,196.09,279.36,7.049,0,DRIFT,0.000,-0.000,0.013,133.3,saccadic_step
735998.0070,10.9500,879.45,223.23,0.00,0.00,0.00,675.46,412.72,54.11,-25.35,59.75,278.41,7.026,0,FIXATION,1.000,0.000,0.014,133.3,saccadic_step
735998.0236,10.9667,879.45,223.23,0.00,0.00,0.00,674.65,412.92,-48.62,11.92,50.06,279.14,7.044,0,FIXATION,1.000,0.000,0.020,133.3,saccadic_step
735998.0403,10.9833,879.45,223.23,0.00,0.00,0.00,674.21,411.83,-26.68,-65.13,70.38,278.73,7.034,0,FIXATION,1.000,-0.000,0.042,133.3,saccadic_step
735998.0570,11.0000,879.45,223.23,0.00,0.00,0.00,672.83,412.22,-82.91,23.30,86.12,280.01,7.066,0,FIXATION,1.000,0.000,0.051,133.3,saccadic_step
735998.0736,11.0167,879.45,223.23,0.00,0.00,0.00,672.19,411.71,-38.07,-30.21,48.60,280.14,7.069,0,FIXATION,1.000,-0.000,0.059,133.3,saccadic_step
735998.0903,11.0333,879.45,223.23,0.00,0.00,0.00,672.78,412.25,35.43,31.93,47.70,280.06,7.067,0,FIXATION,1.000,0.000,0.062,133.3,saccadic_step
735998.1070,11.0500,879.45,223.23,0.00,0.00,0.00,742.43,351.34,4178.72,-3654.20,5551.11,187.58,4.737,0,SACCADE,0.000,0.000,0.012,133.3,saccadic_step
735998.1236,11.0667,879.45,223.23,0.00,0.00,0.00,803.52,293.51,3665.65,-3469.80,5047.42,103.46,2.614,0,SACCADE,0.000,0.000,0.004,133.3,saccadic_step
735998.1403,11.0833,879.45,223.23,0.00,0.00,0.00,849.93,261.64,2784.23,-1912.49,3377.80,48.44,1.224,0,SACCADE,0.000,0.000,0.002,133.3,saccadic_step
735998.1570,11.1000,879.45,223.23,0.00,0.00,0.00,851.49,251.43,93.85,-612.26,619.41,39.71,1.003,1,DRIFT,0.000,0.000,0.001,133.3,saccadic_step
735998.1736,11.1167,879.45,223.23,0.00,0.00,0.00,856.77,245.01,317.01,-385.64,499.21,31.44,0.794,1,DRIFT,0.000,0.000,0.001,133.3,saccadic_step
735998.1903,11.1333,879.45,223.23,0.00,0.00,0.00,851.27,247.37,-330.46,141.70,359.56,37.10,0.937,1,DRIFT,0.000,0.000,0.001,133.3,saccadic_step
735998.2070,11.1500,879.45,223.23,0.00,0.00,0.00,858.57,241.16,438.31,-372.41,575.16,27.52,0.695,1,DRIFT,0.000,0.000,0.000,133.3,saccadic_step
735998.2236,11.1667,879.45,223.23,0.00,0.00,0.00,867.40,233.19,529.55,-478.14,713.47,15.63,0.395,1,SACCADE,0.000,0.000,-0.000,133.3,saccadic_step
735998.2403,11.1833,879.45,223.23,0.00,0.00,0.00,868.35,233.70,57.08,30.38,64.66,15.26,0.385,1,FIXATION,1.000,0.000,-0.000,133.3,saccadic_step
735998.2570,11.2000,879.45,223.23,0.00,0.00,0.00,877.44,231.18,545.53,-151.31,566.13,8.19,0.207,1,DRIFT,0.000,0.000,-0.000,133.3,saccadic_step
735998.2736,11.2167,879.45,223.23,0.00,0.00,0.00,869.51,228.50,-476.12,-160.85,502.55,11.25,0.284,1,DRIFT,0.000,-0.000,-0.001,133.3,saccadic_step
735998.2903,11.2333,879.45,223.23,0.00,0.00,0.00,863.98,226.45,-331.27,-122.63,353.24,15.79,0.399,1,DRIFT,0.000,-0.000,-0.001,133.3,saccadic_step
735998.3070,11.2500,879.45,223.23,0.00,0.00,0.00,865.32,230.51,80.35,243.39,256.31,15.89,0.401,1,DRIFT,0.000,0.000,-0.001,133.3,saccadic_step
735998.3236,11.2667,879.45,223.23,0.00,0.00,0.00,863.54,222.16,-106.83,-501.14,512.40,15.94,0.403,1,DRIFT,0.000,-0.000,-0.001,133.3,saccadic_step
735998.3403,11.2833,879.45,223.23,0.00,0.00,0.00,868.05,224.42,270.71,135.67,302.80,11.45,0.289,1,DRIFT,0.000,0.000,-0.001,133.3,saccadic_step
735998.3570,11.3000,879.45,223.23,0.00,0.00,0.00,872.08,224.74,241.28,19.30,242.05,7.52,0.190,1,DRIFT,0.000,0.000,-0.002,133.3,saccadic_step
735998.3736,11.3167,879.45,223.23,0.00,0.00,0.00,880.11,225.15,482.23,24.82,482.87,2.03,0.051,1,DRIFT,0.000,0.000,-0.002,133.3,saccadic_step
735998.3903,11.3333,879.45,223.23,0.00,0.00,0.00,879.64,227.76,-28.47,156.15,158.73,4.53,0.114,1,DRIFT,0.000,0.000,-0.002,133.3,saccadic_step
735998.4070,11.3500,879.45,223.23,0.00,0.00,0.00,874.29,225.20,-320.65,-153.29,355.41,5.52,0.139,1,DRIFT,0.000,-0.000,-0.002,133.3,saccadic_step
735998.4236,11.3667,879.45,223.23,0.00,0.00,0.00,876.16,226.15,111.93,56.67,125.46,4.39,0.111,1,FIXATION,0.000,0.000,-0.002,133.3,saccadic_step
735998.4403,11.3833,879.45,223.23,0.00,0.00,0.00,878.93,224.96,166.00,-71.16,180.61,1.80,0.046,1,DRIFT,0.000,0.000,-0.002,133.3,saccadic_step
735998.4570,11.4000,879.45,223.23,0.00,0.00,0.00,876.63,222.32,-137.63,-158.59,209.98,2.96,0.075,1,DRIFT,0.000,-0.000,-0.002,133.3,saccadic_step
735998.4736,11.4167,879.45,223.23,0.00,0.00,0.00,877.51,218.76,52.81,-213.29,219.73,4.87,0.123,1,DRIFT,0.000,0.000,-0.002,133.3,saccadic_step
735998.4903,11.4333,879.45,223.23,0.00,0.00,0.00,874.41,216.03,-185.95,-164.03,247.96,8.79,0.222,1,DRIFT,0.000,-0.000,-0.002,133.3,saccadic_step
735998.5070,11.4500,879.45,223.23,0.00,0.00,0.00,876.66,222.03,134.58,360.17,384.49,3.04,0.077,1,DRIFT,0.000,0.000,-0.003,133.3,saccadic_step
735998.5236,11.4667,879.45,223.23,0.00,0.00,0.00,881.29,222.42,277.98,23.43,278.96,2.01,0.051,1,DRIFT,0.000,0.000,-0.003,133.3,saccadic_step
735998.5403,11.4833,879.45,223.23,0.00,0.00,0.00,882.02,221.56,43.90,-51.47,67.65,3.07,0.078,1,FIXATION,1.000,0.000,-0.003,133.3,saccadic_step
735998.5570,11.5000,879.45,223.23,0.00,0.00,0.00,879.66,220.29,-141.61,-76.26,160.84,2.95,0.074,1,DRIFT,0.000,-0.000,-0.003,133.3,saccadic_step
735998.5736,11.5167,879.45,223.23,0.00,0.00,0.00,878.51,221.40,-69.10,66.34,95.79,2.06,0.052,1,FIXATION,1.000,0.000,-0.003,133.3,saccadic_step
735998.5903,11.5333,879.45,223.23,0.00,0.00,0.00,881.21,222.62,162.24,73.44,178.09,1.87,0.047,1,DRIFT,0.000,0.000,-0.003,133.3,saccadic_step
735998.6070,11.5500,879.45,223.23,0.00,0.00,0.00,880.53,222.95,-40.81,19.80,45.36,1.12,0.028,1,FIXATION,1.000,0.000,-0.003,133.3,saccadic_step
735998.6236,11.5667,879.45,223.23,0.00,0.00,0.00,880.01,220.65,-31.25,-138.08,141.57,2.64,0.067,1,FIXATION,0.000,-0.000,-0.003,133.3,saccadic_step
735998.6403,11.5833,879.45,223.23,0.00,0.00,0.00,878.85,222.32,-69.73,99.95,121.87,1.09,0.028,1,FIXATION,0.000,0.000,-0.003,133.3,saccadic_step
735998.6570,11.6000,879.45,223.23,0.00,0.00,0.00,880.92,222.22,124.14,-5.62,124.27,1.79,0.045,1,FIXATION,0.000,0.000,-0.003,133.3,saccadic_step
735998.6736,11.6167,879.45,223.23,0.00,0.00,0.00,879.09,219.42,-109.54,-168.20,200.72,3.83,0.097,1,DRIFT,0.000,-0.000,-0.003,133.3,saccadic_step
735998.6903,11.6333,879.45,223.23,0.00,0.00,0.00,879.68,221.08,35.20,99.66,105.69,2.16,0.055,1,FIXATION,0.000,0.000,-0.003,133.3,saccadic_step
735998.7070,11.6500,879.45,223.23,0.00,0.00,0.00,879.09,221.05,-35.50,-1.76,35.54,2.21,0.056,1,FIXATION,1.000,-0.000,-0.003,133.3,saccadic_step
735998.7236,11.6667,879.45,223.23,0.00,0.00,0.00,879.77,217.05,41.16,-239.85,243.36,6.19,0.156,1,DRIFT,0.000,0.000,-0.003,133.3,saccadic_step
735998.7403,11.6833,879.45,223.23,0.00,0.00,0.00,879.87,217.94,5.71,53.37,53.68,5.31,0.134,1,FIXATION,1.000,0.000,-0.003,133.3,saccadic_step
735998.7570,11.7000,879.45,223.23,0.00,0.00,0.00,879.52,218.93,-21.21,59.24,62.92,4.30,0.109,1,FIXATION,1.000,0.000,-0.003,133.3,saccadic_step
735998.7736,11.7167,879.45,223.23,0.00,0.00,0.00,879.07,219.26,-26.71,19.85,33.28,3.99,0.101,1,FIXATION,1.000,0.000,-0.003,133.3,saccadic_step
735998.7903,11.7333,879.45,223.23,0.00,0.00,0.00,879.24,219.97,10.05,42.45,43.62,3.27,0.083,1,FIXATION,1.000,0.000,-0.003,133.3,saccadic_step
735998.8070,11.7500,879.45,223.23,0.00,0.00,0.00,879.23,221.12,-0.74,69.04,69.04,2.12,0.054,1,FIXATION,1.000,0.000,-0.003,133.3,saccadic_step
735998.8236,11.7667,879.45,223.23,0.00,0.00,0.00,878.57,221.80,-39.46,41.12,56.99,1.68,0.042,1,FIXATION,1.000,0.000,-0.003,133.3,saccadic_step
735998.8403,11.7833,879.45,223.23,0.00,0.00,0.00,877.80,223.28,-45.85,88.56,99.72,1.64,0.041,1,FIXATION,1.000,0.000,-0.003,133.3,saccadic_step
735998.8570,11.8000,879.45,223.23,0.00,0.00,0.00,877.39,223.52,-24.84,14.65,28.84,2.08,0.052,1,FIXATION,1.000,0.000,-0.003,133.3,saccadic_step
735998.8736,11.8167,879.45,223.23,0.00,0.00,0.00,877.64,225.14,14.85,97.19,98.32,2.63,0.067,1,FIXATION,1.000,0.000,-0.003,133.3,saccadic_step
735998.8903,11.8333,879.45,223.23,0.00,0.00,0.00,878.10,224.23,27.98,-54.83,61.56,1.67,0.042,1,FIXATION,1.000,0.000,-0.003,133.3,saccadic_step
735998.9070,11.8500,879.45,223.23,0.00,0.00,0.00,877.31,223.74,-47.37,-29.50,55.80,2.19,0.055,1,FIXATION,1.000,-0.000,-0.003,133.3,saccadic_step
735998.9236,11.8667,879.45,223.23,0.00,0.00,0.00,875.14,223.56,-130.64,-10.53,131.07,4.32,0.109,1,FIXATION,0.000,-0.000,-0.003,133.3,saccadic_step
735998.9403,11.8833,879.45,223.23,0.00,0.00,0.00,875.57,226.07,26.15,150.59,152.84,4.80,0.121,1,DRIFT,0.000,0.000,-0.003,133.3,saccadic_step
735998.9570,11.9000,879.45,223.23,0.00,0.00,0.00,875.07,224.69,-30.23,-82.76,88.11,4.61,0.117,1,FIXATION,1.000,-0.000,-0.003,133.3,saccadic_step
735998.9736,11.9167,879.45,223.23,0.00,0.00,0.00,875.89,223.55,49.31,-68.61,84.49,3.57,0.090,1,FIXATION,1.000,0.000,-0.003,133.3,saccadic_step
735998.9903,11.9333,879.45,223.23,0.00,0.00,0.00,875.90,222.78,0.34,-46.44,46.45,3.58,0.090,1,FIXATION,1.000,0.000,-0.003,133.3,saccadic_step
735999.0070,11.9500,879.45,223.23,0.00,0.00,0.00,877.43,222.77,91.80,-0.41,91.80,2.07,0.052,1,FIXATION,1.000,0.000,-0.003,133.3,saccadic_step
735999.0236,11.9667,879.45,223.23,0.00,0.00,0.00,877.10,222.78,-19.49,0.55,19.50,2.39,0.060,1,FIXATION,1.000,0.000,-0.003,133.3,saccadic_step
735999.0403,11.9833,879.45,223.23,0.00,0.00,0.00,876.51,222.73,-35.36,-2.82,35.47,2.98,0.075,1,FIXATION,1.000,-0.000,-0.003,133.3,saccadic_step
